2026-04-17 00:08:28,188 - INFO - ACTION=AUTH_FAIL USER=ANONYMOUS
2026-04-17 00:08:28,497 - INFO - ACTION=AUTH_FAIL USER=ANONYMOUS
2026-04-17 00:08:28,746 - INFO - ACTION=AUTH_FAIL USER=ANONYMOUS
2026-04-17 00:08:28,994 - INFO - ACTION=AUTH_FAIL USER=ANONYMOUS
2026-04-17 00:08:29,242 - INFO - ACTION=AUTH_FAIL USER=ANONYMOUS
2026-04-17 00:08:29,490 - INFO - ACTION=AUTH_FAIL USER=ANONYMOUS
2026-04-17 00:08:29,748 - INFO - ACTION=AUTH_FAIL USER=ANONYMOUS
2026-04-17 00:08:30,007 - INFO - ACTION=AUTH_FAIL USER=ANONYMOUS
2026-04-17 00:08:30,251 - INFO - ACTION=AUTH_FAIL USER=ANONYMOUS
2026-04-17 00:08:30,492 - INFO - ACTION=AUTH_FAIL USER=ANONYMOUS
2026-04-17 00:08:30,733 - INFO - ACTION=AUTH_FAIL USER=ANONYMOUS
2026-04-17 00:08:30,983 - INFO - ACTION=AUTH_FAIL USER=ANONYMOUS
2026-04-17 00:08:31,231 - INFO - ACTION=AUTH_FAIL USER=ANONYMOUS
2026-04-17 00:08:31,501 - INFO - ACTION=AUTH_FAIL USER=ANONYMOUS
2026-04-17 00:08:31,751 - INFO - ACTION=AUTH_FAIL USER=ANONYMOUS
2026-04-17 00:08:31,999 - INFO - ACTION=AUTH_FAIL USER=ANONYMOUS
2026-04-17 00:08:32,249 - INFO - ACTION=AUTH_FAIL USER=ANONYMOUS
2026-04-17 00:08:32,528 - INFO - ACTION=AUTH_FAIL USER=ANONYMOUS
2026-04-17 00:08:32,850 - INFO - ACTION=AUTH_FAIL USER=ANONYMOUS
2026-04-17 00:08:33,163 - INFO - ACTION=AUTH_FAIL USER=ANONYMOUS
2026-04-17 00:08:33,415 - INFO - ACTION=AUTH_FAIL USER=ANONYMOUS
2026-04-17 00:08:33,664 - INFO - ACTION=AUTH_FAIL USER=ANONYMOUS
2026-04-17 00:08:33,915 - INFO - ACTION=AUTH_FAIL USER=ANONYMOUS
2026-04-17 00:08:34,176 - INFO - ACTION=AUTH_FAIL USER=ANONYMOUS
2026-04-17 00:08:34,434 - INFO - ACTION=AUTH_FAIL USER=ANONYMOUS
2026-04-17 00:08:34,683 - INFO - ACTION=AUTH_FAIL USER=ANONYMOUS
2026-04-17 00:08:34,968 - INFO - ACTION=AUTH_FAIL USER=ANONYMOUS
2026-04-17 00:08:35,234 - INFO - ACTION=AUTH_FAIL USER=ANONYMOUS
2026-04-17 00:08:35,490 - INFO - ACTION=AUTH_FAIL USER=ANONYMOUS
2026-04-17 00:08:35,734 - INFO - ACTION=AUTH_FAIL USER=ANONYMOUS
2026-04-17 00:08:35,981 - INFO - ACTION=AUTH_FAIL USER=ANONYMOUS
2026-04-17 00:08:36,226 - INFO - ACTION=AUTH_FAIL USER=ANONYMOUS
2026-04-17 00:08:36,472 - INFO - ACTION=AUTH_FAIL USER=ANONYMOUS
2026-04-17 00:08:36,712 - INFO - ACTION=AUTH_FAIL USER=ANONYMOUS
2026-04-17 00:08:36,958 - INFO - ACTION=AUTH_FAIL USER=ANONYMOUS
2026-04-17 00:08:37,201 - INFO - ACTION=AUTH_FAIL USER=ANONYMOUS
2026-04-17 00:08:37,450 - INFO - ACTION=AUTH_FAIL USER=ANONYMOUS
2026-04-17 00:08:37,696 - INFO - ACTION=AUTH_FAIL USER=ANONYMOUS
2026-04-17 00:08:37,941 - INFO - ACTION=AUTH_FAIL USER=ANONYMOUS
2026-04-17 00:08:38,187 - INFO - ACTION=AUTH_FAIL USER=ANONYMOUS
2026-04-17 00:08:38,429 - INFO - ACTION=AUTH_FAIL USER=ANONYMOUS
2026-04-17 00:08:38,675 - INFO - ACTION=AUTH_FAIL USER=ANONYMOUS
2026-04-17 00:08:38,922 - INFO - ACTION=AUTH_FAIL USER=ANONYMOUS
2026-04-17 00:08:39,166 - INFO - ACTION=AUTH_FAIL USER=ANONYMOUS
2026-04-17 00:08:39,414 - INFO - ACTION=AUTH_FAIL USER=ANONYMOUS
2026-04-17 00:08:39,663 - INFO - ACTION=AUTH_FAIL USER=ANONYMOUS
2026-04-17 00:08:39,910 - INFO - ACTION=AUTH_FAIL USER=ANONYMOUS
2026-04-17 00:08:40,160 - INFO - ACTION=AUTH_FAIL USER=ANONYMOUS
2026-04-17 00:08:40,414 - INFO - ACTION=AUTH_FAIL USER=ANONYMOUS
2026-04-17 00:08:40,657 - INFO - ACTION=AUTH_FAIL USER=ANONYMOUS
2026-04-17 00:08:40,904 - INFO - ACTION=AUTH_FAIL USER=ANONYMOUS
2026-04-17 00:08:41,149 - INFO - ACTION=AUTH_FAIL USER=ANONYMOUS
2026-04-17 00:08:41,392 - INFO - ACTION=AUTH_FAIL USER=ANONYMOUS
2026-04-17 00:08:41,650 - INFO - ACTION=ENROLL_SUCCESS USER=Nader
2026-04-17 00:08:41,927 - INFO - ACTION=AUTH_SUCCESS USER=Nader
2026-04-17 00:08:42,197 - INFO - ACTION=AUTH_SUCCESS USER=Nader
2026-04-17 00:08:42,452 - INFO - ACTION=AUTH_SUCCESS USER=Nader
2026-04-17 00:08:42,697 - INFO - ACTION=AUTH_SUCCESS USER=Nader
2026-04-17 00:08:42,944 - INFO - ACTION=AUTH_SUCCESS USER=Nader
2026-04-17 00:08:43,205 - INFO - ACTION=AUTH_SUCCESS USER=Nader
2026-04-17 00:08:43,450 - INFO - ACTION=AUTH_SUCCESS USER=Nader
2026-04-17 00:08:43,693 - INFO - ACTION=AUTH_SUCCESS USER=Nader
2026-04-17 00:08:43,944 - INFO - ACTION=AUTH_SUCCESS USER=Nader
2026-04-17 00:08:44,220 - INFO - ACTION=AUTH_SUCCESS USER=Nader
2026-04-17 00:08:44,462 - INFO - ACTION=AUTH_SUCCESS USER=Nader
2026-04-17 00:08:44,701 - INFO - ACTION=AUTH_SUCCESS USER=Nader
2026-04-17 00:08:44,945 - INFO - ACTION=AUTH_SUCCESS USER=Nader
2026-04-17 00:08:45,191 - INFO - ACTION=AUTH_SUCCESS USER=Nader
2026-04-17 00:08:45,439 - INFO - ACTION=AUTH_SUCCESS USER=Nader
2026-04-17 00:08:45,689 - INFO - ACTION=AUTH_SUCCESS USER=Nader
2026-04-17 00:08:45,938 - INFO - ACTION=AUTH_SUCCESS USER=Nader
2026-04-17 00:08:46,211 - INFO - ACTION=AUTH_SUCCESS USER=Nader
2026-04-17 00:08:46,453 - INFO - ACTION=AUTH_SUCCESS USER=Nader
2026-04-17 00:08:46,706 - INFO - ACTION=AUTH_SUCCESS USER=Nader
2026-04-17 00:08:46,959 - INFO - ACTION=AUTH_SUCCESS USER=Nader
2026-04-17 00:08:47,221 - INFO - ACTION=AUTH_SUCCESS USER=Nader
2026-04-17 00:08:47,474 - INFO - ACTION=AUTH_SUCCESS USER=Nader
2026-04-17 00:08:47,716 - INFO - ACTION=AUTH_SUCCESS USER=Nader
2026-04-17 00:08:47,974 - INFO - ACTION=AUTH_SUCCESS USER=Nader
2026-04-17 00:08:48,235 - INFO - ACTION=AUTH_SUCCESS USER=Nader
2026-04-17 00:08:48,495 - INFO - ACTION=AUTH_SUCCESS USER=Nader
2026-04-17 00:08:48,748 - INFO - ACTION=AUTH_SUCCESS USER=Nader
2026-04-17 00:08:49,008 - INFO - ACTION=AUTH_SUCCESS USER=Nader
2026-04-17 00:08:49,278 - INFO - ACTION=AUTH_SUCCESS USER=Nader
2026-04-17 00:08:49,528 - INFO - ACTION=AUTH_SUCCESS USER=Nader
2026-04-17 00:08:49,786 - INFO - ACTION=AUTH_SUCCESS USER=Nader
2026-04-17 00:08:50,038 - INFO - ACTION=AUTH_SUCCESS USER=Nader
2026-04-17 00:08:50,292 - INFO - ACTION=AUTH_SUCCESS USER=Nader
2026-04-17 00:08:50,545 - INFO - ACTION=AUTH_SUCCESS USER=Nader
2026-04-17 00:08:50,806 - INFO - ACTION=AUTH_SUCCESS USER=Nader
2026-04-17 00:08:51,058 - INFO - ACTION=AUTH_SUCCESS USER=Nader
2026-04-17 00:08:51,306 - INFO - ACTION=AUTH_SUCCESS USER=Nader
2026-04-17 00:08:51,566 - INFO - ACTION=AUTH_SUCCESS USER=Nader
2026-04-17 00:08:51,812 - INFO - ACTION=AUTH_SUCCESS USER=Nader
2026-04-17 00:08:52,170 - INFO - ACTION=AUTH_SUCCESS USER=Nader
2026-04-17 00:08:52,422 - INFO - ACTION=AUTH_SUCCESS USER=Nader
2026-04-17 00:08:52,676 - INFO - ACTION=AUTH_SUCCESS USER=Nader
2026-04-17 00:08:52,928 - INFO - ACTION=AUTH_SUCCESS USER=Nader
2026-04-17 00:08:53,185 - INFO - ACTION=AUTH_SUCCESS USER=Nader
2026-04-17 00:08:53,436 - INFO - ACTION=AUTH_SUCCESS USER=Nader
2026-04-17 00:08:53,694 - INFO - ACTION=AUTH_SUCCESS USER=Nader
2026-04-17 00:08:53,964 - INFO - ACTION=AUTH_SUCCESS USER=Nader
2026-04-17 00:08:54,231 - INFO - ACTION=AUTH_SUCCESS USER=Nader
2026-04-17 00:08:54,484 - INFO - ACTION=AUTH_SUCCESS USER=Nader
2026-04-17 00:08:54,831 - INFO - ACTION=AUTH_SUCCESS USER=Nader
2026-04-17 00:08:55,085 - INFO - ACTION=AUTH_SUCCESS USER=Nader
2026-04-17 00:08:55,347 - INFO - ACTION=AUTH_SUCCESS USER=Nader
2026-04-17 00:08:55,607 - INFO - ACTION=AUTH_SUCCESS USER=Nader
2026-04-17 00:08:55,879 - INFO - ACTION=AUTH_SUCCESS USER=Nader
2026-04-17 00:08:56,134 - INFO - ACTION=AUTH_SUCCESS USER=Nader
2026-04-17 00:08:56,376 - INFO - ACTION=AUTH_SUCCESS USER=Nader
2026-04-17 00:08:56,620 - INFO - ACTION=AUTH_SUCCESS USER=Nader
2026-04-17 00:08:56,866 - INFO - ACTION=AUTH_SUCCESS USER=Nader
2026-04-17 00:11:59,234 - INFO - ACTION=AUTH_SUCCESS USER=Nader
2026-04-17 00:11:59,569 - INFO - ACTION=AUTH_SUCCESS USER=Nader
2026-04-17 00:11:59,839 - INFO - ACTION=AUTH_SUCCESS USER=Nader
2026-04-17 00:12:00,094 - INFO - ACTION=AUTH_SUCCESS USER=Nader
2026-04-17 00:12:00,348 - INFO - ACTION=AUTH_SUCCESS USER=Nader
2026-04-17 00:12:00,595 - INFO - ACTION=AUTH_SUCCESS USER=Nader
2026-04-17 00:12:00,850 - INFO - ACTION=AUTH_SUCCESS USER=Nader
2026-04-17 00:12:01,098 - INFO - ACTION=AUTH_SUCCESS USER=Nader
2026-04-17 00:12:01,340 - INFO - ACTION=AUTH_SUCCESS USER=Nader
2026-04-17 00:12:01,584 - INFO - ACTION=AUTH_SUCCESS USER=Nader
2026-04-17 00:12:01,833 - INFO - ACTION=AUTH_SUCCESS USER=Nader
2026-04-17 00:12:02,082 - INFO - ACTION=AUTH_SUCCESS USER=Nader
2026-04-17 00:12:02,326 - INFO - ACTION=AUTH_SUCCESS USER=Nader
2026-04-17 00:12:02,566 - INFO - ACTION=AUTH_SUCCESS USER=Nader
2026-04-17 00:12:02,866 - INFO - ACTION=AUTH_SUCCESS USER=Nader
2026-04-17 00:12:03,119 - INFO - ACTION=AUTH_SUCCESS USER=Nader
2026-04-17 00:12:03,361 - INFO - ACTION=AUTH_SUCCESS USER=Nader
2026-04-17 00:12:03,609 - INFO - ACTION=AUTH_SUCCESS USER=Nader
2026-04-17 00:12:03,855 - INFO - ACTION=AUTH_SUCCESS USER=Nader
2026-04-17 00:12:04,103 - INFO - ACTION=AUTH_SUCCESS USER=Nader
2026-04-17 00:12:04,357 - INFO - ACTION=AUTH_SUCCESS USER=Nader
2026-04-17 00:12:04,615 - INFO - ACTION=AUTH_SUCCESS USER=Nader
2026-04-17 00:12:04,894 - INFO - ACTION=AUTH_SUCCESS USER=Nader
2026-04-17 00:12:05,143 - INFO - ACTION=AUTH_SUCCESS USER=Nader
2026-04-17 00:12:05,387 - INFO - ACTION=AUTH_SUCCESS USER=Nader
2026-04-17 00:12:05,643 - INFO - ACTION=AUTH_SUCCESS USER=Nader
2026-04-17 00:12:05,892 - INFO - ACTION=AUTH_SUCCESS USER=Nader
2026-04-17 00:12:06,187 - INFO - ACTION=AUTH_SUCCESS USER=Nader
2026-04-17 00:12:06,453 - INFO - ACTION=AUTH_SUCCESS USER=Nader
2026-04-17 00:12:06,703 - INFO - ACTION=AUTH_SUCCESS USER=Nader
2026-04-17 00:12:06,951 - INFO - ACTION=AUTH_SUCCESS USER=Nader
2026-04-17 00:12:07,209 - INFO - ACTION=AUTH_SUCCESS USER=Nader
2026-04-17 00:12:07,462 - INFO - ACTION=AUTH_SUCCESS USER=Nader
2026-04-17 00:12:07,711 - INFO - ACTION=AUTH_SUCCESS USER=Nader
2026-04-17 00:12:07,961 - INFO - ACTION=AUTH_SUCCESS USER=Nader
2026-04-17 00:12:08,226 - INFO - ACTION=AUTH_SUCCESS USER=Nader
2026-04-17 00:12:08,478 - INFO - ACTION=AUTH_SUCCESS USER=Nader
2026-04-17 00:12:08,730 - INFO - ACTION=AUTH_SUCCESS USER=Nader
2026-04-17 00:12:08,994 - INFO - ACTION=AUTH_SUCCESS USER=Nader
2026-04-17 00:12:09,244 - INFO - ACTION=AUTH_SUCCESS USER=Nader
2026-04-17 00:12:09,493 - INFO - ACTION=AUTH_SUCCESS USER=Nader
2026-04-17 00:12:09,735 - INFO - ACTION=AUTH_SUCCESS USER=Nader
2026-04-17 00:12:09,978 - INFO - ACTION=AUTH_SUCCESS USER=Nader
2026-04-17 00:12:10,230 - INFO - ACTION=AUTH_SUCCESS USER=Nader
2026-04-17 00:12:10,474 - INFO - ACTION=AUTH_SUCCESS USER=Nader
2026-04-17 00:12:10,718 - INFO - ACTION=AUTH_SUCCESS USER=Nader
2026-04-17 00:12:10,962 - INFO - ACTION=AUTH_SUCCESS USER=Nader
2026-04-17 00:12:11,215 - INFO - ACTION=AUTH_SUCCESS USER=Nader
2026-04-17 00:12:11,475 - INFO - ACTION=AUTH_SUCCESS USER=Nader
2026-04-17 00:12:11,717 - INFO - ACTION=AUTH_SUCCESS USER=Nader
2026-04-17 00:12:11,960 - INFO - ACTION=AUTH_SUCCESS USER=Nader
2026-04-17 00:12:12,211 - INFO - ACTION=AUTH_SUCCESS USER=Nader
2026-04-17 00:12:12,455 - INFO - ACTION=AUTH_SUCCESS USER=Nader
2026-04-17 00:12:12,696 - INFO - ACTION=AUTH_SUCCESS USER=Nader
2026-04-17 00:12:12,939 - INFO - ACTION=AUTH_SUCCESS USER=Nader
2026-04-17 00:12:12,954 - INFO - ACTION=DELETE_SUCCESS USER=Nader
2026-04-17 00:12:13,218 - INFO - ACTION=AUTH_FAIL USER=ANONYMOUS
2026-04-17 00:12:13,464 - INFO - ACTION=AUTH_FAIL USER=ANONYMOUS
2026-04-17 00:12:13,704 - INFO - ACTION=AUTH_FAIL USER=ANONYMOUS
2026-04-17 00:12:13,947 - INFO - ACTION=AUTH_FAIL USER=ANONYMOUS
2026-04-17 00:12:14,189 - INFO - ACTION=AUTH_FAIL USER=ANONYMOUS
2026-04-17 00:12:14,433 - INFO - ACTION=AUTH_FAIL USER=ANONYMOUS
2026-04-17 00:12:14,676 - INFO - ACTION=AUTH_FAIL USER=ANONYMOUS
2026-04-17 00:12:14,924 - INFO - ACTION=AUTH_FAIL USER=ANONYMOUS
2026-04-17 00:12:15,165 - INFO - ACTION=AUTH_FAIL USER=ANONYMOUS
2026-04-17 00:12:15,410 - INFO - ACTION=AUTH_FAIL USER=ANONYMOUS
2026-04-17 00:12:15,669 - INFO - ACTION=AUTH_FAIL USER=ANONYMOUS
2026-04-17 00:12:15,910 - INFO - ACTION=AUTH_FAIL USER=ANONYMOUS
2026-04-17 00:12:16,160 - INFO - ACTION=AUTH_FAIL USER=ANONYMOUS
2026-04-17 00:12:16,406 - INFO - ACTION=AUTH_FAIL USER=ANONYMOUS
2026-04-17 00:12:16,647 - INFO - ACTION=AUTH_FAIL USER=ANONYMOUS
2026-04-17 00:12:16,889 - INFO - ACTION=AUTH_FAIL USER=ANONYMOUS
2026-04-17 00:12:17,135 - INFO - ACTION=AUTH_FAIL USER=ANONYMOUS
2026-04-17 00:12:17,377 - INFO - ACTION=AUTH_FAIL USER=ANONYMOUS
2026-04-17 00:12:17,622 - INFO - ACTION=AUTH_FAIL USER=ANONYMOUS
2026-04-17 00:12:17,880 - INFO - ACTION=ENROLL_SUCCESS USER=Nader
2026-04-17 00:12:18,146 - INFO - ACTION=AUTH_SUCCESS USER=Nader
2026-04-17 00:12:18,400 - INFO - ACTION=AUTH_SUCCESS USER=Nader
2026-04-17 00:12:18,643 - INFO - ACTION=AUTH_SUCCESS USER=Nader
2026-04-17 00:12:18,886 - INFO - ACTION=AUTH_SUCCESS USER=Nader
2026-04-17 00:12:19,130 - INFO - ACTION=AUTH_SUCCESS USER=Nader
2026-04-17 00:12:19,406 - INFO - ACTION=AUTH_SUCCESS USER=Nader
2026-04-17 00:12:19,650 - INFO - ACTION=AUTH_SUCCESS USER=Nader
2026-04-17 00:12:19,897 - INFO - ACTION=AUTH_SUCCESS USER=Nader
2026-04-17 00:12:20,149 - INFO - ACTION=AUTH_SUCCESS USER=Nader
2026-04-17 00:12:20,396 - INFO - ACTION=AUTH_SUCCESS USER=Nader
2026-04-17 00:12:20,644 - INFO - ACTION=AUTH_SUCCESS USER=Nader
2026-04-17 00:12:20,885 - INFO - ACTION=AUTH_SUCCESS USER=Nader
2026-04-17 00:12:21,129 - INFO - ACTION=AUTH_SUCCESS USER=Nader
2026-04-17 00:14:38,916 - INFO - ACTION=AUTH_FAIL USER=ANONYMOUS
2026-04-17 00:14:39,203 - INFO - ACTION=AUTH_FAIL USER=ANONYMOUS
2026-04-17 00:14:39,449 - INFO - ACTION=AUTH_FAIL USER=ANONYMOUS
2026-04-17 00:14:39,688 - INFO - ACTION=AUTH_FAIL USER=ANONYMOUS
2026-04-17 00:14:39,931 - INFO - ACTION=AUTH_FAIL USER=ANONYMOUS
2026-04-17 00:14:40,172 - INFO - ACTION=AUTH_FAIL USER=ANONYMOUS
2026-04-17 00:14:40,410 - INFO - ACTION=AUTH_FAIL USER=ANONYMOUS
2026-04-17 00:14:40,652 - INFO - ACTION=AUTH_FAIL USER=ANONYMOUS
2026-04-17 00:14:40,891 - INFO - ACTION=AUTH_FAIL USER=ANONYMOUS
2026-04-17 00:14:41,136 - INFO - ACTION=AUTH_FAIL USER=ANONYMOUS
2026-04-17 00:14:41,374 - INFO - ACTION=AUTH_FAIL USER=ANONYMOUS
2026-04-17 00:14:41,613 - INFO - ACTION=AUTH_FAIL USER=ANONYMOUS
2026-04-17 00:14:41,865 - INFO - ACTION=AUTH_FAIL USER=ANONYMOUS
2026-04-17 00:14:42,110 - INFO - ACTION=AUTH_FAIL USER=ANONYMOUS
2026-04-17 00:14:42,367 - INFO - ACTION=AUTH_FAIL USER=ANONYMOUS
2026-04-17 00:14:42,613 - INFO - ACTION=AUTH_FAIL USER=ANONYMOUS
2026-04-17 00:14:42,860 - INFO - ACTION=AUTH_FAIL USER=ANONYMOUS
2026-04-17 00:14:43,101 - INFO - ACTION=AUTH_FAIL USER=ANONYMOUS
2026-04-17 00:14:43,347 - INFO - ACTION=AUTH_FAIL USER=ANONYMOUS
2026-04-17 00:14:43,717 - INFO - ACTION=AUTH_FAIL USER=ANONYMOUS
2026-04-17 00:14:43,961 - INFO - ACTION=AUTH_FAIL USER=ANONYMOUS
2026-04-17 00:14:44,278 - INFO - ACTION=AUTH_FAIL USER=ANONYMOUS
2026-04-17 00:14:44,519 - INFO - ACTION=AUTH_FAIL USER=ANONYMOUS
2026-04-17 00:14:44,760 - INFO - ACTION=AUTH_FAIL USER=ANONYMOUS
2026-04-17 00:14:45,005 - INFO - ACTION=AUTH_FAIL USER=ANONYMOUS
2026-04-17 00:14:45,274 - INFO - ACTION=AUTH_FAIL USER=ANONYMOUS
2026-04-17 00:14:45,519 - INFO - ACTION=AUTH_FAIL USER=ANONYMOUS
2026-04-17 00:14:45,758 - INFO - ACTION=AUTH_FAIL USER=ANONYMOUS
2026-04-17 00:14:45,999 - INFO - ACTION=AUTH_FAIL USER=ANONYMOUS
2026-04-17 00:14:46,242 - INFO - ACTION=AUTH_FAIL USER=ANONYMOUS
2026-04-17 00:14:46,492 - INFO - ACTION=AUTH_FAIL USER=ANONYMOUS
2026-04-17 00:14:46,737 - INFO - ACTION=AUTH_FAIL USER=ANONYMOUS
2026-04-17 00:14:46,982 - INFO - ACTION=AUTH_FAIL USER=ANONYMOUS
2026-04-17 00:14:47,232 - INFO - ACTION=AUTH_FAIL USER=ANONYMOUS
2026-04-17 00:14:47,480 - INFO - ACTION=AUTH_FAIL USER=ANONYMOUS
2026-04-17 00:14:47,722 - INFO - ACTION=AUTH_FAIL USER=ANONYMOUS
2026-04-17 00:14:47,959 - INFO - ACTION=AUTH_FAIL USER=ANONYMOUS
2026-04-17 00:14:48,200 - INFO - ACTION=AUTH_FAIL USER=ANONYMOUS
2026-04-17 00:14:48,442 - INFO - ACTION=AUTH_FAIL USER=ANONYMOUS
2026-04-17 00:14:48,683 - INFO - ACTION=AUTH_FAIL USER=ANONYMOUS
2026-04-17 00:14:48,923 - INFO - ACTION=AUTH_FAIL USER=ANONYMOUS
2026-04-17 00:14:49,165 - INFO - ACTION=AUTH_FAIL USER=ANONYMOUS
2026-04-17 00:14:49,409 - INFO - ACTION=AUTH_FAIL USER=ANONYMOUS
2026-04-17 00:14:49,644 - INFO - ACTION=ENROLL_SUCCESS USER=Nader
2026-04-17 00:14:49,908 - INFO - ACTION=AUTH_SUCCESS USER=Nader
2026-04-17 00:14:50,155 - INFO - ACTION=AUTH_SUCCESS USER=Nader
2026-04-17 00:14:50,399 - INFO - ACTION=AUTH_SUCCESS USER=Nader
2026-04-17 00:14:50,643 - INFO - ACTION=AUTH_SUCCESS USER=Nader
2026-04-17 00:14:50,886 - INFO - ACTION=AUTH_SUCCESS USER=Nader
2026-04-17 00:14:51,128 - INFO - ACTION=AUTH_SUCCESS USER=Nader
2026-04-17 00:14:51,378 - INFO - ACTION=AUTH_SUCCESS USER=Nader
2026-04-17 00:14:51,620 - INFO - ACTION=AUTH_SUCCESS USER=Nader
2026-04-17 00:14:51,892 - INFO - ACTION=AUTH_SUCCESS USER=Nader
2026-04-17 00:14:52,147 - INFO - ACTION=AUTH_SUCCESS USER=Nader
2026-04-17 00:14:52,387 - INFO - ACTION=AUTH_SUCCESS USER=Nader
2026-04-17 00:14:52,629 - INFO - ACTION=AUTH_SUCCESS USER=Nader
2026-04-17 00:14:52,887 - INFO - ACTION=AUTH_SUCCESS USER=Nader
2026-04-17 00:14:53,131 - INFO - ACTION=AUTH_SUCCESS USER=Nader
2026-04-17 00:14:53,376 - INFO - ACTION=AUTH_SUCCESS USER=Nader
2026-04-17 00:14:53,620 - INFO - ACTION=AUTH_SUCCESS USER=Nader
2026-04-17 00:14:53,861 - INFO - ACTION=AUTH_SUCCESS USER=Nader
2026-04-17 00:14:54,110 - INFO - ACTION=AUTH_SUCCESS USER=Nader
2026-04-17 00:14:54,355 - INFO - ACTION=AUTH_SUCCESS USER=Nader
2026-04-17 00:14:54,598 - INFO - ACTION=AUTH_SUCCESS USER=Nader
2026-04-17 00:14:54,840 - INFO - ACTION=AUTH_SUCCESS USER=Nader
2026-04-17 00:14:55,081 - INFO - ACTION=AUTH_SUCCESS USER=Nader
2026-04-17 00:14:55,327 - INFO - ACTION=AUTH_SUCCESS USER=Nader
2026-04-17 00:14:55,574 - INFO - ACTION=AUTH_SUCCESS USER=Nader
2026-04-17 00:14:55,815 - INFO - ACTION=AUTH_SUCCESS USER=Nader
2026-04-17 00:14:56,053 - INFO - ACTION=AUTH_SUCCESS USER=Nader
2026-04-17 00:14:56,297 - INFO - ACTION=AUTH_SUCCESS USER=Nader
2026-04-17 00:14:56,535 - INFO - ACTION=AUTH_SUCCESS USER=Nader
2026-04-17 00:14:56,774 - INFO - ACTION=AUTH_SUCCESS USER=Nader
2026-04-17 00:14:57,016 - INFO - ACTION=AUTH_SUCCESS USER=Nader
2026-04-17 00:14:57,256 - INFO - ACTION=AUTH_SUCCESS USER=Nader
2026-04-17 00:14:57,495 - INFO - ACTION=AUTH_SUCCESS USER=Nader
2026-04-17 00:14:57,746 - INFO - ACTION=AUTH_SUCCESS USER=Nader
2026-04-17 00:14:57,986 - INFO - ACTION=AUTH_SUCCESS USER=Nader
2026-04-17 00:14:58,229 - INFO - ACTION=AUTH_SUCCESS USER=Nader
2026-04-17 00:14:58,469 - INFO - ACTION=AUTH_SUCCESS USER=Nader
2026-04-17 00:14:58,710 - INFO - ACTION=AUTH_SUCCESS USER=Nader
2026-04-17 00:14:58,947 - INFO - ACTION=AUTH_SUCCESS USER=Nader
2026-04-17 00:14:59,188 - INFO - ACTION=AUTH_SUCCESS USER=Nader
2026-04-17 00:14:59,429 - INFO - ACTION=AUTH_SUCCESS USER=Nader
2026-04-17 00:14:59,668 - INFO - ACTION=AUTH_SUCCESS USER=Nader
2026-04-17 00:14:59,909 - INFO - ACTION=AUTH_SUCCESS USER=Nader
2026-04-17 00:15:00,148 - INFO - ACTION=AUTH_SUCCESS USER=Nader
2026-04-17 00:15:00,393 - INFO - ACTION=AUTH_SUCCESS USER=Nader
2026-04-17 00:15:00,633 - INFO - ACTION=AUTH_SUCCESS USER=Nader
2026-04-17 00:15:00,874 - INFO - ACTION=AUTH_SUCCESS USER=Nader
2026-04-17 00:15:01,114 - INFO - ACTION=AUTH_SUCCESS USER=Nader
2026-04-17 00:15:01,351 - INFO - ACTION=AUTH_SUCCESS USER=Nader
2026-04-17 00:15:01,596 - INFO - ACTION=AUTH_SUCCESS USER=Nader
2026-04-17 00:15:52,973 - INFO - ACTION=AUTH_FAIL_NO_FACE USER=ANONYMOUS
2026-04-17 00:15:53,028 - INFO - ACTION=AUTH_FAIL_NO_FACE USER=ANONYMOUS
2026-04-17 00:15:53,074 - INFO - ACTION=AUTH_FAIL_NO_FACE USER=ANONYMOUS
2026-04-17 00:15:53,146 - INFO - ACTION=AUTH_FAIL_NO_FACE USER=ANONYMOUS
2026-04-17 00:15:53,182 - INFO - ACTION=AUTH_FAIL_NO_FACE USER=ANONYMOUS
2026-04-17 00:15:53,228 - INFO - ACTION=AUTH_FAIL_NO_FACE USER=ANONYMOUS
2026-04-17 00:15:53,283 - INFO - ACTION=AUTH_FAIL_NO_FACE USER=ANONYMOUS
2026-04-17 00:15:53,326 - INFO - ACTION=AUTH_FAIL_NO_FACE USER=ANONYMOUS
2026-04-17 00:15:53,377 - INFO - ACTION=AUTH_FAIL_NO_FACE USER=ANONYMOUS
2026-04-17 00:15:53,420 - INFO - ACTION=AUTH_FAIL_NO_FACE USER=ANONYMOUS
2026-04-17 00:15:53,499 - INFO - ACTION=AUTH_FAIL_NO_FACE USER=ANONYMOUS
2026-04-17 00:15:53,537 - INFO - ACTION=AUTH_FAIL_NO_FACE USER=ANONYMOUS
2026-04-17 00:15:53,583 - INFO - ACTION=AUTH_FAIL_NO_FACE USER=ANONYMOUS
2026-04-17 00:15:53,663 - INFO - ACTION=AUTH_FAIL_NO_FACE USER=ANONYMOUS
2026-04-17 00:15:53,689 - INFO - ACTION=AUTH_FAIL_NO_FACE USER=ANONYMOUS
2026-04-17 00:15:53,726 - INFO - ACTION=AUTH_FAIL_NO_FACE USER=ANONYMOUS
2026-04-17 00:15:53,785 - INFO - ACTION=AUTH_FAIL_NO_FACE USER=ANONYMOUS
2026-04-17 00:15:53,822 - INFO - ACTION=AUTH_FAIL_NO_FACE USER=ANONYMOUS
2026-04-17 00:15:53,899 - INFO - ACTION=AUTH_FAIL_NO_FACE USER=ANONYMOUS
2026-04-17 00:15:54,000 - INFO - ACTION=AUTH_FAIL_NO_FACE USER=ANONYMOUS
2026-04-17 00:15:54,031 - INFO - ACTION=AUTH_FAIL_NO_FACE USER=ANONYMOUS
2026-04-17 00:15:54,078 - INFO - ACTION=AUTH_FAIL_NO_FACE USER=ANONYMOUS
2026-04-17 00:15:54,130 - INFO - ACTION=AUTH_FAIL_NO_FACE USER=ANONYMOUS
2026-04-17 00:15:54,192 - INFO - ACTION=AUTH_FAIL_NO_FACE USER=ANONYMOUS
2026-04-17 00:15:54,308 - INFO - ACTION=AUTH_FAIL_NO_FACE USER=ANONYMOUS
2026-04-17 00:15:54,335 - INFO - ACTION=AUTH_FAIL_NO_FACE USER=ANONYMOUS
2026-04-17 00:15:54,544 - INFO - ACTION=AUTH_FAIL_NO_FACE USER=ANONYMOUS
2026-04-17 00:15:54,788 - INFO - ACTION=AUTH_FAIL USER=ANONYMOUS
2026-04-17 00:15:54,819 - INFO - ACTION=AUTH_FAIL_NO_FACE USER=ANONYMOUS
2026-04-17 00:15:55,075 - INFO - ACTION=AUTH_FAIL USER=ANONYMOUS
2026-04-17 00:15:55,318 - INFO - ACTION=AUTH_FAIL USER=ANONYMOUS
2026-04-17 00:15:55,563 - INFO - ACTION=AUTH_FAIL USER=ANONYMOUS
2026-04-17 00:15:55,811 - INFO - ACTION=AUTH_FAIL USER=ANONYMOUS
2026-04-17 00:15:56,061 - INFO - ACTION=AUTH_FAIL USER=ANONYMOUS
2026-04-17 00:15:56,390 - INFO - ACTION=AUTH_FAIL USER=ANONYMOUS
2026-04-17 00:15:56,632 - INFO - ACTION=AUTH_FAIL USER=ANONYMOUS
2026-04-17 00:15:56,888 - INFO - ACTION=AUTH_FAIL USER=ANONYMOUS
2026-04-17 00:15:57,152 - INFO - ACTION=AUTH_FAIL USER=ANONYMOUS
2026-04-17 00:15:57,457 - INFO - ACTION=AUTH_FAIL USER=ANONYMOUS
2026-04-17 00:15:57,726 - INFO - ACTION=AUTH_FAIL USER=ANONYMOUS
2026-04-17 00:15:57,974 - INFO - ACTION=AUTH_FAIL USER=ANONYMOUS
2026-04-17 00:15:58,214 - INFO - ACTION=AUTH_FAIL USER=ANONYMOUS
2026-04-17 00:15:58,459 - INFO - ACTION=AUTH_FAIL USER=ANONYMOUS
2026-04-17 00:15:58,700 - INFO - ACTION=AUTH_FAIL USER=ANONYMOUS
2026-04-17 00:15:58,949 - INFO - ACTION=AUTH_FAIL USER=ANONYMOUS
2026-04-17 00:15:59,189 - INFO - ACTION=AUTH_FAIL USER=ANONYMOUS
2026-04-17 00:15:59,438 - INFO - ACTION=AUTH_FAIL USER=ANONYMOUS
2026-04-17 00:15:59,691 - INFO - ACTION=AUTH_FAIL USER=ANONYMOUS
2026-04-17 00:15:59,941 - INFO - ACTION=AUTH_FAIL USER=ANONYMOUS
2026-04-17 00:16:00,189 - INFO - ACTION=AUTH_FAIL USER=ANONYMOUS
2026-04-17 00:16:00,444 - INFO - ACTION=AUTH_FAIL USER=ANONYMOUS
2026-04-17 00:16:00,685 - INFO - ACTION=AUTH_FAIL USER=ANONYMOUS
2026-04-17 00:16:00,927 - INFO - ACTION=AUTH_FAIL USER=ANONYMOUS
2026-04-17 00:16:01,169 - INFO - ACTION=AUTH_FAIL USER=ANONYMOUS
2026-04-17 00:16:01,411 - INFO - ACTION=AUTH_FAIL USER=ANONYMOUS
2026-04-17 00:16:01,656 - INFO - ACTION=AUTH_FAIL USER=ANONYMOUS
2026-04-17 00:16:01,895 - INFO - ACTION=AUTH_FAIL USER=ANONYMOUS
2026-04-17 00:16:02,142 - INFO - ACTION=AUTH_FAIL USER=ANONYMOUS
2026-04-17 00:16:02,388 - INFO - ACTION=AUTH_FAIL USER=ANONYMOUS
2026-04-17 00:16:02,628 - INFO - ACTION=ENROLL_SUCCESS USER=Nader
2026-04-17 00:16:02,900 - INFO - ACTION=AUTH_SUCCESS USER=Nader
2026-04-17 00:16:03,162 - INFO - ACTION=AUTH_SUCCESS USER=Nader
2026-04-17 00:16:03,404 - INFO - ACTION=AUTH_SUCCESS USER=Nader
2026-04-17 00:16:03,649 - INFO - ACTION=AUTH_SUCCESS USER=Nader
2026-04-17 00:16:03,896 - INFO - ACTION=AUTH_SUCCESS USER=Nader
2026-04-17 00:16:04,147 - INFO - ACTION=AUTH_SUCCESS USER=Nader
2026-04-17 00:16:04,392 - INFO - ACTION=AUTH_SUCCESS USER=Nader
2026-04-17 00:16:04,636 - INFO - ACTION=AUTH_SUCCESS USER=Nader
2026-04-17 00:16:04,882 - INFO - ACTION=AUTH_SUCCESS USER=Nader
2026-04-17 00:16:05,134 - INFO - ACTION=AUTH_SUCCESS USER=Nader
2026-04-17 00:16:05,379 - INFO - ACTION=AUTH_SUCCESS USER=Nader
2026-04-17 00:16:05,621 - INFO - ACTION=AUTH_SUCCESS USER=Nader
2026-04-17 00:16:05,883 - INFO - ACTION=AUTH_SUCCESS USER=Nader
2026-04-17 00:16:06,135 - INFO - ACTION=AUTH_SUCCESS USER=Nader
2026-04-17 00:16:06,379 - INFO - ACTION=AUTH_SUCCESS USER=Nader
2026-04-17 00:16:06,624 - INFO - ACTION=AUTH_SUCCESS USER=Nader
2026-04-17 00:16:06,864 - INFO - ACTION=AUTH_SUCCESS USER=Nader
2026-04-17 00:16:07,116 - INFO - ACTION=AUTH_SUCCESS USER=Nader
2026-04-17 00:16:07,362 - INFO - ACTION=AUTH_SUCCESS USER=Nader
2026-04-17 00:16:07,606 - INFO - ACTION=AUTH_SUCCESS USER=Nader
2026-04-17 00:16:07,861 - INFO - ACTION=AUTH_SUCCESS USER=Nader
2026-04-17 00:16:08,119 - INFO - ACTION=AUTH_SUCCESS USER=Nader
2026-04-17 00:16:08,364 - INFO - ACTION=AUTH_SUCCESS USER=Nader
2026-04-17 00:16:08,605 - INFO - ACTION=AUTH_SUCCESS USER=Nader
2026-04-17 00:16:08,851 - INFO - ACTION=AUTH_SUCCESS USER=Nader
2026-04-17 00:16:09,097 - INFO - ACTION=AUTH_SUCCESS USER=Nader
2026-04-17 00:16:09,341 - INFO - ACTION=AUTH_SUCCESS USER=Nader
2026-04-17 00:16:09,588 - INFO - ACTION=AUTH_SUCCESS USER=Nader
2026-04-17 00:16:09,830 - INFO - ACTION=AUTH_SUCCESS USER=Nader
2026-04-17 00:16:10,078 - INFO - ACTION=AUTH_SUCCESS USER=Nader
2026-04-17 00:16:10,339 - INFO - ACTION=AUTH_SUCCESS USER=Nader
2026-04-17 00:16:10,588 - INFO - ACTION=AUTH_SUCCESS USER=Nader
2026-04-17 00:16:10,832 - INFO - ACTION=AUTH_SUCCESS USER=Nader
2026-04-17 00:16:11,086 - INFO - ACTION=AUTH_SUCCESS USER=Nader
2026-04-17 00:16:11,329 - INFO - ACTION=AUTH_SUCCESS USER=Nader
2026-04-17 00:16:11,575 - INFO - ACTION=AUTH_SUCCESS USER=Nader
2026-04-17 00:16:11,821 - INFO - ACTION=AUTH_SUCCESS USER=Nader
2026-04-17 00:16:12,076 - INFO - ACTION=AUTH_SUCCESS USER=Nader
2026-04-17 00:16:12,334 - INFO - ACTION=AUTH_SUCCESS USER=Nader
2026-04-17 00:16:12,583 - INFO - ACTION=AUTH_SUCCESS USER=Nader
2026-04-17 00:16:12,830 - INFO - ACTION=AUTH_SUCCESS USER=Nader
2026-04-17 00:16:13,084 - INFO - ACTION=AUTH_SUCCESS USER=Nader
2026-04-17 00:16:13,329 - INFO - ACTION=AUTH_SUCCESS USER=Nader
2026-04-17 00:16:13,571 - INFO - ACTION=AUTH_SUCCESS USER=Nader
2026-04-17 00:16:13,815 - INFO - ACTION=AUTH_SUCCESS USER=Nader
2026-04-17 00:16:14,066 - INFO - ACTION=AUTH_SUCCESS USER=Nader
2026-04-17 00:16:14,318 - INFO - ACTION=AUTH_SUCCESS USER=Nader
2026-04-17 00:16:14,577 - INFO - ACTION=AUTH_SUCCESS USER=Nader
2026-04-17 00:16:14,829 - INFO - ACTION=AUTH_SUCCESS USER=Nader
2026-04-17 00:16:15,079 - INFO - ACTION=AUTH_SUCCESS USER=Nader
2026-04-17 00:16:15,334 - INFO - ACTION=AUTH_SUCCESS USER=Nader
2026-04-17 00:16:15,588 - INFO - ACTION=AUTH_SUCCESS USER=Nader
2026-04-17 00:23:27,692 - INFO - ACTION=AUTH_SUCCESS USER=Nader
2026-04-17 00:23:28,007 - INFO - ACTION=AUTH_SUCCESS USER=Nader
2026-04-17 00:23:28,298 - INFO - ACTION=AUTH_SUCCESS USER=Nader
2026-04-17 00:23:28,545 - INFO - ACTION=AUTH_SUCCESS USER=Nader
2026-04-17 00:23:28,792 - INFO - ACTION=AUTH_SUCCESS USER=Nader
2026-04-17 00:23:29,042 - INFO - ACTION=AUTH_SUCCESS USER=Nader
2026-04-17 00:23:29,285 - INFO - ACTION=AUTH_SUCCESS USER=Nader
2026-04-17 00:23:29,528 - INFO - ACTION=AUTH_SUCCESS USER=Nader
2026-04-17 00:23:29,777 - INFO - ACTION=AUTH_SUCCESS USER=Nader
2026-04-17 00:23:30,035 - INFO - ACTION=AUTH_SUCCESS USER=Nader
2026-04-17 00:23:30,284 - INFO - ACTION=AUTH_SUCCESS USER=Nader
2026-04-17 00:23:30,528 - INFO - ACTION=AUTH_SUCCESS USER=Nader
2026-04-17 00:23:30,775 - INFO - ACTION=AUTH_SUCCESS USER=Nader
2026-04-17 00:23:31,028 - INFO - ACTION=AUTH_SUCCESS USER=Nader
2026-04-17 00:23:31,282 - INFO - ACTION=AUTH_SUCCESS USER=Nader
2026-04-17 00:23:31,533 - INFO - ACTION=AUTH_SUCCESS USER=Nader
2026-04-17 00:23:31,791 - INFO - ACTION=AUTH_SUCCESS USER=Nader
2026-04-17 00:23:32,053 - INFO - ACTION=AUTH_SUCCESS USER=Nader
2026-04-17 00:23:32,308 - INFO - ACTION=AUTH_SUCCESS USER=Nader
2026-04-17 00:23:32,585 - INFO - ACTION=AUTH_SUCCESS USER=Nader
2026-04-17 00:23:32,836 - INFO - ACTION=AUTH_SUCCESS USER=Nader
2026-04-17 00:23:33,100 - INFO - ACTION=AUTH_SUCCESS USER=Nader
2026-04-17 00:23:33,353 - INFO - ACTION=AUTH_SUCCESS USER=Nader
2026-04-17 00:23:33,599 - INFO - ACTION=AUTH_SUCCESS USER=Nader
2026-04-17 00:23:33,851 - INFO - ACTION=AUTH_SUCCESS USER=Nader
2026-04-17 00:23:34,120 - INFO - ACTION=AUTH_SUCCESS USER=Nader
2026-04-17 00:23:34,393 - INFO - ACTION=AUTH_SUCCESS USER=Nader
2026-04-17 00:23:34,662 - INFO - ACTION=AUTH_SUCCESS USER=Nader
2026-04-17 00:23:34,948 - INFO - ACTION=AUTH_SUCCESS USER=Nader
2026-04-17 00:23:35,204 - INFO - ACTION=AUTH_SUCCESS USER=Nader
2026-04-17 00:23:35,457 - INFO - ACTION=AUTH_SUCCESS USER=Nader
2026-04-17 00:23:35,711 - INFO - ACTION=AUTH_SUCCESS USER=Nader
2026-04-17 00:23:35,957 - INFO - ACTION=AUTH_SUCCESS USER=Nader
2026-04-17 00:23:36,210 - INFO - ACTION=AUTH_SUCCESS USER=Nader
2026-04-17 00:23:36,457 - INFO - ACTION=AUTH_SUCCESS USER=Nader
2026-04-17 00:23:36,718 - INFO - ACTION=AUTH_SUCCESS USER=Nader
2026-04-17 00:23:36,967 - INFO - ACTION=AUTH_SUCCESS USER=Nader
2026-04-17 00:23:37,231 - INFO - ACTION=AUTH_SUCCESS USER=Nader
2026-04-17 00:23:37,485 - INFO - ACTION=AUTH_SUCCESS USER=Nader
2026-04-17 00:23:37,741 - INFO - ACTION=AUTH_SUCCESS USER=Nader
2026-04-17 00:23:37,994 - INFO - ACTION=AUTH_SUCCESS USER=Nader
2026-04-17 00:23:38,241 - INFO - ACTION=AUTH_SUCCESS USER=Nader
2026-04-17 00:23:38,505 - INFO - ACTION=AUTH_SUCCESS USER=Nader
2026-04-17 00:23:38,777 - INFO - ACTION=AUTH_SUCCESS USER=Nader
2026-04-17 00:23:39,059 - INFO - ACTION=AUTH_SUCCESS USER=Nader
2026-04-17 00:23:39,321 - INFO - ACTION=AUTH_SUCCESS USER=Nader
2026-04-17 00:23:39,577 - INFO - ACTION=AUTH_SUCCESS USER=Nader
2026-04-17 00:23:39,827 - INFO - ACTION=AUTH_SUCCESS USER=Nader
2026-04-17 00:23:40,143 - INFO - ACTION=AUTH_SUCCESS USER=Nader
2026-04-17 00:23:40,392 - INFO - ACTION=AUTH_SUCCESS USER=Nader
2026-04-17 00:23:40,643 - INFO - ACTION=AUTH_SUCCESS USER=Nader
2026-04-17 00:23:40,891 - INFO - ACTION=AUTH_SUCCESS USER=Nader
2026-04-17 00:23:41,166 - INFO - ACTION=AUTH_SUCCESS USER=Nader
2026-04-17 00:23:41,416 - INFO - ACTION=AUTH_SUCCESS USER=Nader
2026-04-17 00:23:41,685 - INFO - ACTION=AUTH_SUCCESS USER=Nader
2026-04-17 00:23:41,934 - INFO - ACTION=AUTH_SUCCESS USER=Nader
2026-04-17 00:23:42,186 - INFO - ACTION=AUTH_SUCCESS USER=Nader
2026-04-17 00:23:42,436 - INFO - ACTION=AUTH_SUCCESS USER=Nader
2026-04-17 00:23:42,696 - INFO - ACTION=AUTH_SUCCESS USER=Nader
2026-04-17 00:23:42,949 - INFO - ACTION=AUTH_SUCCESS USER=Nader
2026-04-17 00:23:43,208 - INFO - ACTION=AUTH_SUCCESS USER=Nader
2026-04-17 00:23:43,461 - INFO - ACTION=AUTH_SUCCESS USER=Nader
2026-04-17 00:23:43,716 - INFO - ACTION=AUTH_SUCCESS USER=Nader
2026-04-17 00:23:43,966 - INFO - ACTION=AUTH_SUCCESS USER=Nader
2026-04-17 00:23:44,230 - INFO - ACTION=AUTH_SUCCESS USER=Nader
2026-04-17 00:23:44,482 - INFO - ACTION=AUTH_SUCCESS USER=Nader
2026-04-17 00:23:44,732 - INFO - ACTION=AUTH_SUCCESS USER=Nader
2026-04-17 00:23:44,985 - INFO - ACTION=AUTH_SUCCESS USER=Nader
2026-04-17 00:23:45,236 - INFO - ACTION=AUTH_SUCCESS USER=Nader
2026-04-17 00:23:45,482 - INFO - ACTION=AUTH_SUCCESS USER=Nader
2026-04-17 00:23:45,735 - INFO - ACTION=AUTH_SUCCESS USER=Nader
2026-04-17 00:23:45,985 - INFO - ACTION=AUTH_SUCCESS USER=Nader
2026-04-17 00:23:46,273 - INFO - ACTION=AUTH_SUCCESS USER=Nader
2026-04-17 00:23:46,523 - INFO - ACTION=AUTH_SUCCESS USER=Nader
2026-04-17 00:23:46,773 - INFO - ACTION=AUTH_SUCCESS USER=Nader
2026-04-17 00:23:47,024 - INFO - ACTION=AUTH_SUCCESS USER=Nader
2026-04-17 00:23:47,270 - INFO - ACTION=AUTH_SUCCESS USER=Nader
2026-04-17 00:23:47,517 - INFO - ACTION=AUTH_SUCCESS USER=Nader
2026-04-17 00:23:47,769 - INFO - ACTION=AUTH_SUCCESS USER=Nader
2026-04-17 00:23:47,787 - INFO - ACTION=DELETE_SUCCESS USER=Nader
2026-04-17 00:23:48,054 - INFO - ACTION=AUTH_FAIL USER=ANONYMOUS
2026-04-17 00:23:48,303 - INFO - ACTION=AUTH_FAIL USER=ANONYMOUS
2026-04-17 00:23:48,553 - INFO - ACTION=AUTH_FAIL USER=ANONYMOUS
2026-04-17 00:23:48,798 - INFO - ACTION=AUTH_FAIL USER=ANONYMOUS
2026-04-17 00:23:49,049 - INFO - ACTION=AUTH_FAIL USER=ANONYMOUS
2026-04-17 00:23:49,291 - INFO - ACTION=AUTH_FAIL USER=ANONYMOUS
2026-04-17 00:23:49,533 - INFO - ACTION=AUTH_FAIL USER=ANONYMOUS
2026-04-17 00:23:49,776 - INFO - ACTION=AUTH_FAIL USER=ANONYMOUS
2026-04-17 00:23:50,029 - INFO - ACTION=AUTH_FAIL USER=ANONYMOUS
2026-04-17 00:23:50,275 - INFO - ACTION=AUTH_FAIL USER=ANONYMOUS
2026-04-17 00:23:50,526 - INFO - ACTION=AUTH_FAIL USER=ANONYMOUS
2026-04-17 00:23:50,768 - INFO - ACTION=AUTH_FAIL USER=ANONYMOUS
2026-04-17 00:23:51,015 - INFO - ACTION=AUTH_FAIL USER=ANONYMOUS
2026-04-17 00:23:51,260 - INFO - ACTION=AUTH_FAIL USER=ANONYMOUS
2026-04-17 00:23:51,507 - INFO - ACTION=AUTH_FAIL USER=ANONYMOUS
2026-04-17 00:23:51,761 - INFO - ACTION=AUTH_FAIL USER=ANONYMOUS
2026-04-17 00:23:52,009 - INFO - ACTION=AUTH_FAIL USER=ANONYMOUS
2026-04-17 00:23:52,252 - INFO - ACTION=AUTH_FAIL USER=ANONYMOUS
2026-04-17 00:23:52,498 - INFO - ACTION=AUTH_FAIL USER=ANONYMOUS
2026-04-17 00:23:52,741 - INFO - ACTION=AUTH_FAIL USER=ANONYMOUS
2026-04-17 00:23:52,989 - INFO - ACTION=AUTH_FAIL USER=ANONYMOUS
2026-04-17 00:23:53,241 - INFO - ACTION=AUTH_FAIL USER=ANONYMOUS
2026-04-17 00:23:53,490 - INFO - ACTION=AUTH_FAIL USER=ANONYMOUS
2026-04-17 00:23:53,735 - INFO - ACTION=AUTH_FAIL USER=ANONYMOUS
2026-04-17 00:23:53,976 - INFO - ACTION=AUTH_FAIL USER=ANONYMOUS
2026-04-17 00:23:54,242 - INFO - ACTION=AUTH_FAIL USER=ANONYMOUS
2026-04-17 00:23:54,486 - INFO - ACTION=AUTH_FAIL USER=ANONYMOUS
2026-04-17 00:23:54,737 - INFO - ACTION=AUTH_FAIL USER=ANONYMOUS
2026-04-17 00:23:54,994 - INFO - ACTION=AUTH_FAIL USER=ANONYMOUS
2026-04-17 00:23:55,262 - INFO - ACTION=AUTH_FAIL USER=ANONYMOUS
2026-04-17 00:38:03,873 - INFO - ACTION=AUTH_FAIL USER=ANONYMOUS
2026-04-17 00:38:04,189 - INFO - ACTION=AUTH_FAIL USER=ANONYMOUS
2026-04-17 00:38:04,438 - INFO - ACTION=AUTH_FAIL USER=ANONYMOUS
2026-04-17 00:38:04,698 - INFO - ACTION=AUTH_FAIL USER=ANONYMOUS
2026-04-17 00:38:04,958 - INFO - ACTION=AUTH_FAIL USER=ANONYMOUS
2026-04-17 00:38:05,211 - INFO - ACTION=AUTH_FAIL USER=ANONYMOUS
2026-04-17 00:38:05,467 - INFO - ACTION=AUTH_FAIL USER=ANONYMOUS
2026-04-17 00:38:05,742 - INFO - ACTION=AUTH_FAIL USER=ANONYMOUS
2026-04-17 00:38:06,002 - INFO - ACTION=AUTH_FAIL USER=ANONYMOUS
2026-04-17 00:38:06,264 - INFO - ACTION=AUTH_FAIL USER=ANONYMOUS
2026-04-17 00:38:06,515 - INFO - ACTION=AUTH_FAIL USER=ANONYMOUS
2026-04-17 00:38:06,768 - INFO - ACTION=AUTH_FAIL USER=ANONYMOUS
2026-04-17 00:38:07,038 - INFO - ACTION=AUTH_FAIL USER=ANONYMOUS
2026-04-17 00:38:07,364 - INFO - ACTION=AUTH_FAIL USER=ANONYMOUS
2026-04-17 00:38:07,616 - INFO - ACTION=AUTH_FAIL USER=ANONYMOUS
2026-04-17 00:38:07,868 - INFO - ACTION=AUTH_FAIL USER=ANONYMOUS
2026-04-17 00:38:08,126 - INFO - ACTION=AUTH_FAIL USER=ANONYMOUS
2026-04-17 00:38:08,385 - INFO - ACTION=AUTH_FAIL USER=ANONYMOUS
2026-04-17 00:38:08,643 - INFO - ACTION=AUTH_FAIL USER=ANONYMOUS
2026-04-17 00:38:08,896 - INFO - ACTION=AUTH_FAIL USER=ANONYMOUS
2026-04-17 00:38:09,149 - INFO - ACTION=AUTH_FAIL USER=ANONYMOUS
2026-04-17 00:38:09,435 - INFO - ACTION=AUTH_FAIL USER=ANONYMOUS
2026-04-17 00:38:09,690 - INFO - ACTION=AUTH_FAIL USER=ANONYMOUS
2026-04-17 00:38:09,942 - INFO - ACTION=AUTH_FAIL USER=ANONYMOUS
2026-04-17 00:38:10,194 - INFO - ACTION=AUTH_FAIL USER=ANONYMOUS
2026-04-17 00:38:10,457 - INFO - ACTION=AUTH_FAIL USER=ANONYMOUS
2026-04-17 00:38:10,713 - INFO - ACTION=AUTH_FAIL USER=ANONYMOUS
2026-04-17 00:38:10,971 - INFO - ACTION=AUTH_FAIL USER=ANONYMOUS
2026-04-17 00:38:11,223 - INFO - ACTION=AUTH_FAIL USER=ANONYMOUS
2026-04-17 00:38:11,481 - INFO - ACTION=AUTH_FAIL USER=ANONYMOUS
2026-04-17 00:38:11,737 - INFO - ACTION=AUTH_FAIL USER=ANONYMOUS
2026-04-17 00:38:11,995 - INFO - ACTION=AUTH_FAIL USER=ANONYMOUS
2026-04-17 00:38:12,251 - INFO - ACTION=AUTH_FAIL USER=ANONYMOUS
2026-04-17 00:38:12,523 - INFO - ACTION=AUTH_FAIL USER=ANONYMOUS
2026-04-17 00:38:12,787 - INFO - ACTION=AUTH_FAIL USER=ANONYMOUS
2026-04-17 00:38:13,042 - INFO - ACTION=AUTH_FAIL USER=ANONYMOUS
2026-04-17 00:38:13,300 - INFO - ACTION=AUTH_FAIL USER=ANONYMOUS
2026-04-17 00:38:13,554 - INFO - ACTION=AUTH_FAIL USER=ANONYMOUS
2026-04-17 00:38:13,808 - INFO - ACTION=AUTH_FAIL USER=ANONYMOUS
2026-04-17 00:38:14,063 - INFO - ACTION=AUTH_FAIL USER=ANONYMOUS
2026-04-17 00:38:14,320 - INFO - ACTION=ENROLL_SUCCESS USER=Nader
2026-04-17 00:38:14,606 - INFO - ACTION=AUTH_SUCCESS USER=Nader
2026-04-17 00:38:14,866 - INFO - ACTION=AUTH_SUCCESS USER=Nader
2026-04-17 00:38:15,128 - INFO - ACTION=AUTH_SUCCESS USER=Nader
2026-04-17 00:38:15,382 - INFO - ACTION=AUTH_SUCCESS USER=Nader
2026-04-17 00:38:15,638 - INFO - ACTION=AUTH_SUCCESS USER=Nader
2026-04-17 00:38:15,898 - INFO - ACTION=AUTH_SUCCESS USER=Nader
2026-04-17 00:38:16,156 - INFO - ACTION=AUTH_SUCCESS USER=Nader
2026-04-17 00:38:16,422 - INFO - ACTION=AUTH_SUCCESS USER=Nader
2026-04-17 00:38:16,675 - INFO - ACTION=AUTH_SUCCESS USER=Nader
2026-04-17 00:38:16,934 - INFO - ACTION=AUTH_SUCCESS USER=Nader
2026-04-17 00:38:17,200 - INFO - ACTION=AUTH_SUCCESS USER=Nader
2026-04-17 00:38:17,452 - INFO - ACTION=AUTH_SUCCESS USER=Nader
2026-04-17 00:38:17,746 - INFO - ACTION=AUTH_SUCCESS USER=Nader
2026-04-17 00:38:18,006 - INFO - ACTION=AUTH_SUCCESS USER=Nader
2026-04-17 00:38:18,262 - INFO - ACTION=AUTH_SUCCESS USER=Nader
2026-04-17 00:38:18,514 - INFO - ACTION=AUTH_SUCCESS USER=Nader
2026-04-17 00:38:18,765 - INFO - ACTION=AUTH_SUCCESS USER=Nader
2026-04-17 00:38:19,017 - INFO - ACTION=DELETE_SUCCESS USER=Nader
2026-04-17 00:38:19,028 - INFO - ACTION=AUTH_SUCCESS USER=Nader
2026-04-17 00:38:19,309 - INFO - ACTION=AUTH_FAIL USER=ANONYMOUS
2026-04-17 00:38:19,340 - INFO - ACTION=AUTH_FAIL_NO_FACE USER=ANONYMOUS
2026-04-17 00:38:19,369 - INFO - ACTION=AUTH_FAIL_NO_FACE USER=ANONYMOUS
2026-04-17 00:38:19,621 - INFO - ACTION=AUTH_FAIL USER=ANONYMOUS
2026-04-17 00:38:19,877 - INFO - ACTION=AUTH_FAIL USER=ANONYMOUS
2026-04-17 00:38:20,132 - INFO - ACTION=AUTH_FAIL USER=ANONYMOUS
2026-04-17 00:38:20,385 - INFO - ACTION=AUTH_FAIL USER=ANONYMOUS
2026-04-17 00:38:20,632 - INFO - ACTION=AUTH_FAIL USER=ANONYMOUS
2026-04-17 00:38:20,884 - INFO - ACTION=AUTH_FAIL USER=ANONYMOUS
2026-04-17 00:38:21,130 - INFO - ACTION=AUTH_FAIL USER=ANONYMOUS
2026-04-17 00:38:21,388 - INFO - ACTION=AUTH_FAIL USER=ANONYMOUS
2026-04-17 00:38:21,644 - INFO - ACTION=AUTH_FAIL USER=ANONYMOUS
2026-04-17 00:38:21,895 - INFO - ACTION=AUTH_FAIL USER=ANONYMOUS
2026-04-17 00:38:22,147 - INFO - ACTION=AUTH_FAIL USER=ANONYMOUS
2026-04-17 00:40:04,521 - INFO - ACTION=AUTH_FAIL USER=ANONYMOUS
2026-04-17 00:40:04,903 - INFO - ACTION=AUTH_FAIL USER=ANONYMOUS
2026-04-17 00:40:05,156 - INFO - ACTION=AUTH_FAIL USER=ANONYMOUS
2026-04-17 00:40:05,410 - INFO - ACTION=AUTH_FAIL USER=ANONYMOUS
2026-04-17 00:40:05,668 - INFO - ACTION=AUTH_FAIL USER=ANONYMOUS
2026-04-17 00:40:05,921 - INFO - ACTION=AUTH_FAIL USER=ANONYMOUS
2026-04-17 00:40:06,179 - INFO - ACTION=AUTH_FAIL USER=ANONYMOUS
2026-04-17 00:40:06,449 - INFO - ACTION=AUTH_FAIL USER=ANONYMOUS
2026-04-17 00:40:06,710 - INFO - ACTION=AUTH_FAIL USER=ANONYMOUS
2026-04-17 00:40:06,960 - INFO - ACTION=AUTH_FAIL USER=ANONYMOUS
2026-04-17 00:40:07,217 - INFO - ACTION=AUTH_FAIL USER=ANONYMOUS
2026-04-17 00:40:07,716 - INFO - ACTION=AUTH_FAIL USER=ANONYMOUS
2026-04-17 00:40:07,986 - INFO - ACTION=AUTH_FAIL USER=ANONYMOUS
2026-04-17 00:40:08,243 - INFO - ACTION=AUTH_FAIL USER=ANONYMOUS
2026-04-17 00:40:08,502 - INFO - ACTION=AUTH_FAIL USER=ANONYMOUS
2026-04-17 00:41:20,483 - INFO - ACTION=AUTH_FAIL USER=ANONYMOUS
2026-04-17 00:41:20,794 - INFO - ACTION=AUTH_FAIL USER=ANONYMOUS
2026-04-17 00:41:21,048 - INFO - ACTION=AUTH_FAIL USER=ANONYMOUS
2026-04-17 00:41:21,301 - INFO - ACTION=AUTH_FAIL USER=ANONYMOUS
2026-04-17 00:41:21,552 - INFO - ACTION=AUTH_FAIL USER=ANONYMOUS
2026-04-17 00:41:21,798 - INFO - ACTION=AUTH_FAIL USER=ANONYMOUS
2026-04-17 00:41:22,052 - INFO - ACTION=AUTH_FAIL USER=ANONYMOUS
2026-04-17 00:41:22,310 - INFO - ACTION=AUTH_FAIL USER=ANONYMOUS
2026-04-17 00:41:22,567 - INFO - ACTION=AUTH_FAIL USER=ANONYMOUS
2026-04-17 00:41:22,838 - INFO - ACTION=AUTH_FAIL USER=ANONYMOUS
2026-04-17 00:41:23,107 - INFO - ACTION=AUTH_FAIL USER=ANONYMOUS
2026-04-17 00:41:23,359 - INFO - ACTION=AUTH_FAIL USER=ANONYMOUS
2026-04-17 00:41:23,622 - INFO - ACTION=AUTH_FAIL USER=ANONYMOUS
2026-04-17 00:41:23,883 - INFO - ACTION=AUTH_FAIL USER=ANONYMOUS
2026-04-17 00:41:24,140 - INFO - ACTION=AUTH_FAIL USER=ANONYMOUS
2026-04-17 00:41:24,392 - INFO - ACTION=AUTH_FAIL USER=ANONYMOUS
2026-04-17 00:41:24,643 - INFO - ACTION=AUTH_FAIL USER=ANONYMOUS
2026-04-17 00:41:24,892 - INFO - ACTION=AUTH_FAIL USER=ANONYMOUS
2026-04-17 00:41:25,139 - INFO - ACTION=AUTH_FAIL USER=ANONYMOUS
2026-04-17 00:41:25,387 - INFO - ACTION=AUTH_FAIL USER=ANONYMOUS
2026-04-17 00:41:25,640 - INFO - ACTION=AUTH_FAIL USER=ANONYMOUS
2026-04-17 00:41:25,893 - INFO - ACTION=AUTH_FAIL USER=ANONYMOUS
2026-04-17 00:41:26,148 - INFO - ACTION=AUTH_FAIL USER=ANONYMOUS
2026-04-17 00:41:26,410 - INFO - ACTION=AUTH_FAIL USER=ANONYMOUS
2026-04-17 00:41:26,661 - INFO - ACTION=AUTH_FAIL USER=ANONYMOUS
2026-04-17 00:41:26,916 - INFO - ACTION=AUTH_FAIL USER=ANONYMOUS
2026-04-17 00:41:27,169 - INFO - ACTION=AUTH_FAIL USER=ANONYMOUS
2026-04-17 00:41:27,421 - INFO - ACTION=AUTH_FAIL USER=ANONYMOUS
2026-04-17 00:41:27,673 - INFO - ACTION=AUTH_FAIL USER=ANONYMOUS
2026-04-17 00:41:27,922 - INFO - ACTION=AUTH_FAIL USER=ANONYMOUS
2026-04-17 00:41:28,174 - INFO - ACTION=AUTH_FAIL USER=ANONYMOUS
2026-04-17 00:41:28,425 - INFO - ACTION=AUTH_FAIL USER=ANONYMOUS
2026-04-17 00:41:28,679 - INFO - ACTION=AUTH_FAIL USER=ANONYMOUS
2026-04-17 00:41:28,932 - INFO - ACTION=AUTH_FAIL USER=ANONYMOUS
2026-04-17 00:41:29,186 - INFO - ACTION=AUTH_FAIL USER=ANONYMOUS
2026-04-17 00:41:29,437 - INFO - ACTION=AUTH_FAIL USER=ANONYMOUS
2026-04-17 00:41:29,694 - INFO - ACTION=AUTH_FAIL USER=ANONYMOUS
2026-04-17 00:41:29,944 - INFO - ACTION=AUTH_FAIL USER=ANONYMOUS
2026-04-17 00:41:30,199 - INFO - ACTION=AUTH_FAIL USER=ANONYMOUS
2026-04-17 00:41:30,457 - INFO - ACTION=AUTH_FAIL USER=ANONYMOUS
2026-04-17 00:41:30,712 - INFO - ACTION=AUTH_FAIL USER=ANONYMOUS
2026-04-17 00:41:30,967 - INFO - ACTION=AUTH_FAIL USER=ANONYMOUS
2026-04-17 00:41:31,223 - INFO - ACTION=AUTH_FAIL USER=ANONYMOUS
2026-04-17 00:41:31,485 - INFO - ACTION=AUTH_FAIL USER=ANONYMOUS
2026-04-17 00:41:31,735 - INFO - ACTION=AUTH_FAIL USER=ANONYMOUS
2026-04-17 00:41:31,992 - INFO - ACTION=AUTH_FAIL USER=ANONYMOUS
2026-04-17 00:41:32,244 - INFO - ACTION=AUTH_FAIL USER=ANONYMOUS
2026-04-17 00:41:32,501 - INFO - ACTION=AUTH_FAIL USER=ANONYMOUS
2026-04-17 00:41:32,766 - INFO - ACTION=AUTH_FAIL USER=ANONYMOUS
2026-04-17 00:41:33,025 - INFO - ACTION=AUTH_FAIL USER=ANONYMOUS
2026-04-17 00:41:33,277 - INFO - ACTION=AUTH_FAIL USER=ANONYMOUS
2026-04-17 00:41:33,557 - INFO - ACTION=AUTH_FAIL USER=ANONYMOUS
2026-04-17 00:41:33,816 - INFO - ACTION=AUTH_FAIL USER=ANONYMOUS
2026-04-17 00:41:34,073 - INFO - ACTION=AUTH_FAIL USER=ANONYMOUS
2026-04-17 00:41:34,334 - INFO - ACTION=AUTH_FAIL USER=ANONYMOUS
2026-04-17 00:41:34,597 - INFO - ACTION=AUTH_FAIL USER=ANONYMOUS
2026-04-17 00:41:34,852 - INFO - ACTION=AUTH_FAIL USER=ANONYMOUS
2026-04-17 00:41:35,100 - INFO - ACTION=AUTH_FAIL USER=ANONYMOUS
2026-04-17 00:46:00,066 - INFO - ACTION=AUTH_FAIL USER=ANONYMOUS
2026-04-17 00:46:00,480 - INFO - ACTION=AUTH_FAIL USER=ANONYMOUS
2026-04-17 00:46:00,771 - INFO - ACTION=AUTH_FAIL USER=ANONYMOUS
2026-04-17 00:46:01,025 - INFO - ACTION=AUTH_FAIL USER=ANONYMOUS
2026-04-17 00:46:01,276 - INFO - ACTION=AUTH_FAIL USER=ANONYMOUS
2026-04-17 00:46:01,530 - INFO - ACTION=AUTH_FAIL USER=ANONYMOUS
2026-04-17 00:46:01,775 - INFO - ACTION=AUTH_FAIL USER=ANONYMOUS
2026-04-17 00:46:02,035 - INFO - ACTION=AUTH_FAIL USER=ANONYMOUS
2026-04-17 00:46:02,283 - INFO - ACTION=AUTH_FAIL USER=ANONYMOUS
2026-04-17 00:46:02,534 - INFO - ACTION=AUTH_FAIL USER=ANONYMOUS
2026-04-17 00:46:02,780 - INFO - ACTION=AUTH_FAIL USER=ANONYMOUS
2026-04-17 00:46:03,045 - INFO - ACTION=AUTH_FAIL USER=ANONYMOUS
2026-04-17 00:46:03,296 - INFO - ACTION=AUTH_FAIL USER=ANONYMOUS
2026-04-17 00:46:03,548 - INFO - ACTION=AUTH_FAIL USER=ANONYMOUS
2026-04-17 00:46:03,803 - INFO - ACTION=AUTH_FAIL USER=ANONYMOUS
2026-04-17 00:46:04,055 - INFO - ACTION=AUTH_FAIL USER=ANONYMOUS
2026-04-17 00:46:04,338 - INFO - ACTION=AUTH_FAIL USER=ANONYMOUS
2026-04-17 00:46:04,691 - INFO - ACTION=AUTH_FAIL USER=ANONYMOUS
2026-04-17 00:46:04,935 - INFO - ACTION=AUTH_FAIL USER=ANONYMOUS
2026-04-17 00:46:05,179 - INFO - ACTION=AUTH_FAIL USER=ANONYMOUS
2026-04-17 00:46:05,425 - INFO - ACTION=AUTH_FAIL USER=ANONYMOUS
2026-04-17 00:46:05,693 - INFO - ACTION=AUTH_FAIL USER=ANONYMOUS
2026-04-17 00:46:05,938 - INFO - ACTION=AUTH_FAIL USER=ANONYMOUS
2026-04-17 00:46:06,189 - INFO - ACTION=AUTH_FAIL USER=ANONYMOUS
2026-04-17 00:46:06,437 - INFO - ACTION=AUTH_FAIL USER=ANONYMOUS
2026-04-17 00:46:06,692 - INFO - ACTION=AUTH_FAIL USER=ANONYMOUS
2026-04-17 00:46:06,941 - INFO - ACTION=AUTH_FAIL USER=ANONYMOUS
2026-04-17 00:46:07,193 - INFO - ACTION=AUTH_FAIL USER=ANONYMOUS
2026-04-17 00:46:07,453 - INFO - ACTION=AUTH_FAIL USER=ANONYMOUS
2026-04-17 00:46:07,714 - INFO - ACTION=AUTH_FAIL USER=ANONYMOUS
2026-04-17 00:46:07,962 - INFO - ACTION=AUTH_FAIL USER=ANONYMOUS
2026-04-17 00:46:08,213 - INFO - ACTION=AUTH_FAIL USER=ANONYMOUS
2026-04-17 00:46:08,471 - INFO - ACTION=AUTH_FAIL USER=ANONYMOUS
2026-04-17 00:46:08,724 - INFO - ACTION=AUTH_FAIL USER=ANONYMOUS
2026-04-17 00:46:08,978 - INFO - ACTION=AUTH_FAIL USER=ANONYMOUS
2026-04-17 00:46:09,232 - INFO - ACTION=AUTH_FAIL USER=ANONYMOUS
2026-04-17 00:46:09,487 - INFO - ACTION=AUTH_FAIL USER=ANONYMOUS
2026-04-17 00:46:09,740 - INFO - ACTION=AUTH_FAIL USER=ANONYMOUS
2026-04-17 00:46:10,000 - INFO - ACTION=ENROLL_SUCCESS USER=Nader
2026-04-17 00:46:10,304 - INFO - ACTION=AUTH_SUCCESS USER=Nader
2026-04-17 00:46:10,560 - INFO - ACTION=AUTH_SUCCESS USER=Nader
2026-04-17 00:46:10,813 - INFO - ACTION=AUTH_SUCCESS USER=Nader
2026-04-17 00:46:11,068 - INFO - ACTION=AUTH_SUCCESS USER=Nader
2026-04-17 00:46:11,312 - INFO - ACTION=AUTH_SUCCESS USER=Nader
2026-04-17 00:46:11,561 - INFO - ACTION=AUTH_SUCCESS USER=Nader
2026-04-17 00:46:11,838 - INFO - ACTION=AUTH_SUCCESS USER=Nader
2026-04-17 00:46:12,096 - INFO - ACTION=AUTH_SUCCESS USER=Nader
2026-04-17 00:46:12,350 - INFO - ACTION=AUTH_SUCCESS USER=Nader
2026-04-17 00:46:12,606 - INFO - ACTION=AUTH_SUCCESS USER=Nader
2026-04-17 00:46:12,858 - INFO - ACTION=AUTH_SUCCESS USER=Nader
2026-04-17 00:46:13,117 - INFO - ACTION=AUTH_SUCCESS USER=Nader
2026-04-17 00:46:13,368 - INFO - ACTION=AUTH_SUCCESS USER=Nader
2026-04-17 00:46:13,614 - INFO - ACTION=AUTH_SUCCESS USER=Nader
2026-04-17 00:46:13,856 - INFO - ACTION=AUTH_SUCCESS USER=Nader
2026-04-17 00:46:14,135 - INFO - ACTION=AUTH_SUCCESS USER=Nader
2026-04-17 00:46:14,381 - INFO - ACTION=AUTH_SUCCESS USER=Nader
2026-04-17 00:46:14,624 - INFO - ACTION=AUTH_SUCCESS USER=Nader
2026-04-17 00:46:14,875 - INFO - ACTION=AUTH_SUCCESS USER=Nader
2026-04-17 00:46:15,131 - INFO - ACTION=AUTH_SUCCESS USER=Nader
2026-04-17 00:46:15,384 - INFO - ACTION=AUTH_SUCCESS USER=Nader
2026-04-17 00:46:15,633 - INFO - ACTION=AUTH_SUCCESS USER=Nader
2026-04-17 00:46:15,880 - INFO - ACTION=AUTH_SUCCESS USER=Nader
2026-04-17 00:46:16,140 - INFO - ACTION=DELETE_SUCCESS USER=Nader
2026-04-17 00:46:16,140 - INFO - ACTION=AUTH_SUCCESS USER=Nader
2026-04-17 00:46:16,444 - INFO - ACTION=AUTH_FAIL USER=ANONYMOUS
2026-04-17 00:46:16,696 - INFO - ACTION=AUTH_FAIL USER=ANONYMOUS
2026-04-17 00:46:16,947 - INFO - ACTION=AUTH_FAIL USER=ANONYMOUS
2026-04-17 00:46:17,204 - INFO - ACTION=AUTH_FAIL USER=ANONYMOUS
2026-04-17 00:46:17,452 - INFO - ACTION=AUTH_FAIL USER=ANONYMOUS
2026-04-17 00:46:17,705 - INFO - ACTION=AUTH_FAIL USER=ANONYMOUS
2026-04-17 00:46:17,972 - INFO - ACTION=AUTH_FAIL USER=ANONYMOUS
2026-04-17 00:46:18,219 - INFO - ACTION=AUTH_FAIL USER=ANONYMOUS
2026-04-17 00:46:18,467 - INFO - ACTION=AUTH_FAIL USER=ANONYMOUS
2026-04-17 00:46:18,716 - INFO - ACTION=AUTH_FAIL USER=ANONYMOUS
2026-04-17 00:46:18,964 - INFO - ACTION=AUTH_FAIL USER=ANONYMOUS
2026-04-17 00:46:19,210 - INFO - ACTION=AUTH_FAIL USER=ANONYMOUS
2026-04-17 00:46:19,460 - INFO - ACTION=AUTH_FAIL USER=ANONYMOUS
2026-04-17 00:46:19,711 - INFO - ACTION=AUTH_FAIL USER=ANONYMOUS
2026-04-17 00:46:19,963 - INFO - ACTION=AUTH_FAIL USER=ANONYMOUS
2026-04-17 00:46:20,217 - INFO - ACTION=AUTH_FAIL USER=ANONYMOUS
2026-04-17 00:46:20,464 - INFO - ACTION=AUTH_FAIL USER=ANONYMOUS
2026-04-17 00:48:39,903 - INFO - ACTION=AUTH_FAIL USER=ANONYMOUS
2026-04-17 00:48:40,247 - INFO - ACTION=AUTH_FAIL USER=ANONYMOUS
2026-04-17 00:48:40,496 - INFO - ACTION=AUTH_FAIL USER=ANONYMOUS
2026-04-17 00:48:40,747 - INFO - ACTION=AUTH_FAIL USER=ANONYMOUS
2026-04-17 00:48:40,995 - INFO - ACTION=AUTH_FAIL USER=ANONYMOUS
2026-04-17 00:48:41,241 - INFO - ACTION=AUTH_FAIL USER=ANONYMOUS
2026-04-17 00:48:41,514 - INFO - ACTION=AUTH_FAIL USER=ANONYMOUS
2026-04-17 00:48:41,775 - INFO - ACTION=AUTH_FAIL USER=ANONYMOUS
2026-04-17 00:48:42,398 - INFO - ACTION=AUTH_FAIL USER=ANONYMOUS
2026-04-17 00:48:42,647 - INFO - ACTION=AUTH_FAIL USER=ANONYMOUS
2026-04-17 00:48:42,899 - INFO - ACTION=AUTH_FAIL USER=ANONYMOUS
2026-04-17 00:48:43,148 - INFO - ACTION=AUTH_FAIL USER=ANONYMOUS
2026-04-17 00:48:43,395 - INFO - ACTION=AUTH_FAIL USER=ANONYMOUS
2026-04-17 00:48:43,645 - INFO - ACTION=AUTH_FAIL USER=ANONYMOUS
2026-04-17 00:48:43,922 - INFO - ACTION=AUTH_FAIL USER=ANONYMOUS
2026-04-17 00:48:44,211 - INFO - ACTION=AUTH_FAIL USER=ANONYMOUS
2026-04-17 00:48:44,453 - INFO - ACTION=AUTH_FAIL USER=ANONYMOUS
2026-04-17 00:48:44,697 - INFO - ACTION=AUTH_FAIL USER=ANONYMOUS
2026-04-17 00:48:44,946 - INFO - ACTION=AUTH_FAIL USER=ANONYMOUS
2026-04-17 00:48:45,197 - INFO - ACTION=AUTH_FAIL USER=ANONYMOUS
2026-04-17 00:48:45,449 - INFO - ACTION=AUTH_FAIL USER=ANONYMOUS
2026-04-17 00:48:45,700 - INFO - ACTION=AUTH_FAIL USER=ANONYMOUS
2026-04-17 00:48:46,205 - INFO - ACTION=AUTH_FAIL USER=ANONYMOUS
2026-04-17 00:48:46,450 - INFO - ACTION=AUTH_FAIL USER=ANONYMOUS
2026-04-17 00:48:46,699 - INFO - ACTION=AUTH_FAIL USER=ANONYMOUS
2026-04-17 00:48:46,942 - INFO - ACTION=AUTH_FAIL USER=ANONYMOUS
2026-04-17 00:48:47,185 - INFO - ACTION=AUTH_FAIL USER=ANONYMOUS
2026-04-17 00:48:47,430 - INFO - ACTION=AUTH_FAIL USER=ANONYMOUS
2026-04-17 00:48:47,680 - INFO - ACTION=AUTH_FAIL USER=ANONYMOUS
2026-04-17 00:48:47,923 - INFO - ACTION=AUTH_FAIL USER=ANONYMOUS
2026-04-17 00:48:48,165 - INFO - ACTION=AUTH_FAIL USER=ANONYMOUS
2026-04-17 00:48:48,411 - INFO - ACTION=AUTH_FAIL USER=ANONYMOUS
2026-04-17 00:48:48,659 - INFO - ACTION=AUTH_FAIL USER=ANONYMOUS
2026-04-17 00:48:48,913 - INFO - ACTION=AUTH_FAIL USER=ANONYMOUS
2026-04-17 00:48:49,164 - INFO - ACTION=AUTH_FAIL USER=ANONYMOUS
2026-04-17 00:48:49,408 - INFO - ACTION=AUTH_FAIL USER=ANONYMOUS
2026-04-17 00:48:49,660 - INFO - ACTION=AUTH_FAIL USER=ANONYMOUS
2026-04-17 00:48:49,908 - INFO - ACTION=AUTH_FAIL USER=ANONYMOUS
2026-04-17 00:48:50,152 - INFO - ACTION=AUTH_FAIL USER=ANONYMOUS
2026-04-17 00:48:50,395 - INFO - ACTION=AUTH_FAIL USER=ANONYMOUS
2026-04-17 00:48:50,640 - INFO - ACTION=AUTH_FAIL USER=ANONYMOUS
2026-04-17 00:48:50,885 - INFO - ACTION=AUTH_FAIL USER=ANONYMOUS
2026-04-17 00:48:51,130 - INFO - ACTION=AUTH_FAIL USER=ANONYMOUS
2026-04-17 00:48:51,380 - INFO - ACTION=AUTH_FAIL USER=ANONYMOUS
2026-04-17 00:48:51,635 - INFO - ACTION=AUTH_FAIL USER=ANONYMOUS
2026-04-17 00:48:51,878 - INFO - ACTION=AUTH_FAIL USER=ANONYMOUS
2026-04-17 00:48:52,128 - INFO - ACTION=AUTH_FAIL USER=ANONYMOUS
2026-04-17 00:48:52,374 - INFO - ACTION=AUTH_FAIL USER=ANONYMOUS
2026-04-17 00:48:52,616 - INFO - ACTION=AUTH_FAIL USER=ANONYMOUS
2026-04-17 00:48:52,904 - INFO - ACTION=ENROLL_SUCCESS USER=Nader
2026-04-17 00:49:15,663 - INFO - ACTION=AUTH_SUCCESS USER=Nader
2026-04-17 00:49:15,996 - INFO - ACTION=AUTH_SUCCESS USER=Nader
2026-04-17 00:49:16,298 - INFO - ACTION=AUTH_SUCCESS USER=Nader
2026-04-17 00:49:16,552 - INFO - ACTION=AUTH_SUCCESS USER=Nader
2026-04-17 00:49:16,804 - INFO - ACTION=AUTH_SUCCESS USER=Nader
2026-04-17 00:49:17,067 - INFO - ACTION=AUTH_SUCCESS USER=Nader
2026-04-17 00:49:17,318 - INFO - ACTION=AUTH_SUCCESS USER=Nader
2026-04-17 00:49:17,570 - INFO - ACTION=AUTH_SUCCESS USER=Nader
2026-04-17 00:49:17,820 - INFO - ACTION=AUTH_SUCCESS USER=Nader
2026-04-17 00:49:18,070 - INFO - ACTION=AUTH_SUCCESS USER=Nader
2026-04-17 00:49:18,313 - INFO - ACTION=AUTH_SUCCESS USER=Nader
2026-04-17 00:49:18,556 - INFO - ACTION=AUTH_SUCCESS USER=Nader
2026-04-17 00:49:18,803 - INFO - ACTION=AUTH_SUCCESS USER=Nader
2026-04-17 00:49:19,052 - INFO - ACTION=AUTH_SUCCESS USER=Nader
2026-04-17 00:49:19,302 - INFO - ACTION=AUTH_SUCCESS USER=Nader
2026-04-17 00:49:19,548 - INFO - ACTION=AUTH_SUCCESS USER=Nader
2026-04-17 00:49:19,798 - INFO - ACTION=AUTH_SUCCESS USER=Nader
2026-04-17 00:49:20,056 - INFO - ACTION=AUTH_SUCCESS USER=Nader
2026-04-17 00:49:20,315 - INFO - ACTION=AUTH_SUCCESS USER=Nader
2026-04-17 00:49:20,566 - INFO - ACTION=AUTH_SUCCESS USER=Nader
2026-04-17 00:49:20,815 - INFO - ACTION=AUTH_SUCCESS USER=Nader
2026-04-17 00:49:21,071 - INFO - ACTION=AUTH_SUCCESS USER=Nader
2026-04-17 00:49:21,318 - INFO - ACTION=AUTH_SUCCESS USER=Nader
2026-04-17 00:49:21,571 - INFO - ACTION=AUTH_SUCCESS USER=Nader
2026-04-17 00:49:21,819 - INFO - ACTION=AUTH_SUCCESS USER=Nader
2026-04-17 00:49:22,076 - INFO - ACTION=AUTH_SUCCESS USER=Nader
2026-04-17 00:49:22,326 - INFO - ACTION=AUTH_SUCCESS USER=Nader
2026-04-17 00:49:22,577 - INFO - ACTION=AUTH_SUCCESS USER=Nader
2026-04-17 00:49:22,818 - INFO - ACTION=AUTH_SUCCESS USER=Nader
2026-04-17 00:49:23,063 - INFO - ACTION=AUTH_SUCCESS USER=Nader
2026-04-17 00:49:23,310 - INFO - ACTION=AUTH_SUCCESS USER=Nader
2026-04-17 00:49:23,553 - INFO - ACTION=AUTH_SUCCESS USER=Nader
2026-04-17 00:49:23,799 - INFO - ACTION=AUTH_SUCCESS USER=Nader
2026-04-17 00:49:24,057 - INFO - ACTION=AUTH_SUCCESS USER=Nader
2026-04-17 00:49:24,302 - INFO - ACTION=AUTH_SUCCESS USER=Nader
2026-04-17 00:49:24,564 - INFO - ACTION=AUTH_SUCCESS USER=Nader
2026-04-17 00:49:24,815 - INFO - ACTION=AUTH_SUCCESS USER=Nader
2026-04-17 00:49:25,065 - INFO - ACTION=AUTH_SUCCESS USER=Nader
2026-04-17 00:49:25,344 - INFO - ACTION=AUTH_SUCCESS USER=Nader
2026-04-17 00:49:25,592 - INFO - ACTION=AUTH_SUCCESS USER=Nader
2026-04-17 00:49:25,849 - INFO - ACTION=AUTH_SUCCESS USER=Nader
2026-04-17 00:49:26,114 - INFO - ACTION=AUTH_SUCCESS USER=Nader
2026-04-17 00:49:26,366 - INFO - ACTION=AUTH_SUCCESS USER=Nader
2026-04-17 00:49:26,615 - INFO - ACTION=AUTH_SUCCESS USER=Nader
2026-04-17 00:49:26,861 - INFO - ACTION=AUTH_SUCCESS USER=Nader
2026-04-17 00:49:27,110 - INFO - ACTION=AUTH_SUCCESS USER=Nader
2026-04-17 00:49:27,362 - INFO - ACTION=AUTH_SUCCESS USER=Nader
2026-04-17 00:49:27,364 - INFO - ACTION=DELETE_SUCCESS USER=Nader
2026-04-17 00:49:27,647 - INFO - ACTION=AUTH_FAIL USER=ANONYMOUS
2026-04-17 00:49:27,894 - INFO - ACTION=AUTH_FAIL USER=ANONYMOUS
2026-04-17 00:49:28,141 - INFO - ACTION=AUTH_FAIL USER=ANONYMOUS
2026-04-17 00:49:28,387 - INFO - ACTION=AUTH_FAIL USER=ANONYMOUS
2026-04-17 00:49:28,637 - INFO - ACTION=AUTH_FAIL USER=ANONYMOUS
2026-04-17 00:49:28,884 - INFO - ACTION=AUTH_FAIL USER=ANONYMOUS
2026-04-17 00:49:29,131 - INFO - ACTION=AUTH_FAIL USER=ANONYMOUS
2026-04-17 00:49:29,387 - INFO - ACTION=AUTH_FAIL USER=ANONYMOUS
2026-04-17 00:49:29,631 - INFO - ACTION=AUTH_FAIL USER=ANONYMOUS
2026-04-17 00:49:29,875 - INFO - ACTION=AUTH_FAIL USER=ANONYMOUS
2026-04-17 00:49:30,121 - INFO - ACTION=AUTH_FAIL USER=ANONYMOUS
2026-04-17 00:49:30,368 - INFO - ACTION=AUTH_FAIL USER=ANONYMOUS
2026-04-17 00:49:30,613 - INFO - ACTION=AUTH_FAIL USER=ANONYMOUS
2026-04-17 00:49:30,860 - INFO - ACTION=AUTH_FAIL USER=ANONYMOUS
2026-04-17 00:49:31,106 - INFO - ACTION=AUTH_FAIL USER=ANONYMOUS
2026-04-17 00:49:31,353 - INFO - ACTION=AUTH_FAIL USER=ANONYMOUS
2026-04-17 00:49:31,603 - INFO - ACTION=AUTH_FAIL USER=ANONYMOUS
2026-04-17 00:49:31,851 - INFO - ACTION=AUTH_FAIL USER=ANONYMOUS
2026-04-17 00:49:32,105 - INFO - ACTION=AUTH_FAIL USER=ANONYMOUS
2026-04-17 00:49:32,352 - INFO - ACTION=AUTH_FAIL USER=ANONYMOUS
2026-04-17 00:49:32,607 - INFO - ACTION=AUTH_FAIL USER=ANONYMOUS
2026-04-17 00:49:32,855 - INFO - ACTION=AUTH_FAIL USER=ANONYMOUS
2026-04-17 00:49:33,112 - INFO - ACTION=AUTH_FAIL USER=ANONYMOUS
2026-04-17 00:49:33,360 - INFO - ACTION=AUTH_FAIL USER=ANONYMOUS
2026-04-17 00:49:33,607 - INFO - ACTION=AUTH_FAIL USER=ANONYMOUS
2026-04-17 00:49:33,854 - INFO - ACTION=AUTH_FAIL USER=ANONYMOUS
2026-04-17 06:17:00,972 - INFO - ACTION=AUTH_FAIL_NO_FACE USER=ANONYMOUS
2026-04-17 06:17:01,038 - INFO - ACTION=AUTH_FAIL_NO_FACE USER=ANONYMOUS
2026-04-17 06:17:01,084 - INFO - ACTION=AUTH_FAIL_NO_FACE USER=ANONYMOUS
2026-04-17 06:17:01,112 - INFO - ACTION=AUTH_FAIL_NO_FACE USER=ANONYMOUS
2026-04-17 06:17:01,141 - INFO - ACTION=AUTH_FAIL_NO_FACE USER=ANONYMOUS
2026-04-17 06:17:01,419 - INFO - ACTION=AUTH_FAIL USER=ANONYMOUS
2026-04-17 06:17:01,660 - INFO - ACTION=AUTH_FAIL USER=ANONYMOUS
2026-04-17 06:17:01,903 - INFO - ACTION=AUTH_FAIL USER=ANONYMOUS
2026-04-17 06:17:02,149 - INFO - ACTION=AUTH_FAIL USER=ANONYMOUS
2026-04-17 06:17:02,394 - INFO - ACTION=AUTH_FAIL USER=ANONYMOUS
2026-04-17 06:17:02,639 - INFO - ACTION=AUTH_FAIL USER=ANONYMOUS
2026-04-17 06:17:02,880 - INFO - ACTION=AUTH_FAIL USER=ANONYMOUS
2026-04-17 06:17:03,128 - INFO - ACTION=AUTH_FAIL USER=ANONYMOUS
2026-04-17 06:17:03,371 - INFO - ACTION=AUTH_FAIL USER=ANONYMOUS
2026-04-17 06:17:03,618 - INFO - ACTION=AUTH_FAIL USER=ANONYMOUS
2026-04-17 06:17:03,873 - INFO - ACTION=AUTH_FAIL USER=ANONYMOUS
2026-04-17 06:17:04,123 - INFO - ACTION=AUTH_FAIL USER=ANONYMOUS
2026-04-17 06:17:04,367 - INFO - ACTION=AUTH_FAIL USER=ANONYMOUS
2026-04-17 06:17:04,613 - INFO - ACTION=AUTH_FAIL USER=ANONYMOUS
2026-04-17 06:17:04,856 - INFO - ACTION=AUTH_FAIL USER=ANONYMOUS
2026-04-17 06:17:05,101 - INFO - ACTION=AUTH_FAIL USER=ANONYMOUS
2026-04-17 06:17:05,346 - INFO - ACTION=AUTH_FAIL USER=ANONYMOUS
2026-04-17 06:17:05,591 - INFO - ACTION=AUTH_FAIL USER=ANONYMOUS
2026-04-17 06:17:05,870 - INFO - ACTION=AUTH_FAIL USER=ANONYMOUS
2026-04-17 06:17:06,113 - INFO - ACTION=AUTH_FAIL USER=ANONYMOUS
2026-04-17 06:17:06,359 - INFO - ACTION=AUTH_FAIL USER=ANONYMOUS
2026-04-17 06:17:06,601 - INFO - ACTION=AUTH_FAIL USER=ANONYMOUS
2026-04-17 06:17:06,846 - INFO - ACTION=AUTH_FAIL USER=ANONYMOUS
2026-04-17 06:17:07,091 - INFO - ACTION=AUTH_FAIL USER=ANONYMOUS
2026-04-17 06:17:07,341 - INFO - ACTION=AUTH_FAIL USER=ANONYMOUS
2026-04-17 06:17:07,588 - INFO - ACTION=AUTH_FAIL USER=ANONYMOUS
2026-04-17 06:17:07,830 - INFO - ACTION=AUTH_FAIL USER=ANONYMOUS
2026-04-17 06:17:08,081 - INFO - ACTION=AUTH_FAIL USER=ANONYMOUS
2026-04-17 06:17:08,327 - INFO - ACTION=AUTH_FAIL USER=ANONYMOUS
2026-04-17 06:17:08,567 - INFO - ACTION=AUTH_FAIL USER=ANONYMOUS
2026-04-17 06:17:08,820 - INFO - ACTION=AUTH_FAIL USER=ANONYMOUS
2026-04-17 06:17:09,070 - INFO - ACTION=AUTH_FAIL USER=ANONYMOUS
2026-04-17 06:17:09,314 - INFO - ACTION=AUTH_FAIL USER=ANONYMOUS
2026-04-17 06:17:09,557 - INFO - ACTION=AUTH_FAIL USER=ANONYMOUS
2026-04-17 06:17:09,798 - INFO - ACTION=AUTH_FAIL USER=ANONYMOUS
2026-04-17 06:17:10,040 - INFO - ACTION=AUTH_FAIL USER=ANONYMOUS
2026-04-17 06:17:10,285 - INFO - ACTION=AUTH_FAIL USER=ANONYMOUS
2026-04-17 06:17:10,527 - INFO - ACTION=AUTH_FAIL USER=ANONYMOUS
2026-04-17 06:17:10,768 - INFO - ACTION=AUTH_FAIL USER=ANONYMOUS
2026-04-17 06:17:11,011 - INFO - ACTION=AUTH_FAIL USER=ANONYMOUS
2026-04-17 06:17:11,259 - INFO - ACTION=AUTH_FAIL USER=ANONYMOUS
2026-04-17 06:17:11,509 - INFO - ACTION=AUTH_FAIL USER=ANONYMOUS
2026-04-17 06:17:11,755 - INFO - ACTION=AUTH_FAIL USER=ANONYMOUS
2026-04-17 06:17:12,004 - INFO - ACTION=AUTH_FAIL USER=ANONYMOUS
2026-04-17 06:17:12,253 - INFO - ACTION=AUTH_FAIL USER=ANONYMOUS
2026-04-17 06:17:12,500 - INFO - ACTION=AUTH_FAIL USER=ANONYMOUS
2026-04-17 06:17:12,751 - INFO - ACTION=AUTH_FAIL USER=ANONYMOUS
2026-04-17 06:17:12,995 - INFO - ACTION=AUTH_FAIL USER=ANONYMOUS
2026-04-17 06:17:13,246 - INFO - ACTION=AUTH_FAIL USER=ANONYMOUS
2026-04-17 06:17:13,491 - INFO - ACTION=AUTH_FAIL USER=ANONYMOUS
2026-04-17 06:17:13,737 - INFO - ACTION=AUTH_FAIL USER=ANONYMOUS
2026-04-17 06:17:13,981 - INFO - ACTION=AUTH_FAIL USER=ANONYMOUS
2026-04-17 06:17:14,230 - INFO - ACTION=AUTH_FAIL USER=ANONYMOUS
2026-04-17 06:17:14,473 - INFO - ACTION=AUTH_FAIL USER=ANONYMOUS
2026-04-17 06:17:14,720 - INFO - ACTION=AUTH_FAIL USER=ANONYMOUS
2026-04-17 06:17:14,964 - INFO - ACTION=AUTH_FAIL USER=ANONYMOUS
2026-04-17 06:17:15,224 - INFO - ACTION=AUTH_FAIL USER=ANONYMOUS
2026-04-17 06:17:15,477 - INFO - ACTION=AUTH_FAIL USER=ANONYMOUS
2026-04-17 06:17:15,722 - INFO - ACTION=AUTH_FAIL USER=ANONYMOUS
2026-04-17 06:17:15,963 - INFO - ACTION=AUTH_FAIL USER=ANONYMOUS
2026-04-17 06:17:16,207 - INFO - ACTION=AUTH_FAIL USER=ANONYMOUS
2026-04-17 06:17:16,449 - INFO - ACTION=AUTH_FAIL USER=ANONYMOUS
2026-04-17 06:17:16,692 - INFO - ACTION=AUTH_FAIL USER=ANONYMOUS
2026-04-17 06:17:16,937 - INFO - ACTION=AUTH_FAIL USER=ANONYMOUS
2026-04-17 06:17:17,185 - INFO - ACTION=AUTH_FAIL USER=ANONYMOUS
2026-04-17 06:17:17,427 - INFO - ACTION=AUTH_FAIL USER=ANONYMOUS
2026-04-17 06:17:17,672 - INFO - ACTION=AUTH_FAIL USER=ANONYMOUS
2026-04-17 06:17:17,928 - INFO - ACTION=ENROLL_SUCCESS USER=Nader
2026-04-17 06:17:18,207 - INFO - ACTION=AUTH_SUCCESS USER=Nader
2026-04-17 06:17:18,456 - INFO - ACTION=AUTH_SUCCESS USER=Nader
2026-04-17 06:17:18,701 - INFO - ACTION=AUTH_SUCCESS USER=Nader
2026-04-17 06:17:18,945 - INFO - ACTION=AUTH_SUCCESS USER=Nader
2026-04-17 06:17:19,201 - INFO - ACTION=AUTH_SUCCESS USER=Nader
2026-04-17 06:17:19,446 - INFO - ACTION=AUTH_SUCCESS USER=Nader
2026-04-17 06:17:19,688 - INFO - ACTION=AUTH_SUCCESS USER=Nader
2026-04-17 06:17:19,932 - INFO - ACTION=AUTH_SUCCESS USER=Nader
2026-04-17 06:17:20,181 - INFO - ACTION=AUTH_SUCCESS USER=Nader
2026-04-17 06:17:20,422 - INFO - ACTION=AUTH_SUCCESS USER=Nader
2026-04-17 06:17:20,664 - INFO - ACTION=AUTH_SUCCESS USER=Nader
2026-04-17 06:17:20,908 - INFO - ACTION=AUTH_SUCCESS USER=Nader
2026-04-17 06:17:21,162 - INFO - ACTION=AUTH_SUCCESS USER=Nader
2026-04-17 06:17:21,405 - INFO - ACTION=AUTH_SUCCESS USER=Nader
2026-04-17 06:17:21,654 - INFO - ACTION=AUTH_SUCCESS USER=Nader
2026-04-17 06:17:21,903 - INFO - ACTION=AUTH_SUCCESS USER=Nader
2026-04-17 06:17:22,163 - INFO - ACTION=AUTH_SUCCESS USER=Nader
2026-04-17 06:17:22,405 - INFO - ACTION=AUTH_SUCCESS USER=Nader
2026-04-17 06:17:22,674 - INFO - ACTION=AUTH_SUCCESS USER=Nader
2026-04-17 06:17:22,920 - INFO - ACTION=AUTH_SUCCESS USER=Nader
2026-04-17 06:17:23,177 - INFO - ACTION=AUTH_SUCCESS USER=Nader
2026-04-17 06:17:23,428 - INFO - ACTION=AUTH_SUCCESS USER=Nader
2026-04-17 06:17:23,678 - INFO - ACTION=AUTH_SUCCESS USER=Nader
2026-04-17 06:17:23,925 - INFO - ACTION=AUTH_SUCCESS USER=Nader
2026-04-17 06:17:24,176 - INFO - ACTION=AUTH_SUCCESS USER=Nader
2026-04-17 06:17:24,427 - INFO - ACTION=AUTH_SUCCESS USER=Nader
2026-04-17 06:17:24,677 - INFO - ACTION=AUTH_SUCCESS USER=Nader
2026-04-17 06:17:24,925 - INFO - ACTION=AUTH_SUCCESS USER=Nader
2026-04-17 06:17:25,183 - INFO - ACTION=AUTH_SUCCESS USER=Nader
2026-04-17 06:17:25,433 - INFO - ACTION=AUTH_SUCCESS USER=Nader
2026-04-17 06:17:25,685 - INFO - ACTION=AUTH_SUCCESS USER=Nader
2026-04-17 06:17:25,931 - INFO - ACTION=AUTH_SUCCESS USER=Nader
2026-04-17 06:17:26,185 - INFO - ACTION=AUTH_SUCCESS USER=Nader
2026-04-17 06:17:26,427 - INFO - ACTION=AUTH_SUCCESS USER=Nader
2026-04-17 06:17:26,675 - INFO - ACTION=AUTH_SUCCESS USER=Nader
2026-04-17 06:17:26,925 - INFO - ACTION=AUTH_SUCCESS USER=Nader
2026-04-17 06:17:27,185 - INFO - ACTION=AUTH_SUCCESS USER=Nader
2026-04-17 06:17:27,433 - INFO - ACTION=AUTH_SUCCESS USER=Nader
2026-04-17 06:17:27,693 - INFO - ACTION=AUTH_SUCCESS USER=Nader
2026-04-17 06:17:27,941 - INFO - ACTION=AUTH_SUCCESS USER=Nader
2026-04-17 06:17:28,203 - INFO - ACTION=AUTH_SUCCESS USER=Nader
2026-04-17 06:17:28,446 - INFO - ACTION=AUTH_SUCCESS USER=Nader
2026-04-17 06:17:28,692 - INFO - ACTION=AUTH_SUCCESS USER=Nader
2026-04-17 06:17:28,935 - INFO - ACTION=AUTH_SUCCESS USER=Nader
2026-04-17 06:17:29,187 - INFO - ACTION=AUTH_SUCCESS USER=Nader
2026-04-17 06:17:29,439 - INFO - ACTION=AUTH_SUCCESS USER=Nader
2026-04-17 06:17:29,680 - INFO - ACTION=AUTH_SUCCESS USER=Nader
2026-04-17 06:17:29,922 - INFO - ACTION=AUTH_SUCCESS USER=Nader
2026-04-17 06:17:30,190 - INFO - ACTION=AUTH_SUCCESS USER=Nader
2026-04-17 06:17:30,454 - INFO - ACTION=AUTH_SUCCESS USER=Nader
2026-04-17 06:17:30,698 - INFO - ACTION=AUTH_SUCCESS USER=Nader
2026-04-17 06:17:30,942 - INFO - ACTION=AUTH_SUCCESS USER=Nader
2026-04-17 06:17:31,191 - INFO - ACTION=AUTH_SUCCESS USER=Nader
2026-04-17 06:17:31,444 - INFO - ACTION=AUTH_SUCCESS USER=Nader
2026-04-17 06:17:31,693 - INFO - ACTION=AUTH_SUCCESS USER=Nader
2026-04-17 06:17:31,950 - INFO - ACTION=AUTH_SUCCESS USER=Nader
2026-04-17 06:17:32,208 - INFO - ACTION=AUTH_SUCCESS USER=Nader
2026-04-17 06:17:32,468 - INFO - ACTION=AUTH_SUCCESS USER=Nader
2026-04-17 06:17:32,712 - INFO - ACTION=AUTH_SUCCESS USER=Nader
2026-04-17 06:17:32,960 - INFO - ACTION=AUTH_SUCCESS USER=Nader
2026-04-17 06:17:33,205 - INFO - ACTION=AUTH_SUCCESS USER=Nader
2026-04-17 06:17:33,449 - INFO - ACTION=AUTH_SUCCESS USER=Nader
2026-04-17 06:17:33,727 - INFO - ACTION=AUTH_SUCCESS USER=Nader
2026-04-17 06:17:33,980 - INFO - ACTION=AUTH_SUCCESS USER=Nader
2026-04-17 06:17:34,228 - INFO - ACTION=AUTH_SUCCESS USER=Nader
2026-04-17 06:17:34,473 - INFO - ACTION=AUTH_SUCCESS USER=Nader
2026-04-17 06:17:34,745 - INFO - ACTION=AUTH_SUCCESS USER=Nader
2026-04-17 06:17:34,988 - INFO - ACTION=AUTH_SUCCESS USER=Nader
2026-04-17 06:17:35,237 - INFO - ACTION=AUTH_SUCCESS USER=Nader
2026-04-17 06:17:35,481 - INFO - ACTION=AUTH_SUCCESS USER=Nader
2026-04-17 06:17:35,725 - INFO - ACTION=AUTH_SUCCESS USER=Nader
2026-04-17 06:17:35,966 - INFO - ACTION=AUTH_SUCCESS USER=Nader
2026-04-17 06:17:36,210 - INFO - ACTION=AUTH_SUCCESS USER=Nader
2026-04-17 06:17:36,465 - INFO - ACTION=AUTH_SUCCESS USER=Nader
2026-04-17 06:17:36,712 - INFO - ACTION=AUTH_SUCCESS USER=Nader
2026-04-17 06:17:36,955 - INFO - ACTION=AUTH_SUCCESS USER=Nader
2026-04-17 06:17:37,199 - INFO - ACTION=AUTH_SUCCESS USER=Nader
2026-04-17 06:17:37,442 - INFO - ACTION=AUTH_SUCCESS USER=Nader
2026-04-17 06:17:37,681 - INFO - ACTION=AUTH_SUCCESS USER=Nader
2026-04-17 06:17:37,924 - INFO - ACTION=AUTH_SUCCESS USER=Nader
2026-04-17 06:17:38,171 - INFO - ACTION=AUTH_SUCCESS USER=Nader
2026-04-17 06:17:38,415 - INFO - ACTION=AUTH_SUCCESS USER=Nader
2026-04-17 06:17:38,658 - INFO - ACTION=AUTH_SUCCESS USER=Nader
2026-04-17 06:17:38,899 - INFO - ACTION=AUTH_SUCCESS USER=Nader
2026-04-17 06:17:39,145 - INFO - ACTION=AUTH_SUCCESS USER=Nader
2026-04-17 06:17:39,387 - INFO - ACTION=AUTH_SUCCESS USER=Nader
2026-04-17 06:17:39,630 - INFO - ACTION=AUTH_SUCCESS USER=Nader
2026-04-17 06:17:39,876 - INFO - ACTION=AUTH_SUCCESS USER=Nader
2026-04-17 06:17:40,122 - INFO - ACTION=AUTH_SUCCESS USER=Nader
2026-04-17 06:17:40,365 - INFO - ACTION=AUTH_SUCCESS USER=Nader
2026-04-17 06:17:40,638 - INFO - ACTION=AUTH_SUCCESS USER=Nader
2026-04-17 06:17:40,883 - INFO - ACTION=AUTH_SUCCESS USER=Nader
2026-04-17 06:17:41,125 - INFO - ACTION=AUTH_SUCCESS USER=Nader
2026-04-17 06:17:41,389 - INFO - ACTION=AUTH_SUCCESS USER=Nader
2026-04-17 06:17:41,636 - INFO - ACTION=AUTH_SUCCESS USER=Nader
2026-04-17 06:17:41,882 - INFO - ACTION=AUTH_SUCCESS USER=Nader
2026-04-17 06:17:42,130 - INFO - ACTION=AUTH_SUCCESS USER=Nader
2026-04-17 06:17:42,376 - INFO - ACTION=AUTH_SUCCESS USER=Nader
2026-04-17 06:17:42,632 - INFO - ACTION=AUTH_SUCCESS USER=Nader
2026-04-17 06:17:42,882 - INFO - ACTION=AUTH_SUCCESS USER=Nader
2026-04-17 06:17:43,126 - INFO - ACTION=AUTH_SUCCESS USER=Nader
2026-04-17 06:17:43,368 - INFO - ACTION=AUTH_SUCCESS USER=Nader
2026-04-17 06:17:43,614 - INFO - ACTION=AUTH_SUCCESS USER=Nader
2026-04-17 06:17:43,858 - INFO - ACTION=AUTH_SUCCESS USER=Nader
2026-04-17 06:17:44,111 - INFO - ACTION=AUTH_SUCCESS USER=Nader
2026-04-17 06:17:44,360 - INFO - ACTION=AUTH_SUCCESS USER=Nader
2026-04-17 06:17:44,606 - INFO - ACTION=AUTH_SUCCESS USER=Nader
2026-04-17 06:17:44,851 - INFO - ACTION=AUTH_SUCCESS USER=Nader
2026-04-17 06:17:45,107 - INFO - ACTION=AUTH_SUCCESS USER=Nader
2026-04-17 06:17:45,351 - INFO - ACTION=AUTH_SUCCESS USER=Nader
2026-04-17 06:17:45,594 - INFO - ACTION=AUTH_SUCCESS USER=Nader
2026-04-17 06:17:45,842 - INFO - ACTION=AUTH_SUCCESS USER=Nader
2026-04-17 06:17:46,090 - INFO - ACTION=AUTH_SUCCESS USER=Nader
2026-04-17 06:17:46,334 - INFO - ACTION=AUTH_SUCCESS USER=Nader
2026-04-17 06:17:46,578 - INFO - ACTION=AUTH_SUCCESS USER=Nader
2026-04-17 06:17:46,820 - INFO - ACTION=AUTH_SUCCESS USER=Nader
2026-04-17 06:17:47,079 - INFO - ACTION=AUTH_SUCCESS USER=Nader
2026-04-17 06:17:47,325 - INFO - ACTION=AUTH_SUCCESS USER=Nader
2026-04-17 06:17:47,569 - INFO - ACTION=AUTH_SUCCESS USER=Nader
2026-04-17 06:17:47,814 - INFO - ACTION=AUTH_SUCCESS USER=Nader
2026-04-17 06:17:48,068 - INFO - ACTION=AUTH_SUCCESS USER=Nader
2026-04-17 06:17:48,330 - INFO - ACTION=AUTH_SUCCESS USER=Nader
2026-04-17 06:17:48,581 - INFO - ACTION=AUTH_SUCCESS USER=Nader
2026-04-17 06:17:48,841 - INFO - ACTION=AUTH_SUCCESS USER=Nader
2026-04-17 06:17:49,094 - INFO - ACTION=AUTH_SUCCESS USER=Nader
2026-04-17 06:17:49,335 - INFO - ACTION=AUTH_SUCCESS USER=Nader
2026-04-17 06:17:49,581 - INFO - ACTION=AUTH_SUCCESS USER=Nader
2026-04-17 06:17:49,822 - INFO - ACTION=AUTH_SUCCESS USER=Nader
2026-04-17 06:17:50,072 - INFO - ACTION=AUTH_SUCCESS USER=Nader
2026-04-17 06:17:50,346 - INFO - ACTION=AUTH_SUCCESS USER=Nader
2026-04-17 06:17:50,598 - INFO - ACTION=AUTH_SUCCESS USER=Nader
2026-04-17 06:17:50,839 - INFO - ACTION=AUTH_SUCCESS USER=Nader
2026-04-17 06:17:51,087 - INFO - ACTION=AUTH_SUCCESS USER=Nader
2026-04-17 06:17:51,333 - INFO - ACTION=AUTH_SUCCESS USER=Nader
2026-04-17 06:17:51,578 - INFO - ACTION=AUTH_SUCCESS USER=Nader
2026-04-17 06:17:51,834 - INFO - ACTION=AUTH_SUCCESS USER=Nader
2026-04-17 06:17:52,190 - INFO - ACTION=AUTH_SUCCESS USER=Nader
2026-04-17 06:17:52,728 - INFO - ACTION=AUTH_SUCCESS USER=Nader
2026-04-17 06:17:53,765 - INFO - ACTION=AUTH_FAIL_NO_FACE USER=ANONYMOUS
2026-04-17 06:17:57,924 - INFO - ACTION=AUTH_SUCCESS USER=Nader
2026-04-17 06:18:00,837 - INFO - ACTION=AUTH_SUCCESS USER=Nader
2026-04-17 06:18:00,900 - INFO - ACTION=AUTH_FAIL_NO_FACE USER=ANONYMOUS
2026-04-17 06:18:00,947 - INFO - ACTION=AUTH_FAIL_NO_FACE USER=ANONYMOUS
2026-04-17 06:18:01,000 - INFO - ACTION=AUTH_FAIL_NO_FACE USER=ANONYMOUS
2026-04-17 06:18:01,042 - INFO - ACTION=AUTH_FAIL_NO_FACE USER=ANONYMOUS
2026-04-17 06:18:01,119 - INFO - ACTION=AUTH_FAIL_NO_FACE USER=ANONYMOUS
2026-04-17 06:18:01,159 - INFO - ACTION=AUTH_FAIL_NO_FACE USER=ANONYMOUS
2026-04-17 06:18:01,205 - INFO - ACTION=AUTH_FAIL_NO_FACE USER=ANONYMOUS
2026-04-17 06:18:01,262 - INFO - ACTION=AUTH_FAIL_NO_FACE USER=ANONYMOUS
2026-04-17 06:18:01,306 - INFO - ACTION=AUTH_FAIL_NO_FACE USER=ANONYMOUS
2026-04-17 06:18:01,356 - INFO - ACTION=AUTH_FAIL_NO_FACE USER=ANONYMOUS
2026-04-17 06:18:01,409 - INFO - ACTION=AUTH_FAIL_NO_FACE USER=ANONYMOUS
2026-04-17 06:18:01,717 - INFO - ACTION=AUTH_SUCCESS USER=Nader
2026-04-17 06:18:01,755 - INFO - ACTION=AUTH_FAIL_NO_FACE USER=ANONYMOUS
2026-04-17 06:18:01,801 - INFO - ACTION=AUTH_FAIL_NO_FACE USER=ANONYMOUS
2026-04-17 06:18:01,876 - INFO - ACTION=AUTH_FAIL_NO_FACE USER=ANONYMOUS
2026-04-17 06:18:01,915 - INFO - ACTION=AUTH_FAIL_NO_FACE USER=ANONYMOUS
2026-04-17 06:18:01,960 - INFO - ACTION=AUTH_FAIL_NO_FACE USER=ANONYMOUS
2026-04-17 06:18:02,016 - INFO - ACTION=AUTH_FAIL_NO_FACE USER=ANONYMOUS
2026-04-17 06:18:02,056 - INFO - ACTION=AUTH_FAIL_NO_FACE USER=ANONYMOUS
2026-04-17 06:18:02,104 - INFO - ACTION=AUTH_FAIL_NO_FACE USER=ANONYMOUS
2026-04-17 06:18:02,149 - INFO - ACTION=AUTH_FAIL_NO_FACE USER=ANONYMOUS
2026-04-17 06:18:02,195 - INFO - ACTION=AUTH_FAIL_NO_FACE USER=ANONYMOUS
2026-04-17 06:18:02,498 - INFO - ACTION=AUTH_SUCCESS USER=Nader
2026-04-17 06:18:02,531 - INFO - ACTION=AUTH_FAIL_NO_FACE USER=ANONYMOUS
2026-04-17 06:18:02,568 - INFO - ACTION=AUTH_FAIL_NO_FACE USER=ANONYMOUS
2026-04-17 06:18:02,834 - INFO - ACTION=AUTH_SUCCESS USER=Nader
2026-04-17 06:18:03,093 - INFO - ACTION=AUTH_SUCCESS USER=Nader
2026-04-17 06:18:03,344 - INFO - ACTION=AUTH_SUCCESS USER=Nader
2026-04-17 06:18:03,371 - INFO - ACTION=AUTH_FAIL_NO_FACE USER=ANONYMOUS
2026-04-17 06:18:03,643 - INFO - ACTION=AUTH_SUCCESS USER=Nader
2026-04-17 06:18:03,680 - INFO - ACTION=AUTH_FAIL_NO_FACE USER=ANONYMOUS
2026-04-17 06:18:03,714 - INFO - ACTION=AUTH_FAIL_NO_FACE USER=ANONYMOUS
2026-04-17 06:18:03,762 - INFO - ACTION=AUTH_FAIL_NO_FACE USER=ANONYMOUS
2026-04-17 06:18:03,833 - INFO - ACTION=AUTH_FAIL_NO_FACE USER=ANONYMOUS
2026-04-17 06:18:03,859 - INFO - ACTION=AUTH_FAIL_NO_FACE USER=ANONYMOUS
2026-04-17 06:18:04,150 - INFO - ACTION=AUTH_SUCCESS USER=Nader
2026-04-17 06:18:04,402 - INFO - ACTION=AUTH_SUCCESS USER=Nader
2026-04-17 06:18:04,694 - INFO - ACTION=AUTH_SUCCESS USER=Nader
2026-04-17 06:18:04,966 - INFO - ACTION=AUTH_SUCCESS USER=Nader
2026-04-17 06:18:05,219 - INFO - ACTION=AUTH_SUCCESS USER=Nader
2026-04-17 06:18:27,085 - INFO - ACTION=AUTH_SUCCESS USER=Nader
2026-04-17 06:18:27,594 - INFO - ACTION=AUTH_SUCCESS USER=Nader
2026-04-17 06:18:28,230 - INFO - ACTION=AUTH_SUCCESS USER=Nader
2026-04-17 06:18:28,636 - INFO - ACTION=AUTH_SUCCESS USER=Nader
2026-04-17 06:18:29,139 - INFO - ACTION=AUTH_SUCCESS USER=Nader
2026-04-17 06:18:29,707 - INFO - ACTION=AUTH_SUCCESS USER=Nader
2026-04-17 06:18:30,136 - INFO - ACTION=AUTH_SUCCESS USER=Nader
2026-04-17 06:18:30,395 - INFO - ACTION=AUTH_SUCCESS USER=Nader
2026-04-17 06:18:30,651 - INFO - ACTION=AUTH_SUCCESS USER=Nader
2026-04-17 06:18:30,899 - INFO - ACTION=AUTH_SUCCESS USER=Nader
2026-04-17 06:18:30,928 - INFO - ACTION=AUTH_FAIL_NO_FACE USER=ANONYMOUS
2026-04-17 06:18:30,962 - INFO - ACTION=AUTH_FAIL_NO_FACE USER=ANONYMOUS
2026-04-17 06:18:31,011 - INFO - ACTION=AUTH_FAIL_NO_FACE USER=ANONYMOUS
2026-04-17 06:18:31,061 - INFO - ACTION=AUTH_FAIL_NO_FACE USER=ANONYMOUS
2026-04-17 06:18:31,109 - INFO - ACTION=AUTH_FAIL_NO_FACE USER=ANONYMOUS
2026-04-17 06:18:31,161 - INFO - ACTION=AUTH_FAIL_NO_FACE USER=ANONYMOUS
2026-04-17 06:18:31,204 - INFO - ACTION=AUTH_FAIL_NO_FACE USER=ANONYMOUS
2026-04-17 06:18:31,274 - INFO - ACTION=AUTH_FAIL_NO_FACE USER=ANONYMOUS
2026-04-17 06:18:31,316 - INFO - ACTION=AUTH_FAIL_NO_FACE USER=ANONYMOUS
2026-04-17 06:18:31,395 - INFO - ACTION=AUTH_FAIL_NO_FACE USER=ANONYMOUS
2026-04-17 06:18:31,926 - INFO - ACTION=AUTH_SUCCESS USER=Nader
2026-04-17 06:18:32,319 - INFO - ACTION=AUTH_SUCCESS USER=Nader
2026-04-17 06:18:32,571 - INFO - ACTION=AUTH_SUCCESS USER=Nader
2026-04-17 06:18:32,817 - INFO - ACTION=AUTH_SUCCESS USER=Nader
2026-04-17 06:18:33,076 - INFO - ACTION=AUTH_SUCCESS USER=Nader
2026-04-17 06:18:33,396 - INFO - ACTION=AUTH_SUCCESS USER=Nader
2026-04-17 06:18:33,753 - INFO - ACTION=AUTH_SUCCESS USER=Nader
2026-04-17 06:18:43,796 - INFO - ACTION=AUTH_FAIL_NO_FACE USER=ANONYMOUS
2026-04-17 06:18:44,060 - INFO - ACTION=AUTH_FAIL_NO_FACE USER=ANONYMOUS
2026-04-17 06:18:44,646 - INFO - ACTION=AUTH_SUCCESS USER=Nader
2026-04-17 06:18:49,005 - INFO - ACTION=AUTH_FAIL_NO_FACE USER=ANONYMOUS
2026-04-17 06:18:49,086 - INFO - ACTION=AUTH_FAIL_NO_FACE USER=ANONYMOUS
2026-04-17 06:18:49,579 - INFO - ACTION=AUTH_SUCCESS USER=Nader
2026-04-17 06:18:50,643 - INFO - ACTION=AUTH_SUCCESS USER=Nader
2026-04-17 06:18:50,909 - INFO - ACTION=AUTH_SUCCESS USER=Nader
2026-04-17 06:18:51,175 - INFO - ACTION=AUTH_SUCCESS USER=Nader
2026-04-17 06:18:51,469 - INFO - ACTION=AUTH_SUCCESS USER=Nader
2026-04-17 06:18:51,743 - INFO - ACTION=AUTH_SUCCESS USER=Nader
2026-04-17 06:18:52,023 - INFO - ACTION=AUTH_SUCCESS USER=Nader
2026-04-17 06:18:52,291 - INFO - ACTION=AUTH_SUCCESS USER=Nader
2026-04-17 06:18:52,620 - INFO - ACTION=AUTH_SUCCESS USER=Nader
2026-04-17 06:18:52,986 - INFO - ACTION=AUTH_SUCCESS USER=Nader
2026-04-17 06:18:53,257 - INFO - ACTION=AUTH_SUCCESS USER=Nader
2026-04-17 06:18:53,555 - INFO - ACTION=AUTH_SUCCESS USER=Nader
2026-04-17 06:18:53,810 - INFO - ACTION=AUTH_SUCCESS USER=Nader
2026-04-17 06:18:53,835 - INFO - ACTION=AUTH_FAIL_NO_FACE USER=ANONYMOUS
2026-04-17 06:18:54,202 - INFO - ACTION=AUTH_SUCCESS USER=Nader
2026-04-17 06:18:54,512 - INFO - ACTION=AUTH_SUCCESS USER=Nader
2026-04-17 06:18:54,778 - INFO - ACTION=AUTH_SUCCESS USER=Nader
2026-04-17 06:18:55,030 - INFO - ACTION=AUTH_SUCCESS USER=Nader
2026-04-17 06:18:55,681 - INFO - ACTION=AUTH_SUCCESS USER=Nader
2026-04-17 06:18:55,967 - INFO - ACTION=AUTH_SUCCESS USER=Nader
2026-04-17 06:18:56,322 - INFO - ACTION=AUTH_SUCCESS USER=Nader
2026-04-17 06:18:56,770 - INFO - ACTION=AUTH_SUCCESS USER=Nader
2026-04-17 06:18:57,061 - INFO - ACTION=AUTH_SUCCESS USER=Nader
2026-04-17 06:19:03,578 - INFO - ACTION=AUTH_SUCCESS USER=Nader
2026-04-17 06:19:03,824 - INFO - ACTION=AUTH_SUCCESS USER=Nader
2026-04-17 06:19:03,881 - INFO - ACTION=AUTH_FAIL_NO_FACE USER=ANONYMOUS
2026-04-17 06:19:03,925 - INFO - ACTION=AUTH_FAIL_NO_FACE USER=ANONYMOUS
2026-04-17 06:19:03,972 - INFO - ACTION=AUTH_FAIL_NO_FACE USER=ANONYMOUS
2026-04-17 06:19:04,248 - INFO - ACTION=AUTH_SUCCESS USER=Nader
2026-04-17 06:19:04,499 - INFO - ACTION=AUTH_SUCCESS USER=Nader
2026-04-17 06:19:04,748 - INFO - ACTION=AUTH_SUCCESS USER=Nader
2026-04-17 06:19:04,991 - INFO - ACTION=AUTH_SUCCESS USER=Nader
2026-04-17 06:19:05,023 - INFO - ACTION=AUTH_FAIL_NO_FACE USER=ANONYMOUS
2026-04-17 06:19:05,334 - INFO - ACTION=AUTH_SUCCESS USER=Nader
2026-04-17 06:19:05,594 - INFO - ACTION=AUTH_SUCCESS USER=Nader
2026-04-17 06:19:05,853 - INFO - ACTION=AUTH_SUCCESS USER=Nader
2026-04-17 06:19:06,099 - INFO - ACTION=AUTH_SUCCESS USER=Nader
2026-04-17 06:19:06,359 - INFO - ACTION=AUTH_SUCCESS USER=Nader
2026-04-17 06:19:06,602 - INFO - ACTION=AUTH_SUCCESS USER=Nader
2026-04-17 06:19:06,854 - INFO - ACTION=AUTH_SUCCESS USER=Nader
2026-04-17 06:19:07,112 - INFO - ACTION=AUTH_SUCCESS USER=Nader
2026-04-17 06:19:07,359 - INFO - ACTION=AUTH_SUCCESS USER=Nader
2026-04-17 06:19:07,607 - INFO - ACTION=AUTH_SUCCESS USER=Nader
2026-04-17 06:19:07,853 - INFO - ACTION=AUTH_SUCCESS USER=Nader
2026-04-17 06:19:08,108 - INFO - ACTION=AUTH_SUCCESS USER=Nader
2026-04-17 06:19:08,350 - INFO - ACTION=AUTH_SUCCESS USER=Nader
2026-04-17 06:19:08,591 - INFO - ACTION=AUTH_SUCCESS USER=Nader
2026-04-17 06:19:08,837 - INFO - ACTION=AUTH_SUCCESS USER=Nader
2026-04-17 06:19:09,084 - INFO - ACTION=AUTH_SUCCESS USER=Nader
2026-04-17 06:19:09,328 - INFO - ACTION=AUTH_SUCCESS USER=Nader
2026-04-17 06:19:09,573 - INFO - ACTION=AUTH_SUCCESS USER=Nader
2026-04-17 06:19:09,822 - INFO - ACTION=AUTH_SUCCESS USER=Nader
2026-04-17 06:19:10,067 - INFO - ACTION=AUTH_SUCCESS USER=Nader
2026-04-17 06:19:10,333 - INFO - ACTION=AUTH_SUCCESS USER=Nader
2026-04-17 06:19:10,579 - INFO - ACTION=AUTH_SUCCESS USER=Nader
2026-04-17 06:19:10,828 - INFO - ACTION=AUTH_SUCCESS USER=Nader
2026-04-17 06:19:11,074 - INFO - ACTION=AUTH_SUCCESS USER=Nader
2026-04-17 06:19:11,337 - INFO - ACTION=AUTH_SUCCESS USER=Nader
2026-04-17 06:19:11,584 - INFO - ACTION=AUTH_SUCCESS USER=Nader
2026-04-17 06:19:11,843 - INFO - ACTION=AUTH_SUCCESS USER=Nader
2026-04-17 06:19:12,090 - INFO - ACTION=AUTH_SUCCESS USER=Nader
2026-04-17 06:19:12,337 - INFO - ACTION=AUTH_SUCCESS USER=Nader
2026-04-17 06:19:12,579 - INFO - ACTION=AUTH_SUCCESS USER=Nader
2026-04-17 06:19:12,825 - INFO - ACTION=AUTH_SUCCESS USER=Nader
2026-04-17 06:19:13,074 - INFO - ACTION=AUTH_SUCCESS USER=Nader
2026-04-17 06:19:13,323 - INFO - ACTION=AUTH_SUCCESS USER=Nader
2026-04-17 06:19:13,566 - INFO - ACTION=AUTH_SUCCESS USER=Nader
2026-04-17 06:19:13,593 - INFO - ACTION=AUTH_FAIL_NO_FACE USER=ANONYMOUS
2026-04-17 06:19:13,871 - INFO - ACTION=AUTH_SUCCESS USER=Nader
2026-04-17 06:19:14,140 - INFO - ACTION=AUTH_SUCCESS USER=Nader
2026-04-17 06:19:14,163 - INFO - ACTION=AUTH_FAIL_NO_FACE USER=ANONYMOUS
2026-04-17 06:19:14,468 - INFO - ACTION=AUTH_SUCCESS USER=Nader
2026-04-17 06:38:45,147 - INFO - ACTION=AUTH_FAIL_NO_FACE USER=ANONYMOUS
2026-04-17 06:38:45,405 - INFO - ACTION=AUTH_FAIL USER=ANONYMOUS
2026-04-17 06:38:45,664 - INFO - ACTION=AUTH_FAIL USER=ANONYMOUS
2026-04-17 06:38:45,692 - INFO - ACTION=AUTH_FAIL_NO_FACE USER=ANONYMOUS
2026-04-17 06:38:45,723 - INFO - ACTION=AUTH_FAIL_NO_FACE USER=ANONYMOUS
2026-04-17 06:38:45,777 - INFO - ACTION=AUTH_FAIL_NO_FACE USER=ANONYMOUS
2026-04-17 06:38:46,266 - INFO - ACTION=AUTH_FAIL USER=ANONYMOUS
2026-04-17 06:38:46,512 - INFO - ACTION=AUTH_FAIL USER=ANONYMOUS
2026-04-17 06:38:46,759 - INFO - ACTION=AUTH_FAIL USER=ANONYMOUS
2026-04-17 06:38:47,003 - INFO - ACTION=AUTH_FAIL USER=ANONYMOUS
2026-04-17 06:38:47,245 - INFO - ACTION=AUTH_FAIL USER=ANONYMOUS
2026-04-17 06:38:47,491 - INFO - ACTION=AUTH_FAIL USER=ANONYMOUS
2026-04-17 06:38:47,738 - INFO - ACTION=AUTH_FAIL USER=ANONYMOUS
2026-04-17 06:38:47,988 - INFO - ACTION=AUTH_FAIL USER=ANONYMOUS
2026-04-17 06:38:48,232 - INFO - ACTION=AUTH_FAIL USER=ANONYMOUS
2026-04-17 06:38:48,480 - INFO - ACTION=AUTH_FAIL USER=ANONYMOUS
2026-04-17 06:38:48,728 - INFO - ACTION=AUTH_FAIL USER=ANONYMOUS
2026-04-17 06:38:48,974 - INFO - ACTION=AUTH_FAIL USER=ANONYMOUS
2026-04-17 06:38:49,223 - INFO - ACTION=AUTH_FAIL USER=ANONYMOUS
2026-04-17 06:38:49,473 - INFO - ACTION=AUTH_FAIL USER=ANONYMOUS
2026-04-17 06:38:49,720 - INFO - ACTION=AUTH_FAIL USER=ANONYMOUS
2026-04-17 06:38:49,976 - INFO - ACTION=AUTH_FAIL USER=ANONYMOUS
2026-04-17 06:38:50,220 - INFO - ACTION=AUTH_FAIL USER=ANONYMOUS
2026-04-17 06:38:50,464 - INFO - ACTION=AUTH_FAIL USER=ANONYMOUS
2026-04-17 06:38:50,711 - INFO - ACTION=AUTH_FAIL USER=ANONYMOUS
2026-04-17 06:38:50,957 - INFO - ACTION=AUTH_FAIL USER=ANONYMOUS
2026-04-17 06:38:51,207 - INFO - ACTION=AUTH_FAIL USER=ANONYMOUS
2026-04-17 06:38:51,454 - INFO - ACTION=AUTH_FAIL USER=ANONYMOUS
2026-04-17 06:38:51,707 - INFO - ACTION=AUTH_FAIL USER=ANONYMOUS
2026-04-17 06:38:51,964 - INFO - ACTION=AUTH_FAIL USER=ANONYMOUS
2026-04-17 06:38:52,215 - INFO - ACTION=AUTH_FAIL USER=ANONYMOUS
2026-04-17 06:38:52,478 - INFO - ACTION=AUTH_FAIL USER=ANONYMOUS
2026-04-17 06:38:52,727 - INFO - ACTION=AUTH_FAIL USER=ANONYMOUS
2026-04-17 06:38:52,970 - INFO - ACTION=AUTH_FAIL USER=ANONYMOUS
2026-04-17 06:38:53,211 - INFO - ACTION=AUTH_FAIL USER=ANONYMOUS
2026-04-17 06:38:53,453 - INFO - ACTION=AUTH_FAIL USER=ANONYMOUS
2026-04-17 06:38:53,696 - INFO - ACTION=AUTH_FAIL USER=ANONYMOUS
2026-04-17 06:38:53,938 - INFO - ACTION=AUTH_FAIL USER=ANONYMOUS
2026-04-17 06:38:54,185 - INFO - ACTION=AUTH_FAIL USER=ANONYMOUS
2026-04-17 06:38:54,427 - INFO - ACTION=AUTH_FAIL USER=ANONYMOUS
2026-04-17 06:38:54,684 - INFO - ACTION=AUTH_FAIL USER=ANONYMOUS
2026-04-17 06:38:54,937 - INFO - ACTION=AUTH_FAIL USER=ANONYMOUS
2026-04-17 06:38:55,192 - INFO - ACTION=AUTH_FAIL USER=ANONYMOUS
2026-04-17 06:38:55,449 - INFO - ACTION=AUTH_FAIL USER=ANONYMOUS
2026-04-17 06:38:55,694 - INFO - ACTION=AUTH_FAIL USER=ANONYMOUS
2026-04-17 06:38:55,942 - INFO - ACTION=AUTH_FAIL USER=ANONYMOUS
2026-04-17 06:38:56,188 - INFO - ACTION=AUTH_FAIL USER=ANONYMOUS
2026-04-17 06:38:56,431 - INFO - ACTION=AUTH_FAIL USER=ANONYMOUS
2026-04-17 06:38:56,683 - INFO - ACTION=AUTH_FAIL USER=ANONYMOUS
2026-04-17 06:38:56,928 - INFO - ACTION=AUTH_FAIL USER=ANONYMOUS
2026-04-17 06:38:57,173 - INFO - ACTION=AUTH_FAIL USER=ANONYMOUS
2026-04-17 06:38:57,426 - INFO - ACTION=AUTH_FAIL USER=ANONYMOUS
2026-04-17 06:38:57,686 - INFO - ACTION=AUTH_FAIL USER=ANONYMOUS
2026-04-17 06:38:57,948 - INFO - ACTION=AUTH_FAIL USER=ANONYMOUS
2026-04-17 06:38:58,202 - INFO - ACTION=AUTH_FAIL USER=ANONYMOUS
2026-04-17 06:38:58,455 - INFO - ACTION=AUTH_FAIL USER=ANONYMOUS
2026-04-17 06:38:58,711 - INFO - ACTION=AUTH_FAIL USER=ANONYMOUS
2026-04-17 06:38:58,953 - INFO - ACTION=AUTH_FAIL USER=ANONYMOUS
2026-04-17 06:38:59,196 - INFO - ACTION=ENROLL_SUCCESS USER=Nader
2026-04-17 06:38:59,468 - INFO - ACTION=AUTH_SUCCESS USER=Nader
2026-04-17 06:38:59,720 - INFO - ACTION=AUTH_SUCCESS USER=Nader
2026-04-17 06:38:59,974 - INFO - ACTION=AUTH_SUCCESS USER=Nader
2026-04-17 06:39:00,229 - INFO - ACTION=AUTH_SUCCESS USER=Nader
2026-04-17 06:39:00,478 - INFO - ACTION=AUTH_SUCCESS USER=Nader
2026-04-17 06:39:00,725 - INFO - ACTION=AUTH_SUCCESS USER=Nader
2026-04-17 06:39:00,970 - INFO - ACTION=AUTH_SUCCESS USER=Nader
2026-04-17 06:39:01,234 - INFO - ACTION=AUTH_SUCCESS USER=Nader
2026-04-17 06:39:01,483 - INFO - ACTION=AUTH_SUCCESS USER=Nader
2026-04-17 06:39:01,752 - INFO - ACTION=AUTH_SUCCESS USER=Nader
2026-04-17 06:39:02,097 - INFO - ACTION=AUTH_SUCCESS USER=Nader
2026-04-17 06:39:02,457 - INFO - ACTION=AUTH_SUCCESS USER=Nader
2026-04-17 06:39:02,707 - INFO - ACTION=AUTH_SUCCESS USER=Nader
2026-04-17 06:39:02,959 - INFO - ACTION=AUTH_SUCCESS USER=Nader
2026-04-17 06:39:03,208 - INFO - ACTION=AUTH_SUCCESS USER=Nader
2026-04-17 06:39:03,470 - INFO - ACTION=AUTH_SUCCESS USER=Nader
2026-04-17 06:39:03,742 - INFO - ACTION=AUTH_SUCCESS USER=Nader
2026-04-17 06:39:03,998 - INFO - ACTION=AUTH_SUCCESS USER=Nader
2026-04-17 06:39:04,251 - INFO - ACTION=AUTH_SUCCESS USER=Nader
2026-04-17 06:39:04,534 - INFO - ACTION=AUTH_SUCCESS USER=Nader
2026-04-17 06:39:04,891 - INFO - ACTION=AUTH_SUCCESS USER=Nader
2026-04-17 06:39:05,214 - INFO - ACTION=AUTH_SUCCESS USER=Nader
2026-04-17 06:39:05,557 - INFO - ACTION=AUTH_SUCCESS USER=Nader
2026-04-17 06:39:05,831 - INFO - ACTION=AUTH_SUCCESS USER=Nader
2026-04-17 06:39:06,099 - INFO - ACTION=AUTH_SUCCESS USER=Nader
2026-04-17 06:39:06,356 - INFO - ACTION=AUTH_SUCCESS USER=Nader
2026-04-17 06:39:06,620 - INFO - ACTION=AUTH_SUCCESS USER=Nader
2026-04-17 06:39:06,874 - INFO - ACTION=AUTH_SUCCESS USER=Nader
2026-04-17 06:39:07,125 - INFO - ACTION=AUTH_SUCCESS USER=Nader
2026-04-17 06:39:07,376 - INFO - ACTION=AUTH_SUCCESS USER=Nader
2026-04-17 06:39:07,637 - INFO - ACTION=AUTH_SUCCESS USER=Nader
2026-04-17 06:39:07,939 - INFO - ACTION=AUTH_SUCCESS USER=Nader
2026-04-17 06:39:08,253 - INFO - ACTION=AUTH_SUCCESS USER=Nader
2026-04-17 06:39:08,562 - INFO - ACTION=AUTH_SUCCESS USER=Nader
2026-04-17 06:39:08,848 - INFO - ACTION=AUTH_SUCCESS USER=Nader
2026-04-17 06:39:09,106 - INFO - ACTION=AUTH_SUCCESS USER=Nader
2026-04-17 06:39:09,361 - INFO - ACTION=AUTH_SUCCESS USER=Nader
2026-04-17 06:39:09,609 - INFO - ACTION=AUTH_SUCCESS USER=Nader
2026-04-17 06:39:09,870 - INFO - ACTION=AUTH_SUCCESS USER=Nader
2026-04-17 06:39:10,118 - INFO - ACTION=AUTH_SUCCESS USER=Nader
2026-04-17 06:39:10,376 - INFO - ACTION=AUTH_SUCCESS USER=Nader
2026-04-17 06:39:10,624 - INFO - ACTION=AUTH_SUCCESS USER=Nader
2026-04-17 06:39:10,874 - INFO - ACTION=AUTH_SUCCESS USER=Nader
2026-04-17 06:39:11,123 - INFO - ACTION=AUTH_SUCCESS USER=Nader
2026-04-17 06:39:11,375 - INFO - ACTION=AUTH_SUCCESS USER=Nader
2026-04-17 06:39:11,620 - INFO - ACTION=AUTH_SUCCESS USER=Nader
2026-04-17 06:39:11,869 - INFO - ACTION=AUTH_SUCCESS USER=Nader
2026-04-17 06:39:12,117 - INFO - ACTION=AUTH_SUCCESS USER=Nader
2026-04-17 06:39:12,360 - INFO - ACTION=AUTH_SUCCESS USER=Nader
2026-04-17 06:39:12,636 - INFO - ACTION=AUTH_SUCCESS USER=Nader
2026-04-17 06:39:12,890 - INFO - ACTION=AUTH_SUCCESS USER=Nader
2026-04-17 06:39:13,139 - INFO - ACTION=AUTH_SUCCESS USER=Nader
2026-04-17 06:39:13,396 - INFO - ACTION=AUTH_SUCCESS USER=Nader
2026-04-17 06:39:13,654 - INFO - ACTION=AUTH_SUCCESS USER=Nader
2026-04-17 06:39:13,923 - INFO - ACTION=AUTH_SUCCESS USER=Nader
2026-04-17 06:39:14,234 - INFO - ACTION=AUTH_SUCCESS USER=Nader
2026-04-17 06:39:14,585 - INFO - ACTION=AUTH_SUCCESS USER=Nader
2026-04-17 06:39:14,854 - INFO - ACTION=AUTH_SUCCESS USER=Nader
2026-04-17 06:39:15,101 - INFO - ACTION=AUTH_SUCCESS USER=Nader
2026-04-17 06:39:15,358 - INFO - ACTION=AUTH_SUCCESS USER=Nader
2026-04-17 06:39:15,604 - INFO - ACTION=AUTH_SUCCESS USER=Nader
2026-04-17 06:39:15,859 - INFO - ACTION=AUTH_SUCCESS USER=Nader
2026-04-17 06:39:16,117 - INFO - ACTION=AUTH_SUCCESS USER=Nader
2026-04-17 06:39:16,371 - INFO - ACTION=AUTH_SUCCESS USER=Nader
2026-04-17 06:39:16,613 - INFO - ACTION=AUTH_SUCCESS USER=Nader
2026-04-17 06:39:16,857 - INFO - ACTION=AUTH_SUCCESS USER=Nader
2026-04-17 06:39:17,116 - INFO - ACTION=AUTH_SUCCESS USER=Nader
2026-04-17 06:39:17,364 - INFO - ACTION=AUTH_SUCCESS USER=Nader
2026-04-17 06:39:17,614 - INFO - ACTION=AUTH_SUCCESS USER=Nader
2026-04-17 06:39:17,860 - INFO - ACTION=AUTH_SUCCESS USER=Nader
2026-04-17 06:39:37,252 - INFO - ACTION=AUTH_FAIL USER=ANONYMOUS
2026-04-17 06:39:37,555 - INFO - ACTION=AUTH_FAIL USER=ANONYMOUS
2026-04-17 06:39:37,802 - INFO - ACTION=AUTH_FAIL USER=ANONYMOUS
2026-04-17 06:39:38,072 - INFO - ACTION=AUTH_FAIL USER=ANONYMOUS
2026-04-17 06:39:38,320 - INFO - ACTION=AUTH_FAIL USER=ANONYMOUS
2026-04-17 06:39:38,561 - INFO - ACTION=AUTH_FAIL USER=ANONYMOUS
2026-04-17 06:39:38,807 - INFO - ACTION=AUTH_FAIL USER=ANONYMOUS
2026-04-17 06:39:39,052 - INFO - ACTION=AUTH_FAIL USER=ANONYMOUS
2026-04-17 06:39:39,301 - INFO - ACTION=AUTH_FAIL USER=ANONYMOUS
2026-04-17 06:39:39,552 - INFO - ACTION=AUTH_FAIL USER=ANONYMOUS
2026-04-17 06:39:39,804 - INFO - ACTION=AUTH_FAIL USER=ANONYMOUS
2026-04-17 06:39:40,051 - INFO - ACTION=AUTH_FAIL USER=ANONYMOUS
2026-04-17 06:39:40,353 - INFO - ACTION=AUTH_FAIL USER=ANONYMOUS
2026-04-17 06:39:40,634 - INFO - ACTION=AUTH_FAIL USER=ANONYMOUS
2026-04-17 06:39:40,983 - INFO - ACTION=AUTH_FAIL USER=ANONYMOUS
2026-04-17 06:39:41,245 - INFO - ACTION=AUTH_FAIL USER=ANONYMOUS
2026-04-17 06:39:41,549 - INFO - ACTION=AUTH_FAIL USER=ANONYMOUS
2026-04-17 06:39:41,832 - INFO - ACTION=AUTH_FAIL USER=ANONYMOUS
2026-04-17 06:39:42,140 - INFO - ACTION=AUTH_FAIL USER=ANONYMOUS
2026-04-17 06:39:42,382 - INFO - ACTION=AUTH_FAIL USER=ANONYMOUS
2026-04-17 06:39:42,627 - INFO - ACTION=AUTH_FAIL USER=ANONYMOUS
2026-04-17 06:39:42,878 - INFO - ACTION=AUTH_FAIL USER=ANONYMOUS
2026-04-17 06:39:43,123 - INFO - ACTION=AUTH_FAIL USER=ANONYMOUS
2026-04-17 06:39:43,370 - INFO - ACTION=AUTH_FAIL USER=ANONYMOUS
2026-04-17 06:39:43,619 - INFO - ACTION=AUTH_FAIL USER=ANONYMOUS
2026-04-17 06:39:43,863 - INFO - ACTION=AUTH_FAIL USER=ANONYMOUS
2026-04-17 06:39:44,110 - INFO - ACTION=AUTH_FAIL USER=ANONYMOUS
2026-04-17 06:39:44,358 - INFO - ACTION=AUTH_FAIL USER=ANONYMOUS
2026-04-17 06:39:44,601 - INFO - ACTION=AUTH_FAIL USER=ANONYMOUS
2026-04-17 06:39:44,844 - INFO - ACTION=AUTH_FAIL USER=ANONYMOUS
2026-04-17 06:39:45,086 - INFO - ACTION=AUTH_FAIL USER=ANONYMOUS
2026-04-17 06:39:45,332 - INFO - ACTION=AUTH_FAIL USER=ANONYMOUS
2026-04-17 06:39:45,580 - INFO - ACTION=AUTH_FAIL USER=ANONYMOUS
2026-04-17 06:39:45,834 - INFO - ACTION=AUTH_FAIL USER=ANONYMOUS
2026-04-17 06:39:46,081 - INFO - ACTION=AUTH_FAIL USER=ANONYMOUS
2026-04-17 06:39:46,321 - INFO - ACTION=AUTH_FAIL USER=ANONYMOUS
2026-04-17 06:39:46,595 - INFO - ACTION=AUTH_FAIL USER=ANONYMOUS
2026-04-17 06:39:46,842 - INFO - ACTION=AUTH_FAIL USER=ANONYMOUS
2026-04-17 06:39:47,087 - INFO - ACTION=AUTH_FAIL USER=ANONYMOUS
2026-04-17 06:39:47,332 - INFO - ACTION=AUTH_FAIL USER=ANONYMOUS
2026-04-17 06:39:47,592 - INFO - ACTION=AUTH_FAIL USER=ANONYMOUS
2026-04-17 06:39:47,846 - INFO - ACTION=AUTH_FAIL USER=ANONYMOUS
2026-04-17 06:39:48,090 - INFO - ACTION=AUTH_FAIL USER=ANONYMOUS
2026-04-17 06:39:48,423 - INFO - ACTION=AUTH_FAIL USER=ANONYMOUS
2026-04-17 06:39:48,699 - INFO - ACTION=AUTH_FAIL USER=ANONYMOUS
2026-04-17 06:39:49,003 - INFO - ACTION=AUTH_FAIL USER=ANONYMOUS
2026-04-17 06:39:49,270 - INFO - ACTION=AUTH_FAIL USER=ANONYMOUS
2026-04-17 06:39:49,545 - INFO - ACTION=AUTH_FAIL USER=ANONYMOUS
2026-04-17 06:39:49,967 - INFO - ACTION=AUTH_FAIL USER=ANONYMOUS
2026-04-17 06:39:50,383 - INFO - ACTION=AUTH_FAIL USER=ANONYMOUS
2026-04-17 06:39:52,708 - INFO - ACTION=AUTH_FAIL USER=ANONYMOUS
2026-04-17 06:39:52,954 - INFO - ACTION=AUTH_FAIL USER=ANONYMOUS
2026-04-17 06:39:53,196 - INFO - ACTION=AUTH_FAIL USER=ANONYMOUS
2026-04-17 06:39:53,437 - INFO - ACTION=AUTH_FAIL USER=ANONYMOUS
2026-04-17 06:39:53,680 - INFO - ACTION=AUTH_FAIL USER=ANONYMOUS
2026-04-17 06:39:53,928 - INFO - ACTION=AUTH_FAIL USER=ANONYMOUS
2026-04-17 06:39:54,176 - INFO - ACTION=AUTH_FAIL USER=ANONYMOUS
2026-04-17 06:39:54,427 - INFO - ACTION=AUTH_FAIL USER=ANONYMOUS
2026-04-17 06:39:54,671 - INFO - ACTION=AUTH_FAIL USER=ANONYMOUS
2026-04-17 06:39:54,919 - INFO - ACTION=AUTH_FAIL USER=ANONYMOUS
2026-04-17 06:39:55,170 - INFO - ACTION=AUTH_FAIL USER=ANONYMOUS
2026-04-17 06:39:55,417 - INFO - ACTION=AUTH_FAIL USER=ANONYMOUS
2026-04-17 06:39:55,662 - INFO - ACTION=AUTH_FAIL USER=ANONYMOUS
2026-04-17 06:39:55,920 - INFO - ACTION=AUTH_FAIL USER=ANONYMOUS
2026-04-17 06:39:56,171 - INFO - ACTION=AUTH_FAIL USER=ANONYMOUS
2026-04-17 06:39:56,423 - INFO - ACTION=AUTH_FAIL USER=ANONYMOUS
2026-04-17 06:39:56,666 - INFO - ACTION=AUTH_FAIL USER=ANONYMOUS
2026-04-17 06:39:56,912 - INFO - ACTION=AUTH_FAIL USER=ANONYMOUS
2026-04-17 06:39:57,173 - INFO - ACTION=AUTH_FAIL USER=ANONYMOUS
2026-04-17 06:39:57,459 - INFO - ACTION=AUTH_FAIL USER=ANONYMOUS
2026-04-17 06:39:57,728 - INFO - ACTION=AUTH_FAIL USER=ANONYMOUS
2026-04-17 06:39:57,986 - INFO - ACTION=AUTH_FAIL USER=ANONYMOUS
2026-04-17 06:39:58,232 - INFO - ACTION=AUTH_FAIL USER=ANONYMOUS
2026-04-17 06:39:58,477 - INFO - ACTION=AUTH_FAIL USER=ANONYMOUS
2026-04-17 06:39:58,719 - INFO - ACTION=AUTH_FAIL USER=ANONYMOUS
2026-04-17 06:39:58,971 - INFO - ACTION=AUTH_FAIL USER=ANONYMOUS
2026-04-17 06:39:59,212 - INFO - ACTION=AUTH_FAIL USER=ANONYMOUS
2026-04-17 06:39:59,455 - INFO - ACTION=AUTH_FAIL USER=ANONYMOUS
2026-04-17 06:39:59,695 - INFO - ACTION=AUTH_FAIL USER=ANONYMOUS
2026-04-17 06:39:59,939 - INFO - ACTION=AUTH_FAIL USER=ANONYMOUS
2026-04-17 06:40:00,184 - INFO - ACTION=AUTH_FAIL USER=ANONYMOUS
2026-04-17 06:40:00,434 - INFO - ACTION=AUTH_FAIL USER=ANONYMOUS
2026-04-17 06:40:00,676 - INFO - ACTION=AUTH_FAIL USER=ANONYMOUS
2026-04-17 06:40:00,935 - INFO - ACTION=AUTH_FAIL USER=ANONYMOUS
2026-04-17 06:40:01,177 - INFO - ACTION=AUTH_FAIL USER=ANONYMOUS
2026-04-17 06:40:01,425 - INFO - ACTION=AUTH_FAIL USER=ANONYMOUS
2026-04-17 06:40:01,667 - INFO - ACTION=AUTH_FAIL USER=ANONYMOUS
2026-04-17 06:40:01,912 - INFO - ACTION=AUTH_FAIL USER=ANONYMOUS
2026-04-17 06:40:02,161 - INFO - ACTION=AUTH_FAIL USER=ANONYMOUS
2026-04-17 06:40:02,412 - INFO - ACTION=AUTH_FAIL USER=ANONYMOUS
2026-04-17 06:40:02,662 - INFO - ACTION=AUTH_FAIL USER=ANONYMOUS
2026-04-17 06:40:02,911 - INFO - ACTION=AUTH_FAIL USER=ANONYMOUS
2026-04-17 06:40:03,163 - INFO - ACTION=AUTH_FAIL USER=ANONYMOUS
2026-04-17 06:40:03,405 - INFO - ACTION=AUTH_FAIL USER=ANONYMOUS
2026-04-17 06:40:03,650 - INFO - ACTION=AUTH_FAIL USER=ANONYMOUS
2026-04-17 06:40:03,900 - INFO - ACTION=AUTH_FAIL USER=ANONYMOUS
2026-04-17 06:40:04,144 - INFO - ACTION=AUTH_FAIL USER=ANONYMOUS
2026-04-17 06:40:04,385 - INFO - ACTION=AUTH_FAIL USER=ANONYMOUS
2026-04-17 06:40:04,629 - INFO - ACTION=AUTH_FAIL USER=ANONYMOUS
2026-04-17 06:40:04,885 - INFO - ACTION=AUTH_FAIL USER=ANONYMOUS
2026-04-17 06:40:05,133 - INFO - ACTION=AUTH_FAIL USER=ANONYMOUS
2026-04-17 06:40:05,386 - INFO - ACTION=AUTH_FAIL USER=ANONYMOUS
2026-04-17 06:40:05,630 - INFO - ACTION=AUTH_FAIL USER=ANONYMOUS
2026-04-17 06:40:05,874 - INFO - ACTION=AUTH_FAIL USER=ANONYMOUS
2026-04-17 06:40:06,110 - INFO - ACTION=ENROLL_SUCCESS USER=Nader
2026-04-17 06:40:06,371 - INFO - ACTION=AUTH_SUCCESS USER=Nader
2026-04-17 06:40:06,637 - INFO - ACTION=AUTH_SUCCESS USER=Nader
2026-04-17 06:40:06,890 - INFO - ACTION=AUTH_SUCCESS USER=Nader
2026-04-17 06:40:07,146 - INFO - ACTION=AUTH_SUCCESS USER=Nader
2026-04-17 06:40:07,391 - INFO - ACTION=AUTH_SUCCESS USER=Nader
2026-04-17 06:40:07,644 - INFO - ACTION=AUTH_SUCCESS USER=Nader
2026-04-17 06:40:07,898 - INFO - ACTION=AUTH_SUCCESS USER=Nader
2026-04-17 06:40:08,148 - INFO - ACTION=AUTH_SUCCESS USER=Nader
2026-04-17 06:40:08,399 - INFO - ACTION=AUTH_SUCCESS USER=Nader
2026-04-17 06:40:08,649 - INFO - ACTION=AUTH_SUCCESS USER=Nader
2026-04-17 06:40:08,889 - INFO - ACTION=AUTH_SUCCESS USER=Nader
2026-04-17 06:40:09,143 - INFO - ACTION=AUTH_SUCCESS USER=Nader
2026-04-17 06:40:09,385 - INFO - ACTION=AUTH_SUCCESS USER=Nader
2026-04-17 06:40:09,626 - INFO - ACTION=AUTH_SUCCESS USER=Nader
2026-04-17 06:40:09,871 - INFO - ACTION=AUTH_SUCCESS USER=Nader
2026-04-17 06:40:10,133 - INFO - ACTION=AUTH_SUCCESS USER=Nader
2026-04-17 06:40:10,383 - INFO - ACTION=AUTH_SUCCESS USER=Nader
2026-04-17 06:40:10,631 - INFO - ACTION=AUTH_SUCCESS USER=Nader
2026-04-17 06:40:10,881 - INFO - ACTION=AUTH_SUCCESS USER=Nader
2026-04-17 06:40:11,130 - INFO - ACTION=AUTH_SUCCESS USER=Nader
2026-04-17 06:40:11,380 - INFO - ACTION=AUTH_SUCCESS USER=Nader
2026-04-17 06:40:11,621 - INFO - ACTION=AUTH_SUCCESS USER=Nader
2026-04-17 06:40:11,863 - INFO - ACTION=AUTH_SUCCESS USER=Nader
2026-04-17 06:40:49,169 - INFO - ACTION=AUTH_FAIL USER=ANONYMOUS
2026-04-17 06:40:49,456 - INFO - ACTION=AUTH_FAIL USER=ANONYMOUS
2026-04-17 06:40:49,701 - INFO - ACTION=AUTH_FAIL USER=ANONYMOUS
2026-04-17 06:40:49,944 - INFO - ACTION=AUTH_FAIL USER=ANONYMOUS
2026-04-17 06:40:50,190 - INFO - ACTION=AUTH_FAIL USER=ANONYMOUS
2026-04-17 06:40:50,438 - INFO - ACTION=AUTH_FAIL USER=ANONYMOUS
2026-04-17 06:40:50,689 - INFO - ACTION=AUTH_FAIL USER=ANONYMOUS
2026-04-17 06:40:50,944 - INFO - ACTION=AUTH_FAIL USER=ANONYMOUS
2026-04-17 06:40:51,196 - INFO - ACTION=AUTH_FAIL USER=ANONYMOUS
2026-04-17 06:40:51,472 - INFO - ACTION=AUTH_FAIL USER=ANONYMOUS
2026-04-17 06:40:51,723 - INFO - ACTION=AUTH_FAIL USER=ANONYMOUS
2026-04-17 06:40:51,967 - INFO - ACTION=AUTH_FAIL USER=ANONYMOUS
2026-04-17 06:40:52,221 - INFO - ACTION=AUTH_FAIL USER=ANONYMOUS
2026-04-17 06:40:52,470 - INFO - ACTION=AUTH_FAIL USER=ANONYMOUS
2026-04-17 06:40:52,715 - INFO - ACTION=AUTH_FAIL USER=ANONYMOUS
2026-04-17 06:40:52,960 - INFO - ACTION=AUTH_FAIL USER=ANONYMOUS
2026-04-17 06:40:53,204 - INFO - ACTION=AUTH_FAIL USER=ANONYMOUS
2026-04-17 06:40:53,449 - INFO - ACTION=AUTH_FAIL USER=ANONYMOUS
2026-04-17 06:40:53,694 - INFO - ACTION=AUTH_FAIL USER=ANONYMOUS
2026-04-17 06:51:12,108 - INFO - ACTION=AUTH_FAIL USER=ANONYMOUS
2026-04-17 06:51:12,359 - INFO - ACTION=AUTH_FAIL USER=ANONYMOUS
2026-04-17 06:51:12,605 - INFO - ACTION=AUTH_FAIL USER=ANONYMOUS
2026-04-17 06:51:12,847 - INFO - ACTION=AUTH_FAIL USER=ANONYMOUS
2026-04-17 06:51:13,095 - INFO - ACTION=AUTH_FAIL USER=ANONYMOUS
2026-04-17 06:51:13,342 - INFO - ACTION=AUTH_FAIL USER=ANONYMOUS
2026-04-17 06:51:13,588 - INFO - ACTION=AUTH_FAIL USER=ANONYMOUS
2026-04-17 06:51:13,834 - INFO - ACTION=AUTH_FAIL USER=ANONYMOUS
2026-04-17 06:51:14,080 - INFO - ACTION=AUTH_FAIL USER=ANONYMOUS
2026-04-17 06:51:14,333 - INFO - ACTION=AUTH_FAIL USER=ANONYMOUS
2026-04-17 06:51:14,584 - INFO - ACTION=AUTH_FAIL USER=ANONYMOUS
2026-04-17 06:51:14,834 - INFO - ACTION=AUTH_FAIL USER=ANONYMOUS
2026-04-17 06:51:15,090 - INFO - ACTION=AUTH_FAIL USER=ANONYMOUS
2026-04-17 06:51:15,337 - INFO - ACTION=AUTH_FAIL USER=ANONYMOUS
2026-04-17 06:51:15,583 - INFO - ACTION=AUTH_FAIL USER=ANONYMOUS
2026-04-17 06:51:15,836 - INFO - ACTION=AUTH_FAIL USER=ANONYMOUS
2026-04-17 06:51:16,088 - INFO - ACTION=AUTH_FAIL USER=ANONYMOUS
2026-04-17 06:51:16,333 - INFO - ACTION=AUTH_FAIL USER=ANONYMOUS
2026-04-17 06:51:16,575 - INFO - ACTION=AUTH_FAIL USER=ANONYMOUS
2026-04-17 06:51:16,831 - INFO - ACTION=AUTH_FAIL USER=ANONYMOUS
2026-04-17 06:51:17,110 - INFO - ACTION=AUTH_FAIL USER=ANONYMOUS
2026-04-17 06:51:17,361 - INFO - ACTION=AUTH_FAIL USER=ANONYMOUS
2026-04-17 06:51:17,607 - INFO - ACTION=AUTH_FAIL USER=ANONYMOUS
2026-04-17 06:51:17,848 - INFO - ACTION=AUTH_FAIL USER=ANONYMOUS
2026-04-17 06:51:18,091 - INFO - ACTION=AUTH_FAIL USER=ANONYMOUS
2026-04-17 06:51:18,336 - INFO - ACTION=AUTH_FAIL USER=ANONYMOUS
2026-04-17 06:51:18,579 - INFO - ACTION=AUTH_FAIL USER=ANONYMOUS
2026-04-17 06:51:18,842 - INFO - ACTION=AUTH_FAIL USER=ANONYMOUS
2026-04-17 06:51:19,090 - INFO - ACTION=AUTH_FAIL USER=ANONYMOUS
2026-04-17 06:51:19,336 - INFO - ACTION=AUTH_FAIL USER=ANONYMOUS
2026-04-17 06:51:19,584 - INFO - ACTION=AUTH_FAIL USER=ANONYMOUS
2026-04-17 06:51:19,834 - INFO - ACTION=AUTH_FAIL USER=ANONYMOUS
2026-04-17 06:51:20,081 - INFO - ACTION=AUTH_FAIL USER=ANONYMOUS
2026-04-17 06:51:20,328 - INFO - ACTION=AUTH_FAIL USER=ANONYMOUS
2026-04-17 06:51:20,577 - INFO - ACTION=AUTH_FAIL USER=ANONYMOUS
2026-04-17 06:51:20,829 - INFO - ACTION=AUTH_FAIL USER=ANONYMOUS
2026-04-17 06:51:21,079 - INFO - ACTION=AUTH_FAIL USER=ANONYMOUS
2026-04-17 06:51:21,324 - INFO - ACTION=AUTH_FAIL USER=ANONYMOUS
2026-04-17 06:51:21,573 - INFO - ACTION=AUTH_FAIL USER=ANONYMOUS
2026-04-17 06:51:21,817 - INFO - ACTION=AUTH_FAIL USER=ANONYMOUS
2026-04-17 06:51:22,074 - INFO - ACTION=AUTH_FAIL USER=ANONYMOUS
2026-04-17 06:51:22,322 - INFO - ACTION=AUTH_FAIL USER=ANONYMOUS
2026-04-17 06:51:22,574 - INFO - ACTION=AUTH_FAIL USER=ANONYMOUS
2026-04-17 06:51:22,823 - INFO - ACTION=AUTH_FAIL USER=ANONYMOUS
2026-04-17 06:51:23,073 - INFO - ACTION=AUTH_FAIL USER=ANONYMOUS
2026-04-17 06:51:23,322 - INFO - ACTION=AUTH_FAIL USER=ANONYMOUS
2026-04-17 06:51:23,565 - INFO - ACTION=ENROLL_SUCCESS USER=Nader
2026-04-17 06:51:23,836 - INFO - ACTION=AUTH_SUCCESS USER=Nader
2026-04-17 06:51:24,087 - INFO - ACTION=AUTH_SUCCESS USER=Nader
2026-04-17 06:51:24,338 - INFO - ACTION=AUTH_SUCCESS USER=Nader
2026-04-17 06:51:24,582 - INFO - ACTION=AUTH_SUCCESS USER=Nader
2026-04-17 06:51:24,825 - INFO - ACTION=AUTH_SUCCESS USER=Nader
2026-04-17 06:51:25,074 - INFO - ACTION=AUTH_SUCCESS USER=Nader
2026-04-17 06:51:25,317 - INFO - ACTION=AUTH_SUCCESS USER=Nader
2026-04-17 06:51:25,566 - INFO - ACTION=AUTH_SUCCESS USER=Nader
2026-04-17 06:51:25,811 - INFO - ACTION=AUTH_SUCCESS USER=Nader
2026-04-17 06:51:26,057 - INFO - ACTION=AUTH_SUCCESS USER=Nader
2026-04-17 06:51:26,305 - INFO - ACTION=AUTH_SUCCESS USER=Nader
2026-04-17 06:51:26,550 - INFO - ACTION=AUTH_SUCCESS USER=Nader
2026-04-17 06:51:26,794 - INFO - ACTION=AUTH_SUCCESS USER=Nader
2026-04-17 06:51:27,042 - INFO - ACTION=AUTH_SUCCESS USER=Nader
2026-04-17 06:51:27,283 - INFO - ACTION=AUTH_SUCCESS USER=Nader
2026-04-17 06:51:27,562 - INFO - ACTION=AUTH_SUCCESS USER=Nader
2026-04-17 06:51:27,814 - INFO - ACTION=AUTH_SUCCESS USER=Nader
2026-04-17 06:51:28,079 - INFO - ACTION=AUTH_SUCCESS USER=Nader
2026-04-17 06:51:28,328 - INFO - ACTION=AUTH_SUCCESS USER=Nader
2026-04-17 06:51:28,578 - INFO - ACTION=AUTH_SUCCESS USER=Nader
2026-04-17 06:51:28,825 - INFO - ACTION=AUTH_SUCCESS USER=Nader
2026-04-17 06:51:29,075 - INFO - ACTION=AUTH_SUCCESS USER=Nader
2026-04-17 06:51:29,326 - INFO - ACTION=AUTH_SUCCESS USER=Nader
2026-04-17 06:51:29,579 - INFO - ACTION=AUTH_SUCCESS USER=Nader
2026-04-17 06:51:29,830 - INFO - ACTION=AUTH_SUCCESS USER=Nader
2026-04-17 06:51:30,080 - INFO - ACTION=AUTH_SUCCESS USER=Nader
2026-04-17 06:51:30,355 - INFO - ACTION=AUTH_SUCCESS USER=Nader
2026-04-17 06:51:30,606 - INFO - ACTION=AUTH_SUCCESS USER=Nader
2026-04-17 06:51:30,857 - INFO - ACTION=AUTH_SUCCESS USER=Nader
2026-04-17 06:51:31,103 - INFO - ACTION=AUTH_SUCCESS USER=Nader
2026-04-17 06:51:31,346 - INFO - ACTION=AUTH_SUCCESS USER=Nader
2026-04-17 06:51:31,589 - INFO - ACTION=AUTH_SUCCESS USER=Nader
2026-04-17 06:51:31,834 - INFO - ACTION=AUTH_SUCCESS USER=Nader
2026-04-17 06:51:32,082 - INFO - ACTION=AUTH_SUCCESS USER=Nader
2026-04-17 06:51:32,348 - INFO - ACTION=AUTH_SUCCESS USER=Nader
2026-04-17 06:51:32,607 - INFO - ACTION=AUTH_SUCCESS USER=Nader
2026-04-17 06:51:32,862 - INFO - ACTION=AUTH_SUCCESS USER=Nader
2026-04-17 06:51:33,135 - INFO - ACTION=AUTH_SUCCESS USER=Nader
2026-04-17 06:51:33,388 - INFO - ACTION=AUTH_SUCCESS USER=Nader
2026-04-17 06:51:33,639 - INFO - ACTION=AUTH_SUCCESS USER=Nader
2026-04-17 06:51:33,891 - INFO - ACTION=AUTH_SUCCESS USER=Nader
2026-04-17 06:51:34,158 - INFO - ACTION=AUTH_SUCCESS USER=Nader
2026-04-17 06:51:34,441 - INFO - ACTION=AUTH_SUCCESS USER=Nader
2026-04-17 06:51:34,690 - INFO - ACTION=AUTH_SUCCESS USER=Nader
2026-04-17 06:51:50,619 - INFO - ACTION=AUTH_FAIL USER=ANONYMOUS
2026-04-17 06:51:50,903 - INFO - ACTION=AUTH_FAIL USER=ANONYMOUS
2026-04-17 06:51:51,152 - INFO - ACTION=AUTH_FAIL USER=ANONYMOUS
2026-04-17 06:51:51,402 - INFO - ACTION=AUTH_FAIL USER=ANONYMOUS
2026-04-17 06:51:51,653 - INFO - ACTION=AUTH_FAIL USER=ANONYMOUS
2026-04-17 06:51:51,901 - INFO - ACTION=AUTH_FAIL USER=ANONYMOUS
2026-04-17 06:51:52,159 - INFO - ACTION=AUTH_FAIL USER=ANONYMOUS
2026-04-17 06:51:52,412 - INFO - ACTION=AUTH_FAIL USER=ANONYMOUS
2026-04-17 06:51:52,664 - INFO - ACTION=AUTH_FAIL USER=ANONYMOUS
2026-04-17 06:51:52,912 - INFO - ACTION=AUTH_FAIL USER=ANONYMOUS
2026-04-17 06:51:53,161 - INFO - ACTION=AUTH_FAIL USER=ANONYMOUS
2026-04-17 06:51:53,412 - INFO - ACTION=AUTH_FAIL USER=ANONYMOUS
2026-04-17 06:51:53,658 - INFO - ACTION=AUTH_FAIL USER=ANONYMOUS
2026-04-17 06:51:53,903 - INFO - ACTION=AUTH_FAIL USER=ANONYMOUS
2026-04-17 06:51:54,152 - INFO - ACTION=AUTH_FAIL USER=ANONYMOUS
2026-04-17 06:51:54,399 - INFO - ACTION=AUTH_FAIL USER=ANONYMOUS
2026-04-17 06:51:54,644 - INFO - ACTION=AUTH_FAIL USER=ANONYMOUS
2026-04-17 06:51:54,892 - INFO - ACTION=AUTH_FAIL USER=ANONYMOUS
2026-04-17 06:51:55,142 - INFO - ACTION=AUTH_FAIL USER=ANONYMOUS
2026-04-17 06:51:55,391 - INFO - ACTION=AUTH_FAIL USER=ANONYMOUS
2026-04-17 06:51:55,642 - INFO - ACTION=AUTH_FAIL USER=ANONYMOUS
2026-04-17 06:51:55,892 - INFO - ACTION=AUTH_FAIL USER=ANONYMOUS
2026-04-17 06:51:56,140 - INFO - ACTION=AUTH_FAIL USER=ANONYMOUS
2026-04-17 06:51:56,387 - INFO - ACTION=AUTH_FAIL USER=ANONYMOUS
2026-04-17 06:51:56,640 - INFO - ACTION=AUTH_FAIL USER=ANONYMOUS
2026-04-17 06:51:56,887 - INFO - ACTION=AUTH_FAIL USER=ANONYMOUS
2026-04-17 06:51:57,137 - INFO - ACTION=AUTH_FAIL USER=ANONYMOUS
2026-04-17 06:51:57,383 - INFO - ACTION=AUTH_FAIL USER=ANONYMOUS
2026-04-17 06:51:57,629 - INFO - ACTION=AUTH_FAIL USER=ANONYMOUS
2026-04-17 06:51:57,877 - INFO - ACTION=AUTH_FAIL USER=ANONYMOUS
2026-04-17 06:51:58,119 - INFO - ACTION=AUTH_FAIL USER=ANONYMOUS
2026-04-17 06:51:58,358 - INFO - ACTION=AUTH_FAIL USER=ANONYMOUS
2026-04-17 06:51:58,605 - INFO - ACTION=AUTH_FAIL USER=ANONYMOUS
2026-04-17 06:51:58,845 - INFO - ACTION=AUTH_FAIL USER=ANONYMOUS
2026-04-17 06:51:59,094 - INFO - ACTION=AUTH_FAIL USER=ANONYMOUS
2026-04-17 06:51:59,344 - INFO - ACTION=AUTH_FAIL USER=ANONYMOUS
2026-04-17 06:51:59,592 - INFO - ACTION=AUTH_FAIL USER=ANONYMOUS
2026-04-17 06:51:59,845 - INFO - ACTION=AUTH_FAIL USER=ANONYMOUS
2026-04-17 06:52:00,096 - INFO - ACTION=AUTH_FAIL USER=ANONYMOUS
2026-04-17 06:52:00,436 - INFO - ACTION=AUTH_FAIL_NO_FACE USER=ANONYMOUS
2026-04-17 06:52:00,494 - INFO - ACTION=AUTH_FAIL_NO_FACE USER=ANONYMOUS
2026-04-17 06:52:00,787 - INFO - ACTION=AUTH_FAIL USER=ANONYMOUS
2026-04-17 06:52:01,036 - INFO - ACTION=AUTH_FAIL USER=ANONYMOUS
2026-04-17 06:52:01,288 - INFO - ACTION=AUTH_FAIL USER=ANONYMOUS
2026-04-17 07:04:37,840 - INFO - ACTION=AUTH_FAIL USER=ANONYMOUS
2026-04-17 07:04:38,086 - INFO - ACTION=AUTH_FAIL USER=ANONYMOUS
2026-04-17 07:04:38,328 - INFO - ACTION=AUTH_FAIL USER=ANONYMOUS
2026-04-17 07:04:38,577 - INFO - ACTION=AUTH_FAIL USER=ANONYMOUS
2026-04-17 07:04:38,832 - INFO - ACTION=AUTH_FAIL USER=ANONYMOUS
2026-04-17 07:04:39,083 - INFO - ACTION=AUTH_FAIL USER=ANONYMOUS
2026-04-17 07:04:39,326 - INFO - ACTION=AUTH_FAIL USER=ANONYMOUS
2026-04-17 07:04:39,570 - INFO - ACTION=AUTH_FAIL USER=ANONYMOUS
2026-04-17 07:04:39,819 - INFO - ACTION=AUTH_FAIL USER=ANONYMOUS
2026-04-17 07:04:40,071 - INFO - ACTION=AUTH_FAIL USER=ANONYMOUS
2026-04-17 07:04:40,315 - INFO - ACTION=AUTH_FAIL USER=ANONYMOUS
2026-04-17 07:04:40,569 - INFO - ACTION=AUTH_FAIL USER=ANONYMOUS
2026-04-17 07:04:40,811 - INFO - ACTION=AUTH_FAIL USER=ANONYMOUS
2026-04-17 07:04:41,065 - INFO - ACTION=AUTH_FAIL USER=ANONYMOUS
2026-04-17 07:04:41,392 - INFO - ACTION=AUTH_FAIL USER=ANONYMOUS
2026-04-17 07:04:41,637 - INFO - ACTION=AUTH_FAIL USER=ANONYMOUS
2026-04-17 07:04:41,880 - INFO - ACTION=AUTH_FAIL USER=ANONYMOUS
2026-04-17 07:04:42,121 - INFO - ACTION=AUTH_FAIL USER=ANONYMOUS
2026-04-17 07:04:42,364 - INFO - ACTION=AUTH_FAIL USER=ANONYMOUS
2026-04-17 07:04:42,612 - INFO - ACTION=AUTH_FAIL USER=ANONYMOUS
2026-04-17 07:04:42,865 - INFO - ACTION=AUTH_FAIL USER=ANONYMOUS
2026-04-17 07:04:43,111 - INFO - ACTION=AUTH_FAIL USER=ANONYMOUS
2026-04-17 07:04:43,354 - INFO - ACTION=AUTH_FAIL USER=ANONYMOUS
2026-04-17 07:04:43,602 - INFO - ACTION=AUTH_FAIL USER=ANONYMOUS
2026-04-17 07:04:43,843 - INFO - ACTION=AUTH_FAIL USER=ANONYMOUS
2026-04-17 07:04:44,096 - INFO - ACTION=AUTH_FAIL USER=ANONYMOUS
2026-04-17 07:04:44,341 - INFO - ACTION=AUTH_FAIL USER=ANONYMOUS
2026-04-17 07:04:44,588 - INFO - ACTION=AUTH_FAIL USER=ANONYMOUS
2026-04-17 07:04:44,829 - INFO - ACTION=AUTH_FAIL USER=ANONYMOUS
2026-04-17 07:04:45,072 - INFO - ACTION=AUTH_FAIL USER=ANONYMOUS
2026-04-17 07:04:45,319 - INFO - ACTION=AUTH_FAIL USER=ANONYMOUS
2026-04-17 07:04:45,564 - INFO - ACTION=AUTH_FAIL USER=ANONYMOUS
2026-04-17 07:04:45,807 - INFO - ACTION=AUTH_FAIL USER=ANONYMOUS
2026-04-17 07:04:46,048 - INFO - ACTION=AUTH_FAIL USER=ANONYMOUS
2026-04-17 07:04:46,292 - INFO - ACTION=AUTH_FAIL USER=ANONYMOUS
2026-04-17 07:04:46,538 - INFO - ACTION=AUTH_FAIL USER=ANONYMOUS
2026-04-17 07:04:46,783 - INFO - ACTION=AUTH_FAIL USER=ANONYMOUS
2026-04-17 07:04:47,026 - INFO - ACTION=AUTH_FAIL USER=ANONYMOUS
2026-04-17 07:04:47,267 - INFO - ACTION=AUTH_FAIL USER=ANONYMOUS
2026-04-17 07:04:47,515 - INFO - ACTION=AUTH_FAIL USER=ANONYMOUS
2026-04-17 07:04:47,759 - INFO - ACTION=AUTH_FAIL USER=ANONYMOUS
2026-04-17 07:04:48,004 - INFO - ACTION=AUTH_FAIL USER=ANONYMOUS
2026-04-17 07:04:48,251 - INFO - ACTION=AUTH_FAIL USER=ANONYMOUS
2026-04-17 07:04:48,496 - INFO - ACTION=AUTH_FAIL USER=ANONYMOUS
2026-04-17 07:04:48,739 - INFO - ACTION=AUTH_FAIL USER=ANONYMOUS
2026-04-17 07:04:48,975 - INFO - ACTION=ENROLL_SUCCESS USER=Nader
2026-04-17 07:04:49,251 - INFO - ACTION=AUTH_SUCCESS USER=Nader
2026-04-17 07:04:49,506 - INFO - ACTION=AUTH_SUCCESS USER=Nader
2026-04-17 07:04:49,755 - INFO - ACTION=AUTH_SUCCESS USER=Nader
2026-04-17 07:04:49,998 - INFO - ACTION=AUTH_SUCCESS USER=Nader
2026-04-17 07:04:50,254 - INFO - ACTION=AUTH_SUCCESS USER=Nader
2026-04-17 07:04:50,503 - INFO - ACTION=AUTH_SUCCESS USER=Nader
2026-04-17 07:04:50,751 - INFO - ACTION=AUTH_SUCCESS USER=Nader
2026-04-17 07:04:50,997 - INFO - ACTION=AUTH_SUCCESS USER=Nader
2026-04-17 07:04:51,253 - INFO - ACTION=AUTH_SUCCESS USER=Nader
2026-04-17 07:04:51,496 - INFO - ACTION=AUTH_SUCCESS USER=Nader
2026-04-17 07:04:51,737 - INFO - ACTION=AUTH_SUCCESS USER=Nader
2026-04-17 07:04:51,978 - INFO - ACTION=AUTH_SUCCESS USER=Nader
2026-04-17 07:04:52,222 - INFO - ACTION=AUTH_SUCCESS USER=Nader
2026-04-17 07:04:52,468 - INFO - ACTION=AUTH_SUCCESS USER=Nader
2026-04-17 07:04:52,711 - INFO - ACTION=AUTH_SUCCESS USER=Nader
2026-04-17 07:04:52,952 - INFO - ACTION=AUTH_SUCCESS USER=Nader
2026-04-17 07:04:53,208 - INFO - ACTION=AUTH_SUCCESS USER=Nader
2026-04-17 07:04:53,454 - INFO - ACTION=AUTH_SUCCESS USER=Nader
2026-04-17 07:04:53,699 - INFO - ACTION=AUTH_SUCCESS USER=Nader
2026-04-17 07:04:53,951 - INFO - ACTION=AUTH_SUCCESS USER=Nader
2026-04-17 07:04:54,207 - INFO - ACTION=AUTH_SUCCESS USER=Nader
2026-04-17 07:04:54,461 - INFO - ACTION=AUTH_SUCCESS USER=Nader
2026-04-17 07:04:54,704 - INFO - ACTION=AUTH_SUCCESS USER=Nader
2026-04-17 07:04:54,953 - INFO - ACTION=AUTH_SUCCESS USER=Nader
2026-04-17 07:04:55,201 - INFO - ACTION=AUTH_SUCCESS USER=Nader
2026-04-17 07:04:55,458 - INFO - ACTION=AUTH_SUCCESS USER=Nader
2026-04-17 07:04:55,705 - INFO - ACTION=AUTH_SUCCESS USER=Nader
2026-04-17 07:05:13,254 - INFO - ACTION=AUTH_FAIL USER=ANONYMOUS
2026-04-17 07:05:13,547 - INFO - ACTION=AUTH_FAIL USER=ANONYMOUS
2026-04-17 07:05:13,790 - INFO - ACTION=AUTH_FAIL USER=ANONYMOUS
2026-04-17 07:05:14,033 - INFO - ACTION=AUTH_FAIL USER=ANONYMOUS
2026-04-17 07:05:14,278 - INFO - ACTION=AUTH_FAIL USER=ANONYMOUS
2026-04-17 07:05:14,517 - INFO - ACTION=AUTH_FAIL USER=ANONYMOUS
2026-04-17 07:05:14,756 - INFO - ACTION=AUTH_FAIL USER=ANONYMOUS
2026-04-17 07:05:14,994 - INFO - ACTION=AUTH_FAIL USER=ANONYMOUS
2026-04-17 07:05:15,241 - INFO - ACTION=AUTH_FAIL USER=ANONYMOUS
2026-04-17 07:05:15,487 - INFO - ACTION=AUTH_FAIL USER=ANONYMOUS
2026-04-17 07:05:15,731 - INFO - ACTION=AUTH_FAIL USER=ANONYMOUS
2026-04-17 07:05:15,973 - INFO - ACTION=AUTH_FAIL USER=ANONYMOUS
2026-04-17 07:05:16,214 - INFO - ACTION=AUTH_FAIL USER=ANONYMOUS
2026-04-17 07:05:16,457 - INFO - ACTION=AUTH_FAIL USER=ANONYMOUS
2026-04-17 07:05:16,707 - INFO - ACTION=AUTH_FAIL USER=ANONYMOUS
2026-04-17 07:05:16,971 - INFO - ACTION=AUTH_FAIL USER=ANONYMOUS
2026-04-17 07:05:17,215 - INFO - ACTION=AUTH_FAIL USER=ANONYMOUS
2026-04-17 07:05:17,454 - INFO - ACTION=AUTH_FAIL USER=ANONYMOUS
2026-04-17 07:05:17,694 - INFO - ACTION=AUTH_FAIL USER=ANONYMOUS
2026-04-17 07:05:17,940 - INFO - ACTION=AUTH_FAIL USER=ANONYMOUS
2026-04-17 07:05:18,184 - INFO - ACTION=AUTH_FAIL USER=ANONYMOUS
2026-04-17 07:05:18,424 - INFO - ACTION=AUTH_FAIL USER=ANONYMOUS
2026-04-17 07:05:18,666 - INFO - ACTION=AUTH_FAIL USER=ANONYMOUS
2026-04-17 07:05:18,907 - INFO - ACTION=AUTH_FAIL USER=ANONYMOUS
2026-04-17 07:05:19,146 - INFO - ACTION=AUTH_FAIL USER=ANONYMOUS
2026-04-17 07:05:19,386 - INFO - ACTION=AUTH_FAIL USER=ANONYMOUS
2026-04-17 07:05:19,632 - INFO - ACTION=AUTH_FAIL USER=ANONYMOUS
2026-04-17 07:05:19,876 - INFO - ACTION=AUTH_FAIL USER=ANONYMOUS
2026-04-17 07:05:20,128 - INFO - ACTION=AUTH_FAIL USER=ANONYMOUS
2026-04-17 07:05:20,367 - INFO - ACTION=AUTH_FAIL USER=ANONYMOUS
2026-04-17 07:05:20,609 - INFO - ACTION=AUTH_FAIL USER=ANONYMOUS
2026-04-17 07:05:20,851 - INFO - ACTION=AUTH_FAIL USER=ANONYMOUS
2026-04-17 07:05:21,093 - INFO - ACTION=AUTH_FAIL USER=ANONYMOUS
2026-04-17 07:05:21,334 - INFO - ACTION=AUTH_FAIL USER=ANONYMOUS
2026-04-17 07:05:21,574 - INFO - ACTION=AUTH_FAIL USER=ANONYMOUS
2026-04-17 07:05:21,816 - INFO - ACTION=AUTH_FAIL USER=ANONYMOUS
2026-04-17 07:05:22,056 - INFO - ACTION=AUTH_FAIL USER=ANONYMOUS
2026-04-17 07:05:22,299 - INFO - ACTION=AUTH_FAIL USER=ANONYMOUS
2026-04-17 07:05:22,548 - INFO - ACTION=AUTH_FAIL USER=ANONYMOUS
2026-04-17 07:05:22,798 - INFO - ACTION=AUTH_FAIL USER=ANONYMOUS
2026-04-17 07:05:23,043 - INFO - ACTION=AUTH_FAIL USER=ANONYMOUS
2026-04-17 07:05:23,288 - INFO - ACTION=AUTH_FAIL USER=ANONYMOUS
2026-04-17 07:05:23,316 - INFO - ACTION=AUTH_FAIL_NO_FACE USER=ANONYMOUS
2026-04-17 07:08:45,927 - INFO - ACTION=AUTH_FAIL USER=ANONYMOUS
2026-04-17 07:08:46,176 - INFO - ACTION=AUTH_FAIL USER=ANONYMOUS
2026-04-17 07:08:46,426 - INFO - ACTION=AUTH_FAIL USER=ANONYMOUS
2026-04-17 07:08:46,676 - INFO - ACTION=AUTH_FAIL USER=ANONYMOUS
2026-04-17 07:08:46,925 - INFO - ACTION=AUTH_FAIL USER=ANONYMOUS
2026-04-17 07:08:47,171 - INFO - ACTION=AUTH_FAIL USER=ANONYMOUS
2026-04-17 07:08:47,415 - INFO - ACTION=AUTH_FAIL USER=ANONYMOUS
2026-04-17 07:08:47,673 - INFO - ACTION=AUTH_FAIL USER=ANONYMOUS
2026-04-17 07:08:47,912 - INFO - ACTION=AUTH_FAIL USER=ANONYMOUS
2026-04-17 07:08:48,155 - INFO - ACTION=AUTH_FAIL USER=ANONYMOUS
2026-04-17 07:08:48,398 - INFO - ACTION=AUTH_FAIL USER=ANONYMOUS
2026-04-17 07:08:48,640 - INFO - ACTION=AUTH_FAIL USER=ANONYMOUS
2026-04-17 07:08:48,882 - INFO - ACTION=AUTH_FAIL USER=ANONYMOUS
2026-04-17 07:08:49,125 - INFO - ACTION=AUTH_FAIL USER=ANONYMOUS
2026-04-17 07:08:49,368 - INFO - ACTION=AUTH_FAIL USER=ANONYMOUS
2026-04-17 07:08:49,617 - INFO - ACTION=AUTH_FAIL USER=ANONYMOUS
2026-04-17 07:08:49,861 - INFO - ACTION=AUTH_FAIL USER=ANONYMOUS
2026-04-17 07:08:50,107 - INFO - ACTION=AUTH_FAIL USER=ANONYMOUS
2026-04-17 07:08:50,359 - INFO - ACTION=AUTH_FAIL USER=ANONYMOUS
2026-04-17 07:08:50,600 - INFO - ACTION=AUTH_FAIL USER=ANONYMOUS
2026-04-17 07:08:50,843 - INFO - ACTION=AUTH_FAIL USER=ANONYMOUS
2026-04-17 07:08:51,087 - INFO - ACTION=AUTH_FAIL USER=ANONYMOUS
2026-04-17 07:08:51,097 - INFO - ACTION=AUTH_FAIL_NO_FACE USER=ANONYMOUS
2026-04-17 07:08:51,343 - INFO - ACTION=AUTH_FAIL USER=ANONYMOUS
2026-04-17 07:08:51,593 - INFO - ACTION=AUTH_FAIL USER=ANONYMOUS
2026-04-17 07:08:51,842 - INFO - ACTION=AUTH_FAIL USER=ANONYMOUS
2026-04-17 07:08:52,093 - INFO - ACTION=AUTH_FAIL USER=ANONYMOUS
2026-04-17 07:08:52,344 - INFO - ACTION=AUTH_FAIL USER=ANONYMOUS
2026-04-17 07:08:52,593 - INFO - ACTION=AUTH_FAIL USER=ANONYMOUS
2026-04-17 07:08:52,844 - INFO - ACTION=AUTH_FAIL USER=ANONYMOUS
2026-04-17 07:08:53,095 - INFO - ACTION=AUTH_FAIL USER=ANONYMOUS
2026-04-17 07:08:53,343 - INFO - ACTION=AUTH_FAIL USER=ANONYMOUS
2026-04-17 07:08:53,596 - INFO - ACTION=AUTH_FAIL USER=ANONYMOUS
2026-04-17 07:08:53,869 - INFO - ACTION=ENROLL_SUCCESS USER=Nader
2026-04-17 07:08:54,150 - INFO - ACTION=AUTH_SUCCESS USER=Nader
2026-04-17 07:08:54,399 - INFO - ACTION=AUTH_SUCCESS USER=Nader
2026-04-17 07:08:54,647 - INFO - ACTION=AUTH_SUCCESS USER=Nader
2026-04-17 07:08:54,891 - INFO - ACTION=AUTH_SUCCESS USER=Nader
2026-04-17 07:08:55,143 - INFO - ACTION=AUTH_SUCCESS USER=Nader
2026-04-17 07:08:55,391 - INFO - ACTION=AUTH_SUCCESS USER=Nader
2026-04-17 07:08:55,639 - INFO - ACTION=AUTH_SUCCESS USER=Nader
2026-04-17 07:08:55,887 - INFO - ACTION=AUTH_SUCCESS USER=Nader
2026-04-17 07:08:56,133 - INFO - ACTION=AUTH_SUCCESS USER=Nader
2026-04-17 07:08:56,381 - INFO - ACTION=AUTH_SUCCESS USER=Nader
2026-04-17 07:08:56,630 - INFO - ACTION=AUTH_SUCCESS USER=Nader
2026-04-17 07:08:56,875 - INFO - ACTION=AUTH_SUCCESS USER=Nader
2026-04-17 07:08:57,126 - INFO - ACTION=AUTH_SUCCESS USER=Nader
2026-04-17 07:08:57,377 - INFO - ACTION=AUTH_SUCCESS USER=Nader
2026-04-17 07:08:57,625 - INFO - ACTION=AUTH_SUCCESS USER=Nader
2026-04-17 07:08:57,869 - INFO - ACTION=AUTH_SUCCESS USER=Nader
2026-04-17 07:08:58,118 - INFO - ACTION=AUTH_SUCCESS USER=Nader
2026-04-17 07:08:58,361 - INFO - ACTION=AUTH_SUCCESS USER=Nader
2026-04-17 07:09:41,141 - INFO - ACTION=AUTH_SUCCESS USER=Nader
2026-04-17 07:09:41,390 - INFO - ACTION=AUTH_SUCCESS USER=Nader
2026-04-17 07:09:41,631 - INFO - ACTION=AUTH_SUCCESS USER=Nader
2026-04-17 07:09:41,876 - INFO - ACTION=AUTH_SUCCESS USER=Nader
2026-04-17 07:09:42,132 - INFO - ACTION=AUTH_SUCCESS USER=Nader
2026-04-17 07:09:42,377 - INFO - ACTION=AUTH_SUCCESS USER=Nader
2026-04-17 07:09:42,626 - INFO - ACTION=AUTH_SUCCESS USER=Nader
2026-04-17 07:09:42,893 - INFO - ACTION=AUTH_SUCCESS USER=Nader
2026-04-17 07:09:43,152 - INFO - ACTION=AUTH_SUCCESS USER=Nader
2026-04-17 07:09:43,403 - INFO - ACTION=AUTH_SUCCESS USER=Nader
2026-04-17 07:09:43,647 - INFO - ACTION=AUTH_SUCCESS USER=Nader
2026-04-17 07:09:43,923 - INFO - ACTION=AUTH_SUCCESS USER=Nader
2026-04-17 07:09:44,204 - INFO - ACTION=AUTH_SUCCESS USER=Nader
2026-04-17 07:09:44,460 - INFO - ACTION=AUTH_SUCCESS USER=Nader
2026-04-17 07:09:44,723 - INFO - ACTION=AUTH_SUCCESS USER=Nader
2026-04-17 07:09:44,972 - INFO - ACTION=AUTH_SUCCESS USER=Nader
2026-04-17 07:09:45,227 - INFO - ACTION=AUTH_SUCCESS USER=Nader
2026-04-17 07:09:45,473 - INFO - ACTION=AUTH_SUCCESS USER=Nader
2026-04-17 07:09:45,744 - INFO - ACTION=AUTH_SUCCESS USER=Nader
2026-04-17 07:09:45,997 - INFO - ACTION=AUTH_SUCCESS USER=Nader
2026-04-17 07:09:46,329 - INFO - ACTION=AUTH_SUCCESS USER=Nader
2026-04-17 07:09:46,574 - INFO - ACTION=AUTH_SUCCESS USER=Nader
2026-04-17 07:09:46,818 - INFO - ACTION=AUTH_SUCCESS USER=Nader
2026-04-17 07:09:47,080 - INFO - ACTION=AUTH_SUCCESS USER=Nader
2026-04-17 07:09:47,327 - INFO - ACTION=AUTH_SUCCESS USER=Nader
2026-04-17 07:09:47,589 - INFO - ACTION=AUTH_SUCCESS USER=Nader
2026-04-17 07:09:47,836 - INFO - ACTION=AUTH_SUCCESS USER=Nader
2026-04-17 07:09:48,087 - INFO - ACTION=AUTH_SUCCESS USER=Nader
2026-04-17 07:09:48,329 - INFO - ACTION=AUTH_SUCCESS USER=Nader
2026-04-17 07:09:48,577 - INFO - ACTION=AUTH_SUCCESS USER=Nader
2026-04-17 07:09:48,820 - INFO - ACTION=AUTH_SUCCESS USER=Nader
2026-04-17 07:09:49,095 - INFO - ACTION=AUTH_SUCCESS USER=Nader
2026-04-17 07:09:49,360 - INFO - ACTION=AUTH_SUCCESS USER=Nader
2026-04-17 07:09:49,640 - INFO - ACTION=AUTH_SUCCESS USER=Nader
2026-04-17 07:09:49,894 - INFO - ACTION=AUTH_SUCCESS USER=Nader
2026-04-17 07:09:50,150 - INFO - ACTION=AUTH_SUCCESS USER=Nader
2026-04-17 07:09:50,394 - INFO - ACTION=AUTH_SUCCESS USER=Nader
2026-04-17 07:09:50,639 - INFO - ACTION=AUTH_SUCCESS USER=Nader
2026-04-17 07:09:50,884 - INFO - ACTION=AUTH_SUCCESS USER=Nader
2026-04-17 07:09:51,143 - INFO - ACTION=AUTH_SUCCESS USER=Nader
2026-04-17 07:09:51,396 - INFO - ACTION=AUTH_SUCCESS USER=Nader
2026-04-17 07:09:51,640 - INFO - ACTION=AUTH_SUCCESS USER=Nader
2026-04-17 07:09:51,907 - INFO - ACTION=AUTH_SUCCESS USER=Nader
2026-04-17 07:09:52,155 - INFO - ACTION=AUTH_SUCCESS USER=Nader
2026-04-17 07:09:52,403 - INFO - ACTION=AUTH_SUCCESS USER=Nader
2026-04-17 07:09:52,647 - INFO - ACTION=AUTH_SUCCESS USER=Nader
2026-04-17 07:09:52,905 - INFO - ACTION=AUTH_SUCCESS USER=Nader
2026-04-17 07:09:53,162 - INFO - ACTION=AUTH_SUCCESS USER=Nader
2026-04-17 07:09:53,404 - INFO - ACTION=AUTH_SUCCESS USER=Nader
2026-04-17 07:09:53,649 - INFO - ACTION=AUTH_SUCCESS USER=Nader
2026-04-17 07:09:53,895 - INFO - ACTION=AUTH_SUCCESS USER=Nader
2026-04-17 07:09:54,154 - INFO - ACTION=AUTH_SUCCESS USER=Nader
2026-04-17 07:09:54,402 - INFO - ACTION=AUTH_SUCCESS USER=Nader
2026-04-17 07:09:54,646 - INFO - ACTION=AUTH_SUCCESS USER=Nader
2026-04-17 07:09:54,890 - INFO - ACTION=AUTH_SUCCESS USER=Nader
2026-04-17 07:09:55,146 - INFO - ACTION=AUTH_SUCCESS USER=Nader
2026-04-17 07:09:55,391 - INFO - ACTION=AUTH_SUCCESS USER=Nader
2026-04-17 07:09:55,634 - INFO - ACTION=AUTH_SUCCESS USER=Nader
2026-04-17 07:09:55,875 - INFO - ACTION=AUTH_SUCCESS USER=Nader
2026-04-17 07:09:56,123 - INFO - ACTION=AUTH_SUCCESS USER=Nader
2026-04-17 07:09:56,371 - INFO - ACTION=AUTH_SUCCESS USER=Nader
2026-04-17 07:09:56,619 - INFO - ACTION=AUTH_SUCCESS USER=Nader
2026-04-17 07:09:56,863 - INFO - ACTION=AUTH_SUCCESS USER=Nader
2026-04-17 07:09:57,115 - INFO - ACTION=AUTH_SUCCESS USER=Nader
2026-04-17 07:09:57,360 - INFO - ACTION=AUTH_SUCCESS USER=Nader
2026-04-17 07:09:57,602 - INFO - ACTION=AUTH_SUCCESS USER=Nader
2026-04-17 07:09:57,843 - INFO - ACTION=AUTH_SUCCESS USER=Nader
2026-04-17 07:09:58,098 - INFO - ACTION=AUTH_SUCCESS USER=Nader
2026-04-17 07:09:58,353 - INFO - ACTION=AUTH_SUCCESS USER=Nader
2026-04-17 07:09:58,595 - INFO - ACTION=AUTH_SUCCESS USER=Nader
2026-04-17 07:09:58,839 - INFO - ACTION=AUTH_SUCCESS USER=Nader
2026-04-17 07:09:59,096 - INFO - ACTION=AUTH_SUCCESS USER=Nader
2026-04-17 07:09:59,339 - INFO - ACTION=AUTH_SUCCESS USER=Nader
2026-04-17 07:09:59,581 - INFO - ACTION=AUTH_SUCCESS USER=Nader
2026-04-17 07:09:59,825 - INFO - ACTION=AUTH_SUCCESS USER=Nader
2026-04-17 07:10:00,086 - INFO - ACTION=AUTH_SUCCESS USER=Nader
2026-04-17 07:10:00,331 - INFO - ACTION=AUTH_SUCCESS USER=Nader
2026-04-17 07:10:00,578 - INFO - ACTION=AUTH_SUCCESS USER=Nader
2026-04-17 07:10:00,823 - INFO - ACTION=AUTH_SUCCESS USER=Nader
2026-04-17 07:10:01,082 - INFO - ACTION=AUTH_SUCCESS USER=Nader
2026-04-17 07:10:01,324 - INFO - ACTION=AUTH_SUCCESS USER=Nader
2026-04-17 07:10:01,575 - INFO - ACTION=AUTH_SUCCESS USER=Nader
2026-04-17 07:10:01,833 - INFO - ACTION=AUTH_SUCCESS USER=Nader
2026-04-17 07:10:02,093 - INFO - ACTION=AUTH_SUCCESS USER=Nader
2026-04-17 07:10:02,340 - INFO - ACTION=AUTH_SUCCESS USER=Nader
2026-04-17 07:10:02,590 - INFO - ACTION=AUTH_SUCCESS USER=Nader
2026-04-17 07:10:02,834 - INFO - ACTION=AUTH_SUCCESS USER=Nader
2026-04-17 07:10:03,083 - INFO - ACTION=AUTH_SUCCESS USER=Nader
2026-04-17 07:10:03,325 - INFO - ACTION=AUTH_SUCCESS USER=Nader
2026-04-17 07:10:03,570 - INFO - ACTION=AUTH_SUCCESS USER=Nader
2026-04-17 07:10:03,814 - INFO - ACTION=AUTH_SUCCESS USER=Nader
2026-04-17 07:10:04,071 - INFO - ACTION=AUTH_SUCCESS USER=Nader
2026-04-17 07:10:04,318 - INFO - ACTION=AUTH_SUCCESS USER=Nader
2026-04-17 07:10:04,565 - INFO - ACTION=AUTH_SUCCESS USER=Nader
2026-04-17 07:10:04,812 - INFO - ACTION=AUTH_SUCCESS USER=Nader
2026-04-17 07:10:05,061 - INFO - ACTION=AUTH_SUCCESS USER=Nader
2026-04-17 07:10:05,307 - INFO - ACTION=AUTH_SUCCESS USER=Nader
2026-04-17 07:10:05,574 - INFO - ACTION=AUTH_SUCCESS USER=Nader
2026-04-17 07:10:05,821 - INFO - ACTION=AUTH_SUCCESS USER=Nader
2026-04-17 07:10:06,088 - INFO - ACTION=AUTH_SUCCESS USER=Nader
2026-04-17 07:10:06,341 - INFO - ACTION=AUTH_SUCCESS USER=Nader
2026-04-17 07:10:06,586 - INFO - ACTION=AUTH_SUCCESS USER=Nader
2026-04-17 07:10:06,830 - INFO - ACTION=AUTH_SUCCESS USER=Nader
2026-04-17 07:10:07,082 - INFO - ACTION=AUTH_SUCCESS USER=Nader
2026-04-17 07:10:07,328 - INFO - ACTION=AUTH_SUCCESS USER=Nader
2026-04-17 07:10:07,575 - INFO - ACTION=AUTH_SUCCESS USER=Nader
2026-04-17 07:10:07,823 - INFO - ACTION=AUTH_SUCCESS USER=Nader
2026-04-17 07:10:08,072 - INFO - ACTION=AUTH_SUCCESS USER=Nader
2026-04-17 07:10:08,320 - INFO - ACTION=AUTH_SUCCESS USER=Nader
2026-04-17 07:10:08,566 - INFO - ACTION=AUTH_SUCCESS USER=Nader
2026-04-17 07:10:08,814 - INFO - ACTION=AUTH_SUCCESS USER=Nader
2026-04-17 07:10:09,063 - INFO - ACTION=AUTH_SUCCESS USER=Nader
2026-04-17 07:10:09,309 - INFO - ACTION=AUTH_SUCCESS USER=Nader
2026-04-17 07:10:09,553 - INFO - ACTION=AUTH_SUCCESS USER=Nader
2026-04-17 07:10:09,798 - INFO - ACTION=AUTH_SUCCESS USER=Nader
2026-04-17 07:10:10,045 - INFO - ACTION=AUTH_SUCCESS USER=Nader
2026-04-17 07:10:10,285 - INFO - ACTION=AUTH_SUCCESS USER=Nader
2026-04-17 07:10:10,531 - INFO - ACTION=AUTH_SUCCESS USER=Nader
2026-04-17 07:10:10,775 - INFO - ACTION=AUTH_SUCCESS USER=Nader
2026-04-17 07:10:11,032 - INFO - ACTION=AUTH_SUCCESS USER=Nader
2026-04-17 07:16:55,279 - INFO - ACTION=AUTH_FAIL_NO_FACE USER=ANONYMOUS
2026-04-17 07:16:55,326 - INFO - ACTION=AUTH_FAIL_NO_FACE USER=ANONYMOUS
2026-04-17 07:16:55,600 - INFO - ACTION=AUTH_SUCCESS USER=Nader
2026-04-17 07:16:55,849 - INFO - ACTION=AUTH_SUCCESS USER=Nader
2026-04-17 07:16:56,095 - INFO - ACTION=AUTH_SUCCESS USER=Nader
2026-04-17 07:16:56,335 - INFO - ACTION=AUTH_SUCCESS USER=Nader
2026-04-17 07:16:56,579 - INFO - ACTION=AUTH_SUCCESS USER=Nader
2026-04-17 07:16:56,825 - INFO - ACTION=AUTH_SUCCESS USER=Nader
2026-04-17 07:16:57,078 - INFO - ACTION=AUTH_SUCCESS USER=Nader
2026-04-17 07:16:57,329 - INFO - ACTION=AUTH_SUCCESS USER=Nader
2026-04-17 07:16:57,570 - INFO - ACTION=AUTH_SUCCESS USER=Nader
2026-04-17 07:16:57,817 - INFO - ACTION=AUTH_SUCCESS USER=Nader
2026-04-17 07:16:58,069 - INFO - ACTION=AUTH_SUCCESS USER=Nader
2026-04-17 07:16:58,312 - INFO - ACTION=AUTH_SUCCESS USER=Nader
2026-04-17 07:16:58,553 - INFO - ACTION=AUTH_SUCCESS USER=Nader
2026-04-17 07:16:58,800 - INFO - ACTION=AUTH_SUCCESS USER=Nader
2026-04-17 07:16:59,045 - INFO - ACTION=AUTH_SUCCESS USER=Nader
2026-04-17 07:16:59,322 - INFO - ACTION=AUTH_SUCCESS USER=Nader
2026-04-17 07:16:59,564 - INFO - ACTION=AUTH_SUCCESS USER=Nader
2026-04-17 07:16:59,805 - INFO - ACTION=AUTH_SUCCESS USER=Nader
2026-04-17 07:17:00,054 - INFO - ACTION=AUTH_SUCCESS USER=Nader
2026-04-17 07:17:00,295 - INFO - ACTION=AUTH_SUCCESS USER=Nader
2026-04-17 07:17:00,540 - INFO - ACTION=AUTH_SUCCESS USER=Nader
2026-04-17 07:17:00,791 - INFO - ACTION=AUTH_SUCCESS USER=Nader
2026-04-17 07:17:01,044 - INFO - ACTION=AUTH_SUCCESS USER=Nader
2026-04-17 07:17:01,297 - INFO - ACTION=AUTH_SUCCESS USER=Nader
2026-04-17 07:17:01,545 - INFO - ACTION=AUTH_SUCCESS USER=Nader
2026-04-17 07:17:01,801 - INFO - ACTION=AUTH_SUCCESS USER=Nader
2026-04-17 07:17:02,062 - INFO - ACTION=AUTH_SUCCESS USER=Nader
2026-04-17 07:17:02,326 - INFO - ACTION=AUTH_SUCCESS USER=Nader
2026-04-17 07:17:02,577 - INFO - ACTION=AUTH_SUCCESS USER=Nader
2026-04-17 07:17:02,831 - INFO - ACTION=AUTH_SUCCESS USER=Nader
2026-04-17 07:17:03,100 - INFO - ACTION=AUTH_SUCCESS USER=Nader
2026-04-17 07:17:03,361 - INFO - ACTION=AUTH_SUCCESS USER=Nader
2026-04-17 07:17:03,610 - INFO - ACTION=AUTH_SUCCESS USER=Nader
2026-04-17 07:17:03,861 - INFO - ACTION=AUTH_SUCCESS USER=Nader
2026-04-17 07:17:04,123 - INFO - ACTION=AUTH_SUCCESS USER=Nader
2026-04-17 07:17:04,383 - INFO - ACTION=AUTH_SUCCESS USER=Nader
2026-04-17 07:17:04,671 - INFO - ACTION=AUTH_SUCCESS USER=Nader
2026-04-17 07:17:04,931 - INFO - ACTION=AUTH_SUCCESS USER=Nader
2026-04-17 07:17:05,186 - INFO - ACTION=AUTH_SUCCESS USER=Nader
2026-04-17 07:17:05,435 - INFO - ACTION=AUTH_SUCCESS USER=Nader
2026-04-17 07:17:05,688 - INFO - ACTION=AUTH_SUCCESS USER=Nader
2026-04-17 07:17:05,938 - INFO - ACTION=AUTH_SUCCESS USER=Nader
2026-04-17 07:17:06,201 - INFO - ACTION=AUTH_SUCCESS USER=Nader
2026-04-17 07:17:06,456 - INFO - ACTION=AUTH_SUCCESS USER=Nader
2026-04-17 07:17:06,716 - INFO - ACTION=AUTH_SUCCESS USER=Nader
2026-04-17 07:17:06,968 - INFO - ACTION=AUTH_SUCCESS USER=Nader
2026-04-17 07:17:07,234 - INFO - ACTION=AUTH_SUCCESS USER=Nader
2026-04-17 07:17:07,482 - INFO - ACTION=AUTH_SUCCESS USER=Nader
2026-04-17 07:17:07,735 - INFO - ACTION=AUTH_SUCCESS USER=Nader
2026-04-17 07:17:07,995 - INFO - ACTION=AUTH_SUCCESS USER=Nader
2026-04-17 07:17:08,255 - INFO - ACTION=AUTH_SUCCESS USER=Nader
2026-04-17 07:17:08,503 - INFO - ACTION=AUTH_SUCCESS USER=Nader
2026-04-17 07:17:08,762 - INFO - ACTION=AUTH_SUCCESS USER=Nader
2026-04-17 07:17:09,027 - INFO - ACTION=AUTH_SUCCESS USER=Nader
2026-04-17 07:17:09,276 - INFO - ACTION=AUTH_SUCCESS USER=Nader
2026-04-17 07:19:56,854 - INFO - ACTION=AUTH_FAIL USER=ANONYMOUS
2026-04-17 07:19:57,103 - INFO - ACTION=AUTH_FAIL USER=ANONYMOUS
2026-04-17 07:19:57,352 - INFO - ACTION=AUTH_FAIL USER=ANONYMOUS
2026-04-17 07:19:57,602 - INFO - ACTION=AUTH_FAIL USER=ANONYMOUS
2026-04-17 07:19:57,852 - INFO - ACTION=AUTH_FAIL USER=ANONYMOUS
2026-04-17 07:19:58,102 - INFO - ACTION=AUTH_FAIL USER=ANONYMOUS
2026-04-17 07:19:58,353 - INFO - ACTION=AUTH_FAIL USER=ANONYMOUS
2026-04-17 07:19:58,603 - INFO - ACTION=AUTH_FAIL USER=ANONYMOUS
2026-04-17 07:19:58,868 - INFO - ACTION=AUTH_FAIL USER=ANONYMOUS
2026-04-17 07:19:59,119 - INFO - ACTION=AUTH_FAIL USER=ANONYMOUS
2026-04-17 07:19:59,369 - INFO - ACTION=AUTH_FAIL USER=ANONYMOUS
2026-04-17 07:19:59,619 - INFO - ACTION=AUTH_FAIL USER=ANONYMOUS
2026-04-17 07:19:59,869 - INFO - ACTION=AUTH_FAIL USER=ANONYMOUS
2026-04-17 07:20:00,144 - INFO - ACTION=AUTH_FAIL USER=ANONYMOUS
2026-04-17 07:20:00,392 - INFO - ACTION=AUTH_FAIL USER=ANONYMOUS
2026-04-17 07:20:00,636 - INFO - ACTION=AUTH_FAIL USER=ANONYMOUS
2026-04-17 07:20:00,904 - INFO - ACTION=AUTH_FAIL USER=ANONYMOUS
2026-04-17 07:20:01,158 - INFO - ACTION=AUTH_FAIL USER=ANONYMOUS
2026-04-17 07:20:01,409 - INFO - ACTION=AUTH_FAIL USER=ANONYMOUS
2026-04-17 07:20:01,668 - INFO - ACTION=AUTH_FAIL USER=ANONYMOUS
2026-04-17 07:20:01,919 - INFO - ACTION=AUTH_FAIL USER=ANONYMOUS
2026-04-17 07:20:02,168 - INFO - ACTION=AUTH_FAIL USER=ANONYMOUS
2026-04-17 07:20:02,417 - INFO - ACTION=AUTH_FAIL USER=ANONYMOUS
2026-04-17 07:20:02,668 - INFO - ACTION=AUTH_FAIL USER=ANONYMOUS
2026-04-17 07:20:02,919 - INFO - ACTION=AUTH_FAIL USER=ANONYMOUS
2026-04-17 07:20:03,185 - INFO - ACTION=AUTH_FAIL USER=ANONYMOUS
2026-04-17 07:20:03,452 - INFO - ACTION=AUTH_FAIL USER=ANONYMOUS
2026-04-17 07:20:03,702 - INFO - ACTION=AUTH_FAIL USER=ANONYMOUS
2026-04-17 07:20:03,952 - INFO - ACTION=AUTH_FAIL USER=ANONYMOUS
2026-04-17 07:20:04,202 - INFO - ACTION=AUTH_FAIL USER=ANONYMOUS
2026-04-17 07:20:04,452 - INFO - ACTION=AUTH_FAIL USER=ANONYMOUS
2026-04-17 07:20:04,702 - INFO - ACTION=AUTH_FAIL USER=ANONYMOUS
2026-04-17 07:20:04,952 - INFO - ACTION=AUTH_FAIL USER=ANONYMOUS
2026-04-17 07:20:05,202 - INFO - ACTION=AUTH_FAIL USER=ANONYMOUS
2026-04-17 07:20:05,452 - INFO - ACTION=AUTH_FAIL USER=ANONYMOUS
2026-04-17 07:20:05,734 - INFO - ACTION=AUTH_FAIL USER=ANONYMOUS
2026-04-17 07:20:05,985 - INFO - ACTION=AUTH_FAIL USER=ANONYMOUS
2026-04-17 07:20:06,237 - INFO - ACTION=AUTH_FAIL USER=ANONYMOUS
2026-04-17 07:20:06,502 - INFO - ACTION=AUTH_FAIL USER=ANONYMOUS
2026-04-17 07:20:06,751 - INFO - ACTION=AUTH_FAIL USER=ANONYMOUS
2026-04-17 07:20:07,016 - INFO - ACTION=AUTH_FAIL USER=ANONYMOUS
2026-04-17 07:20:07,268 - INFO - ACTION=AUTH_FAIL USER=ANONYMOUS
2026-04-17 07:20:07,522 - INFO - ACTION=AUTH_FAIL USER=ANONYMOUS
2026-04-17 07:20:07,769 - INFO - ACTION=AUTH_FAIL USER=ANONYMOUS
2026-04-17 07:20:08,027 - INFO - ACTION=AUTH_FAIL USER=ANONYMOUS
2026-04-17 07:20:08,269 - INFO - ACTION=AUTH_FAIL USER=ANONYMOUS
2026-04-17 07:20:08,530 - INFO - ACTION=AUTH_FAIL USER=ANONYMOUS
2026-04-17 07:20:08,784 - INFO - ACTION=AUTH_FAIL USER=ANONYMOUS
2026-04-17 07:20:09,035 - INFO - ACTION=AUTH_FAIL USER=ANONYMOUS
2026-04-17 07:20:09,285 - INFO - ACTION=AUTH_FAIL USER=ANONYMOUS
2026-04-17 07:20:09,536 - INFO - ACTION=AUTH_FAIL USER=ANONYMOUS
2026-04-17 07:20:09,785 - INFO - ACTION=AUTH_FAIL USER=ANONYMOUS
2026-04-17 07:20:10,037 - INFO - ACTION=AUTH_FAIL USER=ANONYMOUS
2026-04-17 07:20:10,286 - INFO - ACTION=AUTH_FAIL USER=ANONYMOUS
2026-04-17 07:20:10,535 - INFO - ACTION=AUTH_FAIL USER=ANONYMOUS
2026-04-17 07:20:10,971 - INFO - ACTION=AUTH_FAIL USER=ANONYMOUS
2026-04-17 07:20:11,017 - INFO - ACTION=AUTH_FAIL_NO_FACE USER=ANONYMOUS
2026-04-17 07:20:11,300 - INFO - ACTION=AUTH_FAIL USER=ANONYMOUS
2026-04-17 07:20:11,551 - INFO - ACTION=AUTH_FAIL USER=ANONYMOUS
2026-04-17 07:20:11,817 - INFO - ACTION=AUTH_FAIL USER=ANONYMOUS
2026-04-17 07:22:03,705 - INFO - ACTION=AUTH_FAIL USER=ANONYMOUS
2026-04-17 07:22:03,950 - INFO - ACTION=AUTH_FAIL USER=ANONYMOUS
2026-04-17 07:22:04,212 - INFO - ACTION=AUTH_FAIL USER=ANONYMOUS
2026-04-17 07:22:04,461 - INFO - ACTION=AUTH_FAIL USER=ANONYMOUS
2026-04-17 07:22:04,726 - INFO - ACTION=AUTH_FAIL USER=ANONYMOUS
2026-04-17 07:22:04,977 - INFO - ACTION=AUTH_FAIL USER=ANONYMOUS
2026-04-17 07:22:05,235 - INFO - ACTION=AUTH_FAIL USER=ANONYMOUS
2026-04-17 07:22:05,494 - INFO - ACTION=AUTH_FAIL USER=ANONYMOUS
2026-04-17 07:22:05,744 - INFO - ACTION=AUTH_FAIL USER=ANONYMOUS
2026-04-17 07:22:05,995 - INFO - ACTION=AUTH_FAIL USER=ANONYMOUS
2026-04-17 07:22:06,261 - INFO - ACTION=AUTH_FAIL USER=ANONYMOUS
2026-04-17 07:22:06,542 - INFO - ACTION=AUTH_FAIL USER=ANONYMOUS
2026-04-17 07:22:06,826 - INFO - ACTION=AUTH_FAIL USER=ANONYMOUS
2026-04-17 07:22:07,077 - INFO - ACTION=AUTH_FAIL USER=ANONYMOUS
2026-04-17 07:22:07,360 - INFO - ACTION=AUTH_FAIL USER=ANONYMOUS
2026-04-17 07:22:07,616 - INFO - ACTION=AUTH_FAIL USER=ANONYMOUS
2026-04-17 07:22:07,870 - INFO - ACTION=AUTH_FAIL USER=ANONYMOUS
2026-04-17 07:22:08,153 - INFO - ACTION=AUTH_FAIL USER=ANONYMOUS
2026-04-17 07:22:08,404 - INFO - ACTION=AUTH_FAIL USER=ANONYMOUS
2026-04-17 07:22:08,669 - INFO - ACTION=AUTH_FAIL USER=ANONYMOUS
2026-04-17 07:22:08,914 - INFO - ACTION=AUTH_FAIL USER=ANONYMOUS
2026-04-17 07:22:09,195 - INFO - ACTION=AUTH_FAIL USER=ANONYMOUS
2026-04-17 07:22:09,457 - INFO - ACTION=AUTH_FAIL USER=ANONYMOUS
2026-04-17 07:22:09,704 - INFO - ACTION=AUTH_FAIL USER=ANONYMOUS
2026-04-17 07:22:09,953 - INFO - ACTION=AUTH_FAIL USER=ANONYMOUS
2026-04-17 07:22:10,204 - INFO - ACTION=AUTH_FAIL USER=ANONYMOUS
2026-04-17 07:22:10,448 - INFO - ACTION=AUTH_FAIL USER=ANONYMOUS
2026-04-17 07:22:10,726 - INFO - ACTION=AUTH_FAIL USER=ANONYMOUS
2026-04-17 07:22:10,991 - INFO - ACTION=AUTH_FAIL USER=ANONYMOUS
2026-04-17 07:22:11,244 - INFO - ACTION=AUTH_FAIL USER=ANONYMOUS
2026-04-17 07:22:11,503 - INFO - ACTION=AUTH_FAIL USER=ANONYMOUS
2026-04-17 07:22:11,761 - INFO - ACTION=AUTH_FAIL USER=ANONYMOUS
2026-04-17 07:22:12,026 - INFO - ACTION=AUTH_FAIL USER=ANONYMOUS
2026-04-17 07:22:12,437 - INFO - ACTION=AUTH_FAIL USER=ANONYMOUS
2026-04-17 07:22:12,726 - INFO - ACTION=AUTH_FAIL USER=ANONYMOUS
2026-04-17 07:22:13,013 - INFO - ACTION=AUTH_FAIL USER=ANONYMOUS
2026-04-17 07:22:13,260 - INFO - ACTION=AUTH_FAIL USER=ANONYMOUS
2026-04-17 07:22:13,516 - INFO - ACTION=AUTH_FAIL USER=ANONYMOUS
2026-04-17 07:22:13,761 - INFO - ACTION=AUTH_FAIL USER=ANONYMOUS
2026-04-17 07:22:14,027 - INFO - ACTION=AUTH_FAIL USER=ANONYMOUS
2026-04-17 07:22:14,276 - INFO - ACTION=AUTH_FAIL USER=ANONYMOUS
2026-04-17 07:22:14,528 - INFO - ACTION=AUTH_FAIL USER=ANONYMOUS
2026-04-17 07:22:14,808 - INFO - ACTION=AUTH_FAIL USER=ANONYMOUS
2026-04-17 07:22:15,060 - INFO - ACTION=AUTH_FAIL USER=ANONYMOUS
2026-04-17 07:22:15,343 - INFO - ACTION=AUTH_FAIL USER=ANONYMOUS
2026-04-17 07:22:15,593 - INFO - ACTION=AUTH_FAIL USER=ANONYMOUS
2026-04-17 07:22:15,843 - INFO - ACTION=AUTH_FAIL USER=ANONYMOUS
2026-04-17 07:22:16,108 - INFO - ACTION=AUTH_FAIL USER=ANONYMOUS
2026-04-17 07:22:16,360 - INFO - ACTION=AUTH_FAIL USER=ANONYMOUS
2026-04-17 07:22:16,610 - INFO - ACTION=AUTH_FAIL USER=ANONYMOUS
2026-04-17 07:22:16,860 - INFO - ACTION=AUTH_FAIL USER=ANONYMOUS
2026-04-17 07:22:17,143 - INFO - ACTION=AUTH_FAIL USER=ANONYMOUS
2026-04-17 07:22:17,425 - INFO - ACTION=AUTH_FAIL USER=ANONYMOUS
2026-04-17 07:22:17,677 - INFO - ACTION=AUTH_FAIL USER=ANONYMOUS
2026-04-17 07:22:17,983 - INFO - ACTION=AUTH_FAIL USER=ANONYMOUS
2026-04-17 07:22:18,243 - INFO - ACTION=AUTH_FAIL USER=ANONYMOUS
2026-04-17 07:23:16,073 - INFO - ACTION=AUTH_FAIL USER=ANONYMOUS
2026-04-17 07:23:16,329 - INFO - ACTION=AUTH_FAIL USER=ANONYMOUS
2026-04-17 07:23:16,576 - INFO - ACTION=AUTH_FAIL USER=ANONYMOUS
2026-04-17 07:23:16,822 - INFO - ACTION=AUTH_FAIL USER=ANONYMOUS
2026-04-17 07:23:17,063 - INFO - ACTION=AUTH_FAIL USER=ANONYMOUS
2026-04-17 07:23:17,305 - INFO - ACTION=AUTH_FAIL USER=ANONYMOUS
2026-04-17 07:23:17,549 - INFO - ACTION=AUTH_FAIL USER=ANONYMOUS
2026-04-17 07:23:17,791 - INFO - ACTION=AUTH_FAIL USER=ANONYMOUS
2026-04-17 07:23:18,037 - INFO - ACTION=AUTH_FAIL USER=ANONYMOUS
2026-04-17 07:23:18,287 - INFO - ACTION=AUTH_FAIL USER=ANONYMOUS
2026-04-17 07:23:18,536 - INFO - ACTION=AUTH_FAIL USER=ANONYMOUS
2026-04-17 07:23:18,782 - INFO - ACTION=AUTH_FAIL USER=ANONYMOUS
2026-04-17 07:23:19,027 - INFO - ACTION=AUTH_FAIL USER=ANONYMOUS
2026-04-17 07:23:19,273 - INFO - ACTION=AUTH_FAIL USER=ANONYMOUS
2026-04-17 07:23:19,516 - INFO - ACTION=AUTH_FAIL USER=ANONYMOUS
2026-04-17 07:23:19,758 - INFO - ACTION=AUTH_FAIL USER=ANONYMOUS
2026-04-17 07:23:20,004 - INFO - ACTION=ENROLL_SUCCESS USER=Nader
2026-04-17 07:23:20,285 - INFO - ACTION=AUTH_SUCCESS USER=Nader
2026-04-17 07:23:20,543 - INFO - ACTION=AUTH_SUCCESS USER=Nader
2026-04-17 07:23:20,800 - INFO - ACTION=AUTH_SUCCESS USER=Nader
2026-04-17 07:23:21,047 - INFO - ACTION=AUTH_SUCCESS USER=Nader
2026-04-17 07:23:21,297 - INFO - ACTION=AUTH_SUCCESS USER=Nader
2026-04-17 07:23:21,545 - INFO - ACTION=AUTH_SUCCESS USER=Nader
2026-04-17 07:23:21,798 - INFO - ACTION=AUTH_SUCCESS USER=Nader
2026-04-17 07:23:22,053 - INFO - ACTION=AUTH_SUCCESS USER=Nader
2026-04-17 07:23:22,321 - INFO - ACTION=AUTH_SUCCESS USER=Nader
2026-04-17 07:23:22,563 - INFO - ACTION=AUTH_SUCCESS USER=Nader
2026-04-17 07:23:22,806 - INFO - ACTION=AUTH_SUCCESS USER=Nader
2026-04-17 07:23:23,052 - INFO - ACTION=AUTH_SUCCESS USER=Nader
2026-04-17 07:23:23,293 - INFO - ACTION=AUTH_SUCCESS USER=Nader
2026-04-17 07:23:23,537 - INFO - ACTION=AUTH_SUCCESS USER=Nader
2026-04-17 07:23:23,777 - INFO - ACTION=AUTH_SUCCESS USER=Nader
2026-04-17 07:23:24,026 - INFO - ACTION=AUTH_SUCCESS USER=Nader
2026-04-17 07:23:24,270 - INFO - ACTION=AUTH_SUCCESS USER=Nader
2026-04-17 07:23:24,517 - INFO - ACTION=AUTH_SUCCESS USER=Nader
2026-04-17 07:23:24,763 - INFO - ACTION=AUTH_SUCCESS USER=Nader
2026-04-17 07:23:25,018 - INFO - ACTION=AUTH_SUCCESS USER=Nader
2026-04-17 07:23:25,267 - INFO - ACTION=AUTH_SUCCESS USER=Nader
2026-04-17 07:23:25,509 - INFO - ACTION=AUTH_SUCCESS USER=Nader
2026-04-17 07:23:25,752 - INFO - ACTION=AUTH_SUCCESS USER=Nader
2026-04-17 07:23:26,009 - INFO - ACTION=AUTH_SUCCESS USER=Nader
2026-04-17 07:23:26,253 - INFO - ACTION=AUTH_SUCCESS USER=Nader
2026-04-17 07:23:42,515 - INFO - ACTION=AUTH_SUCCESS USER=Nader
2026-04-17 07:23:42,757 - INFO - ACTION=AUTH_SUCCESS USER=Nader
2026-04-17 07:23:42,999 - INFO - ACTION=AUTH_SUCCESS USER=Nader
2026-04-17 07:23:43,257 - INFO - ACTION=AUTH_SUCCESS USER=Nader
2026-04-17 07:23:43,508 - INFO - ACTION=AUTH_SUCCESS USER=Nader
2026-04-17 07:23:43,751 - INFO - ACTION=AUTH_SUCCESS USER=Nader
2026-04-17 07:23:43,993 - INFO - ACTION=AUTH_SUCCESS USER=Nader
2026-04-17 07:23:44,255 - INFO - ACTION=AUTH_SUCCESS USER=Nader
2026-04-17 07:23:44,504 - INFO - ACTION=AUTH_SUCCESS USER=Nader
2026-04-17 07:23:44,747 - INFO - ACTION=AUTH_SUCCESS USER=Nader
2026-04-17 07:23:44,996 - INFO - ACTION=AUTH_SUCCESS USER=Nader
2026-04-17 07:23:45,246 - INFO - ACTION=AUTH_SUCCESS USER=Nader
2026-04-17 07:23:45,511 - INFO - ACTION=AUTH_SUCCESS USER=Nader
2026-04-17 07:23:45,756 - INFO - ACTION=AUTH_SUCCESS USER=Nader
2026-04-17 07:23:46,011 - INFO - ACTION=AUTH_SUCCESS USER=Nader
2026-04-17 07:23:46,256 - INFO - ACTION=AUTH_SUCCESS USER=Nader
2026-04-17 07:40:40,582 - INFO - ACTION=AUTH_FAIL USER=ANONYMOUS
2026-04-17 07:40:40,829 - INFO - ACTION=AUTH_FAIL USER=ANONYMOUS
2026-04-17 07:40:41,086 - INFO - ACTION=AUTH_FAIL USER=ANONYMOUS
2026-04-17 07:40:41,331 - INFO - ACTION=AUTH_FAIL USER=ANONYMOUS
2026-04-17 07:40:41,589 - INFO - ACTION=AUTH_FAIL USER=ANONYMOUS
2026-04-17 07:40:41,833 - INFO - ACTION=AUTH_FAIL USER=ANONYMOUS
2026-04-17 07:40:42,095 - INFO - ACTION=AUTH_FAIL USER=ANONYMOUS
2026-04-17 07:40:42,348 - INFO - ACTION=AUTH_FAIL USER=ANONYMOUS
2026-04-17 07:40:42,603 - INFO - ACTION=AUTH_FAIL USER=ANONYMOUS
2026-04-17 07:40:42,862 - INFO - ACTION=AUTH_FAIL USER=ANONYMOUS
2026-04-17 07:40:43,132 - INFO - ACTION=AUTH_FAIL USER=ANONYMOUS
2026-04-17 07:40:43,378 - INFO - ACTION=AUTH_FAIL USER=ANONYMOUS
2026-04-17 07:40:43,630 - INFO - ACTION=AUTH_FAIL USER=ANONYMOUS
2026-04-17 07:40:43,882 - INFO - ACTION=AUTH_FAIL USER=ANONYMOUS
2026-04-17 07:40:44,134 - INFO - ACTION=AUTH_FAIL USER=ANONYMOUS
2026-04-17 07:40:44,388 - INFO - ACTION=AUTH_FAIL USER=ANONYMOUS
2026-04-17 07:40:44,637 - INFO - ACTION=AUTH_FAIL USER=ANONYMOUS
2026-04-17 07:40:44,890 - INFO - ACTION=AUTH_FAIL USER=ANONYMOUS
2026-04-17 07:40:45,138 - INFO - ACTION=AUTH_FAIL USER=ANONYMOUS
2026-04-17 07:40:45,388 - INFO - ACTION=AUTH_FAIL USER=ANONYMOUS
2026-04-17 07:40:45,635 - INFO - ACTION=AUTH_FAIL USER=ANONYMOUS
2026-04-17 07:40:45,878 - INFO - ACTION=AUTH_FAIL USER=ANONYMOUS
2026-04-17 07:40:46,120 - INFO - ACTION=AUTH_FAIL USER=ANONYMOUS
2026-04-17 07:40:46,362 - INFO - ACTION=AUTH_FAIL USER=ANONYMOUS
2026-04-17 07:40:46,608 - INFO - ACTION=AUTH_FAIL USER=ANONYMOUS
2026-04-17 07:40:46,850 - INFO - ACTION=AUTH_FAIL USER=ANONYMOUS
2026-04-17 07:40:47,094 - INFO - ACTION=AUTH_FAIL USER=ANONYMOUS
2026-04-17 07:40:47,337 - INFO - ACTION=AUTH_FAIL USER=ANONYMOUS
2026-04-17 07:40:47,578 - INFO - ACTION=AUTH_FAIL USER=ANONYMOUS
2026-04-17 07:40:47,823 - INFO - ACTION=AUTH_FAIL USER=ANONYMOUS
2026-04-17 07:40:48,066 - INFO - ACTION=AUTH_FAIL USER=ANONYMOUS
2026-04-17 07:40:48,309 - INFO - ACTION=AUTH_FAIL USER=ANONYMOUS
2026-04-17 07:40:48,555 - INFO - ACTION=AUTH_FAIL USER=ANONYMOUS
2026-04-17 07:40:48,802 - INFO - ACTION=AUTH_FAIL USER=ANONYMOUS
2026-04-17 07:40:49,060 - INFO - ACTION=AUTH_FAIL USER=ANONYMOUS
2026-04-17 07:40:49,308 - INFO - ACTION=AUTH_FAIL USER=ANONYMOUS
2026-04-17 07:40:49,557 - INFO - ACTION=AUTH_FAIL USER=ANONYMOUS
2026-04-17 07:40:49,807 - INFO - ACTION=AUTH_FAIL USER=ANONYMOUS
2026-04-17 07:40:50,059 - INFO - ACTION=AUTH_FAIL USER=ANONYMOUS
2026-04-17 07:40:50,309 - INFO - ACTION=AUTH_FAIL USER=ANONYMOUS
2026-04-17 07:40:50,559 - INFO - ACTION=AUTH_FAIL USER=ANONYMOUS
2026-04-17 07:40:50,831 - INFO - ACTION=AUTH_FAIL USER=ANONYMOUS
2026-04-17 07:40:51,079 - INFO - ACTION=AUTH_FAIL USER=ANONYMOUS
2026-04-17 07:40:51,331 - INFO - ACTION=AUTH_FAIL USER=ANONYMOUS
2026-04-17 07:40:51,584 - INFO - ACTION=AUTH_FAIL USER=ANONYMOUS
2026-04-17 07:40:51,835 - INFO - ACTION=AUTH_FAIL USER=ANONYMOUS
2026-04-17 07:40:52,083 - INFO - ACTION=AUTH_FAIL USER=ANONYMOUS
2026-04-17 07:40:52,333 - INFO - ACTION=AUTH_FAIL USER=ANONYMOUS
2026-04-17 07:40:52,583 - INFO - ACTION=AUTH_FAIL USER=ANONYMOUS
2026-04-17 07:40:52,835 - INFO - ACTION=AUTH_FAIL USER=ANONYMOUS
2026-04-17 07:40:53,080 - INFO - ACTION=AUTH_FAIL USER=ANONYMOUS
2026-04-17 07:40:53,326 - INFO - ACTION=AUTH_FAIL USER=ANONYMOUS
2026-04-17 07:40:53,575 - INFO - ACTION=AUTH_FAIL USER=ANONYMOUS
2026-04-17 07:40:53,816 - INFO - ACTION=AUTH_FAIL USER=ANONYMOUS
2026-04-17 07:40:54,058 - INFO - ACTION=AUTH_FAIL USER=ANONYMOUS
2026-04-17 07:40:54,301 - INFO - ACTION=AUTH_FAIL USER=ANONYMOUS
2026-04-17 07:40:54,543 - INFO - ACTION=AUTH_FAIL USER=ANONYMOUS
2026-04-17 07:40:54,785 - INFO - ACTION=AUTH_FAIL USER=ANONYMOUS
2026-04-17 07:40:55,028 - INFO - ACTION=AUTH_FAIL USER=ANONYMOUS
2026-04-17 07:40:55,272 - INFO - ACTION=AUTH_FAIL USER=ANONYMOUS
2026-04-17 07:40:55,519 - INFO - ACTION=AUTH_FAIL USER=ANONYMOUS
2026-04-17 07:40:55,764 - INFO - ACTION=AUTH_FAIL USER=ANONYMOUS
2026-04-17 07:40:56,009 - INFO - ACTION=AUTH_FAIL USER=ANONYMOUS
2026-04-17 07:40:56,253 - INFO - ACTION=AUTH_FAIL USER=ANONYMOUS
2026-04-17 07:40:56,497 - INFO - ACTION=AUTH_FAIL USER=ANONYMOUS
2026-04-17 07:40:56,739 - INFO - ACTION=AUTH_FAIL USER=ANONYMOUS
2026-04-17 07:40:56,985 - INFO - ACTION=AUTH_FAIL USER=ANONYMOUS
2026-04-17 07:40:57,230 - INFO - ACTION=AUTH_FAIL USER=ANONYMOUS
2026-04-17 07:40:57,480 - INFO - ACTION=AUTH_FAIL USER=ANONYMOUS
2026-04-17 07:40:57,722 - INFO - ACTION=AUTH_FAIL USER=ANONYMOUS
2026-04-17 07:40:57,965 - INFO - ACTION=AUTH_FAIL USER=ANONYMOUS
2026-04-17 07:40:58,208 - INFO - ACTION=AUTH_FAIL USER=ANONYMOUS
2026-04-17 07:40:58,449 - INFO - ACTION=AUTH_FAIL USER=ANONYMOUS
2026-04-17 07:40:58,700 - INFO - ACTION=ENROLL_SUCCESS USER=Nader
2026-04-17 07:40:58,963 - INFO - ACTION=AUTH_FAIL USER=ANONYMOUS
2026-04-17 07:40:59,206 - INFO - ACTION=AUTH_FAIL USER=ANONYMOUS
2026-04-17 07:40:59,449 - INFO - ACTION=AUTH_FAIL USER=ANONYMOUS
2026-04-17 07:40:59,703 - INFO - ACTION=AUTH_FAIL USER=ANONYMOUS
2026-04-17 07:40:59,952 - INFO - ACTION=AUTH_FAIL USER=ANONYMOUS
2026-04-17 07:41:00,201 - INFO - ACTION=AUTH_FAIL USER=ANONYMOUS
2026-04-17 07:41:00,452 - INFO - ACTION=AUTH_FAIL USER=ANONYMOUS
2026-04-17 07:41:00,703 - INFO - ACTION=AUTH_FAIL USER=ANONYMOUS
2026-04-17 07:41:00,975 - INFO - ACTION=AUTH_FAIL USER=ANONYMOUS
2026-04-17 07:41:01,222 - INFO - ACTION=AUTH_FAIL USER=ANONYMOUS
2026-04-17 07:41:01,472 - INFO - ACTION=AUTH_FAIL USER=ANONYMOUS
2026-04-17 07:41:01,726 - INFO - ACTION=AUTH_FAIL USER=ANONYMOUS
2026-04-17 07:41:01,973 - INFO - ACTION=AUTH_FAIL USER=ANONYMOUS
2026-04-17 07:41:02,219 - INFO - ACTION=AUTH_FAIL USER=ANONYMOUS
2026-04-17 07:41:02,462 - INFO - ACTION=AUTH_FAIL USER=ANONYMOUS
2026-04-17 07:41:02,708 - INFO - ACTION=AUTH_FAIL USER=ANONYMOUS
2026-04-17 07:41:02,948 - INFO - ACTION=AUTH_FAIL USER=ANONYMOUS
2026-04-17 07:41:03,192 - INFO - ACTION=AUTH_FAIL USER=ANONYMOUS
2026-04-17 07:41:03,435 - INFO - ACTION=AUTH_FAIL USER=ANONYMOUS
2026-04-17 07:41:03,681 - INFO - ACTION=AUTH_FAIL USER=ANONYMOUS
2026-04-17 07:41:03,921 - INFO - ACTION=AUTH_FAIL USER=ANONYMOUS
2026-04-17 07:41:04,165 - INFO - ACTION=AUTH_FAIL USER=ANONYMOUS
2026-04-17 07:41:04,414 - INFO - ACTION=AUTH_FAIL USER=ANONYMOUS
2026-04-17 07:41:04,665 - INFO - ACTION=AUTH_FAIL USER=ANONYMOUS
2026-04-17 07:41:04,911 - INFO - ACTION=AUTH_FAIL USER=ANONYMOUS
2026-04-17 07:41:05,161 - INFO - ACTION=AUTH_FAIL USER=ANONYMOUS
2026-04-17 07:41:05,405 - INFO - ACTION=AUTH_FAIL USER=ANONYMOUS
2026-04-17 07:41:05,648 - INFO - ACTION=AUTH_FAIL USER=ANONYMOUS
2026-04-17 07:41:05,891 - INFO - ACTION=AUTH_FAIL USER=ANONYMOUS
2026-04-17 07:41:06,132 - INFO - ACTION=AUTH_FAIL USER=ANONYMOUS
2026-04-17 07:41:06,375 - INFO - ACTION=AUTH_FAIL USER=ANONYMOUS
2026-04-17 07:41:06,623 - INFO - ACTION=AUTH_FAIL USER=ANONYMOUS
2026-04-17 07:41:06,870 - INFO - ACTION=AUTH_FAIL USER=ANONYMOUS
2026-04-17 07:41:07,114 - INFO - ACTION=AUTH_FAIL USER=ANONYMOUS
2026-04-17 07:41:07,361 - INFO - ACTION=AUTH_FAIL USER=ANONYMOUS
2026-04-17 07:41:07,609 - INFO - ACTION=AUTH_FAIL USER=ANONYMOUS
2026-04-17 07:41:07,854 - INFO - ACTION=AUTH_FAIL USER=ANONYMOUS
2026-04-17 07:41:08,100 - INFO - ACTION=AUTH_FAIL USER=ANONYMOUS
2026-04-17 07:41:08,344 - INFO - ACTION=AUTH_FAIL USER=ANONYMOUS
2026-04-17 07:41:08,586 - INFO - ACTION=AUTH_FAIL USER=ANONYMOUS
2026-04-17 07:41:08,861 - INFO - ACTION=AUTH_FAIL USER=ANONYMOUS
2026-04-17 07:41:09,104 - INFO - ACTION=AUTH_FAIL USER=ANONYMOUS
2026-04-17 07:41:09,348 - INFO - ACTION=AUTH_FAIL USER=ANONYMOUS
2026-04-17 07:41:09,594 - INFO - ACTION=AUTH_FAIL USER=ANONYMOUS
2026-04-17 07:41:09,836 - INFO - ACTION=AUTH_FAIL USER=ANONYMOUS
2026-04-17 07:41:10,078 - INFO - ACTION=AUTH_FAIL USER=ANONYMOUS
2026-04-17 07:41:10,321 - INFO - ACTION=AUTH_FAIL USER=ANONYMOUS
2026-04-17 07:41:10,333 - INFO - ACTION=DELETE_SUCCESS USER=Nader
2026-04-17 07:41:10,606 - INFO - ACTION=AUTH_FAIL USER=ANONYMOUS
2026-04-17 07:41:10,850 - INFO - ACTION=AUTH_FAIL USER=ANONYMOUS
2026-04-17 07:41:11,095 - INFO - ACTION=AUTH_FAIL USER=ANONYMOUS
2026-04-17 07:41:11,338 - INFO - ACTION=AUTH_FAIL USER=ANONYMOUS
2026-04-17 07:41:11,581 - INFO - ACTION=AUTH_FAIL USER=ANONYMOUS
2026-04-17 07:41:11,824 - INFO - ACTION=AUTH_FAIL USER=ANONYMOUS
2026-04-17 07:41:12,070 - INFO - ACTION=AUTH_FAIL USER=ANONYMOUS
2026-04-17 07:41:12,315 - INFO - ACTION=AUTH_FAIL USER=ANONYMOUS
2026-04-17 07:41:12,562 - INFO - ACTION=AUTH_FAIL USER=ANONYMOUS
2026-04-17 07:41:12,808 - INFO - ACTION=AUTH_FAIL USER=ANONYMOUS
2026-04-17 07:41:13,053 - INFO - ACTION=AUTH_FAIL USER=ANONYMOUS
2026-04-17 07:41:13,299 - INFO - ACTION=AUTH_FAIL USER=ANONYMOUS
2026-04-17 07:41:13,543 - INFO - ACTION=AUTH_FAIL USER=ANONYMOUS
2026-04-17 07:41:13,786 - INFO - ACTION=AUTH_FAIL USER=ANONYMOUS
2026-04-17 07:41:14,029 - INFO - ACTION=AUTH_FAIL USER=ANONYMOUS
2026-04-17 07:41:14,271 - INFO - ACTION=AUTH_FAIL USER=ANONYMOUS
2026-04-17 07:41:14,515 - INFO - ACTION=AUTH_FAIL USER=ANONYMOUS
2026-04-17 07:41:14,762 - INFO - ACTION=AUTH_FAIL USER=ANONYMOUS
2026-04-17 07:41:15,003 - INFO - ACTION=AUTH_FAIL USER=ANONYMOUS
2026-04-17 07:41:15,250 - INFO - ACTION=AUTH_FAIL USER=ANONYMOUS
2026-04-17 07:41:15,497 - INFO - ACTION=AUTH_FAIL USER=ANONYMOUS
2026-04-17 07:41:15,742 - INFO - ACTION=AUTH_FAIL USER=ANONYMOUS
2026-04-17 07:41:15,995 - INFO - ACTION=AUTH_FAIL USER=ANONYMOUS
2026-04-17 07:41:16,240 - INFO - ACTION=AUTH_FAIL USER=ANONYMOUS
2026-04-17 07:41:16,484 - INFO - ACTION=AUTH_FAIL USER=ANONYMOUS
2026-04-17 07:41:16,731 - INFO - ACTION=AUTH_FAIL USER=ANONYMOUS
2026-04-17 07:41:16,974 - INFO - ACTION=AUTH_FAIL USER=ANONYMOUS
2026-04-17 07:41:17,218 - INFO - ACTION=AUTH_FAIL USER=ANONYMOUS
2026-04-17 07:41:17,464 - INFO - ACTION=AUTH_FAIL USER=ANONYMOUS
2026-04-17 07:41:17,709 - INFO - ACTION=AUTH_FAIL USER=ANONYMOUS
2026-04-17 07:41:17,966 - INFO - ACTION=ENROLL_SUCCESS USER=Nader
2026-04-17 07:41:18,236 - INFO - ACTION=AUTH_FAIL USER=ANONYMOUS
2026-04-17 07:41:18,480 - INFO - ACTION=AUTH_FAIL USER=ANONYMOUS
2026-04-17 07:41:18,726 - INFO - ACTION=AUTH_FAIL USER=ANONYMOUS
2026-04-17 07:41:18,972 - INFO - ACTION=AUTH_FAIL USER=ANONYMOUS
2026-04-17 07:41:19,215 - INFO - ACTION=AUTH_FAIL USER=ANONYMOUS
2026-04-17 07:41:19,460 - INFO - ACTION=AUTH_FAIL USER=ANONYMOUS
2026-04-17 07:41:19,706 - INFO - ACTION=AUTH_FAIL USER=ANONYMOUS
2026-04-17 07:41:19,949 - INFO - ACTION=AUTH_FAIL USER=ANONYMOUS
2026-04-17 07:41:20,193 - INFO - ACTION=AUTH_FAIL USER=ANONYMOUS
2026-04-17 07:41:20,439 - INFO - ACTION=AUTH_FAIL USER=ANONYMOUS
2026-04-17 07:41:20,678 - INFO - ACTION=AUTH_FAIL USER=ANONYMOUS
2026-04-17 07:41:20,919 - INFO - ACTION=AUTH_FAIL USER=ANONYMOUS
2026-04-17 07:41:21,160 - INFO - ACTION=AUTH_FAIL USER=ANONYMOUS
2026-04-17 07:41:21,402 - INFO - ACTION=AUTH_FAIL USER=ANONYMOUS
2026-04-17 07:41:21,648 - INFO - ACTION=AUTH_FAIL USER=ANONYMOUS
2026-04-17 07:41:21,894 - INFO - ACTION=AUTH_FAIL USER=ANONYMOUS
2026-04-17 07:41:22,135 - INFO - ACTION=AUTH_FAIL USER=ANONYMOUS
2026-04-17 07:41:22,375 - INFO - ACTION=AUTH_FAIL USER=ANONYMOUS
2026-04-17 07:41:22,618 - INFO - ACTION=AUTH_FAIL USER=ANONYMOUS
2026-04-17 07:41:22,866 - INFO - ACTION=AUTH_FAIL USER=ANONYMOUS
2026-04-17 07:41:23,111 - INFO - ACTION=AUTH_FAIL USER=ANONYMOUS
2026-04-17 07:41:23,355 - INFO - ACTION=AUTH_FAIL USER=ANONYMOUS
2026-04-17 07:41:23,597 - INFO - ACTION=AUTH_FAIL USER=ANONYMOUS
2026-04-17 07:41:23,840 - INFO - ACTION=AUTH_FAIL USER=ANONYMOUS
2026-04-17 07:41:24,084 - INFO - ACTION=AUTH_FAIL USER=ANONYMOUS
2026-04-17 07:41:24,329 - INFO - ACTION=AUTH_FAIL USER=ANONYMOUS
2026-04-17 07:41:24,573 - INFO - ACTION=AUTH_FAIL USER=ANONYMOUS
2026-04-17 07:41:24,820 - INFO - ACTION=AUTH_FAIL USER=ANONYMOUS
2026-04-17 07:41:25,061 - INFO - ACTION=AUTH_FAIL USER=ANONYMOUS
2026-04-17 07:41:25,306 - INFO - ACTION=AUTH_FAIL USER=ANONYMOUS
2026-04-17 07:41:25,552 - INFO - ACTION=AUTH_FAIL USER=ANONYMOUS
2026-04-17 07:41:25,797 - INFO - ACTION=AUTH_FAIL USER=ANONYMOUS
2026-04-17 07:41:26,040 - INFO - ACTION=AUTH_FAIL USER=ANONYMOUS
2026-04-17 07:41:26,284 - INFO - ACTION=AUTH_FAIL USER=ANONYMOUS
2026-04-17 07:41:26,526 - INFO - ACTION=AUTH_FAIL USER=ANONYMOUS
2026-04-17 07:41:26,767 - INFO - ACTION=AUTH_FAIL USER=ANONYMOUS
2026-04-17 07:41:27,017 - INFO - ACTION=ENROLL_SUCCESS USER=Nader
2026-04-17 07:41:27,277 - INFO - ACTION=AUTH_FAIL USER=ANONYMOUS
2026-04-17 07:41:27,524 - INFO - ACTION=AUTH_FAIL USER=ANONYMOUS
2026-04-17 07:41:27,768 - INFO - ACTION=AUTH_FAIL USER=ANONYMOUS
2026-04-17 07:41:28,015 - INFO - ACTION=AUTH_FAIL USER=ANONYMOUS
2026-04-17 07:41:28,260 - INFO - ACTION=AUTH_FAIL USER=ANONYMOUS
2026-04-17 07:41:28,503 - INFO - ACTION=AUTH_FAIL USER=ANONYMOUS
2026-04-17 07:41:28,744 - INFO - ACTION=AUTH_FAIL USER=ANONYMOUS
2026-04-17 07:41:28,988 - INFO - ACTION=AUTH_FAIL USER=ANONYMOUS
2026-04-17 07:41:29,236 - INFO - ACTION=AUTH_FAIL USER=ANONYMOUS
2026-04-17 07:41:29,476 - INFO - ACTION=AUTH_FAIL USER=ANONYMOUS
2026-04-17 07:41:29,718 - INFO - ACTION=AUTH_FAIL USER=ANONYMOUS
2026-04-17 07:41:29,958 - INFO - ACTION=AUTH_FAIL USER=ANONYMOUS
2026-04-17 07:41:30,201 - INFO - ACTION=AUTH_FAIL USER=ANONYMOUS
2026-04-17 07:41:30,443 - INFO - ACTION=AUTH_FAIL USER=ANONYMOUS
2026-04-17 07:41:30,685 - INFO - ACTION=AUTH_FAIL USER=ANONYMOUS
2026-04-17 07:41:30,937 - INFO - ACTION=AUTH_FAIL USER=ANONYMOUS
2026-04-17 07:41:31,177 - INFO - ACTION=AUTH_FAIL USER=ANONYMOUS
2026-04-17 07:41:31,419 - INFO - ACTION=AUTH_FAIL USER=ANONYMOUS
2026-04-17 07:41:31,665 - INFO - ACTION=AUTH_FAIL USER=ANONYMOUS
2026-04-17 07:57:35,567 - INFO - ACTION=AUTH_FAIL USER=ANONYMOUS
2026-04-17 07:57:35,849 - INFO - ACTION=AUTH_FAIL USER=ANONYMOUS
2026-04-17 07:57:36,094 - INFO - ACTION=AUTH_FAIL USER=ANONYMOUS
2026-04-17 07:57:36,342 - INFO - ACTION=AUTH_FAIL USER=ANONYMOUS
2026-04-17 07:57:36,602 - INFO - ACTION=AUTH_FAIL USER=ANONYMOUS
2026-04-17 07:57:36,847 - INFO - ACTION=AUTH_FAIL USER=ANONYMOUS
2026-04-17 07:57:37,090 - INFO - ACTION=AUTH_FAIL USER=ANONYMOUS
2026-04-17 07:57:37,339 - INFO - ACTION=AUTH_FAIL USER=ANONYMOUS
2026-04-17 07:57:37,602 - INFO - ACTION=AUTH_FAIL USER=ANONYMOUS
2026-04-17 07:57:37,855 - INFO - ACTION=AUTH_FAIL USER=ANONYMOUS
2026-04-17 07:57:38,107 - INFO - ACTION=AUTH_FAIL USER=ANONYMOUS
2026-04-17 07:57:38,361 - INFO - ACTION=AUTH_FAIL USER=ANONYMOUS
2026-04-17 07:57:38,609 - INFO - ACTION=AUTH_FAIL USER=ANONYMOUS
2026-04-17 07:57:38,859 - INFO - ACTION=AUTH_FAIL USER=ANONYMOUS
2026-04-17 07:57:39,119 - INFO - ACTION=AUTH_FAIL USER=ANONYMOUS
2026-04-17 07:57:39,473 - INFO - ACTION=AUTH_FAIL USER=ANONYMOUS
2026-04-17 07:57:39,722 - INFO - ACTION=AUTH_FAIL USER=ANONYMOUS
2026-04-17 07:57:39,976 - INFO - ACTION=AUTH_FAIL USER=ANONYMOUS
2026-04-17 07:57:40,224 - INFO - ACTION=AUTH_FAIL USER=ANONYMOUS
2026-04-17 07:57:40,484 - INFO - ACTION=AUTH_FAIL USER=ANONYMOUS
2026-04-17 07:57:40,734 - INFO - ACTION=AUTH_FAIL USER=ANONYMOUS
2026-04-17 07:57:40,984 - INFO - ACTION=AUTH_FAIL USER=ANONYMOUS
2026-04-17 07:57:41,230 - INFO - ACTION=AUTH_FAIL USER=ANONYMOUS
2026-04-17 07:57:41,476 - INFO - ACTION=AUTH_FAIL USER=ANONYMOUS
2026-04-17 07:57:41,718 - INFO - ACTION=AUTH_FAIL USER=ANONYMOUS
2026-04-17 07:57:41,964 - INFO - ACTION=AUTH_FAIL USER=ANONYMOUS
2026-04-17 07:57:42,214 - INFO - ACTION=AUTH_FAIL USER=ANONYMOUS
2026-04-17 07:57:42,468 - INFO - ACTION=AUTH_FAIL USER=ANONYMOUS
2026-04-17 07:57:42,719 - INFO - ACTION=AUTH_FAIL USER=ANONYMOUS
2026-04-17 07:57:42,967 - INFO - ACTION=AUTH_FAIL USER=ANONYMOUS
2026-04-17 07:57:43,216 - INFO - ACTION=AUTH_FAIL USER=ANONYMOUS
2026-04-17 07:57:43,465 - INFO - ACTION=AUTH_FAIL USER=ANONYMOUS
2026-04-17 07:57:43,709 - INFO - ACTION=AUTH_FAIL USER=ANONYMOUS
2026-04-17 07:57:43,957 - INFO - ACTION=AUTH_FAIL USER=ANONYMOUS
2026-04-17 07:57:44,203 - INFO - ACTION=AUTH_FAIL USER=ANONYMOUS
2026-04-17 07:57:44,446 - INFO - ACTION=AUTH_FAIL USER=ANONYMOUS
2026-04-17 07:57:44,688 - INFO - ACTION=AUTH_FAIL USER=ANONYMOUS
2026-04-17 07:57:44,932 - INFO - ACTION=AUTH_FAIL USER=ANONYMOUS
2026-04-17 07:57:45,179 - INFO - ACTION=AUTH_FAIL USER=ANONYMOUS
2026-04-17 07:57:45,430 - INFO - ACTION=AUTH_FAIL USER=ANONYMOUS
2026-04-17 07:57:45,674 - INFO - ACTION=AUTH_FAIL USER=ANONYMOUS
2026-04-17 07:57:45,918 - INFO - ACTION=AUTH_FAIL USER=ANONYMOUS
2026-04-17 07:57:46,163 - INFO - ACTION=AUTH_FAIL USER=ANONYMOUS
2026-04-17 07:57:46,409 - INFO - ACTION=AUTH_FAIL USER=ANONYMOUS
2026-04-17 07:57:46,658 - INFO - ACTION=AUTH_FAIL USER=ANONYMOUS
2026-04-17 07:57:46,909 - INFO - ACTION=AUTH_FAIL USER=ANONYMOUS
2026-04-17 07:57:47,158 - INFO - ACTION=AUTH_FAIL USER=ANONYMOUS
2026-04-17 07:57:47,401 - INFO - ACTION=AUTH_FAIL USER=ANONYMOUS
2026-04-17 07:57:47,652 - INFO - ACTION=AUTH_FAIL USER=ANONYMOUS
2026-04-17 07:57:47,903 - INFO - ACTION=AUTH_FAIL USER=ANONYMOUS
2026-04-17 07:57:48,168 - INFO - ACTION=AUTH_FAIL USER=ANONYMOUS
2026-04-17 07:57:48,416 - INFO - ACTION=AUTH_FAIL USER=ANONYMOUS
2026-04-17 07:57:48,666 - INFO - ACTION=AUTH_FAIL USER=ANONYMOUS
2026-04-17 07:57:48,910 - INFO - ACTION=AUTH_FAIL USER=ANONYMOUS
2026-04-17 07:57:49,161 - INFO - ACTION=AUTH_FAIL USER=ANONYMOUS
2026-04-17 07:57:49,410 - INFO - ACTION=AUTH_FAIL USER=ANONYMOUS
2026-04-17 07:57:49,659 - INFO - ACTION=AUTH_FAIL USER=ANONYMOUS
2026-04-17 07:57:49,910 - INFO - ACTION=AUTH_FAIL USER=ANONYMOUS
2026-04-17 07:57:50,161 - INFO - ACTION=AUTH_FAIL USER=ANONYMOUS
2026-04-17 07:57:50,413 - INFO - ACTION=AUTH_FAIL USER=ANONYMOUS
2026-04-17 07:57:50,662 - INFO - ACTION=AUTH_FAIL USER=ANONYMOUS
2026-04-17 07:57:50,908 - INFO - ACTION=AUTH_FAIL USER=ANONYMOUS
2026-04-17 07:57:51,152 - INFO - ACTION=AUTH_FAIL USER=ANONYMOUS
2026-04-17 07:57:51,400 - INFO - ACTION=AUTH_FAIL USER=ANONYMOUS
2026-04-17 07:57:51,653 - INFO - ACTION=AUTH_FAIL USER=ANONYMOUS
2026-04-17 07:57:51,902 - INFO - ACTION=AUTH_FAIL USER=ANONYMOUS
2026-04-17 07:57:52,166 - INFO - ACTION=ENROLL_SUCCESS USER=Nader
2026-04-17 07:57:52,438 - INFO - ACTION=AUTH_SUCCESS USER=Nader
2026-04-17 07:57:52,686 - INFO - ACTION=AUTH_SUCCESS USER=Nader
2026-04-17 07:57:52,933 - INFO - ACTION=AUTH_SUCCESS USER=Nader
2026-04-17 07:57:53,188 - INFO - ACTION=AUTH_SUCCESS USER=Nader
2026-04-17 07:57:53,454 - INFO - ACTION=AUTH_SUCCESS USER=Nader
2026-04-17 07:57:53,699 - INFO - ACTION=AUTH_SUCCESS USER=Nader
2026-04-17 07:57:53,944 - INFO - ACTION=AUTH_SUCCESS USER=Nader
2026-04-17 07:57:54,208 - INFO - ACTION=AUTH_SUCCESS USER=Nader
2026-04-17 07:57:54,453 - INFO - ACTION=AUTH_SUCCESS USER=Nader
2026-04-17 07:57:54,697 - INFO - ACTION=AUTH_SUCCESS USER=Nader
2026-04-17 07:57:54,942 - INFO - ACTION=AUTH_SUCCESS USER=Nader
2026-04-17 07:57:55,199 - INFO - ACTION=AUTH_SUCCESS USER=Nader
2026-04-17 07:57:55,444 - INFO - ACTION=AUTH_SUCCESS USER=Nader
2026-04-17 07:57:55,689 - INFO - ACTION=AUTH_SUCCESS USER=Nader
2026-04-17 07:57:55,930 - INFO - ACTION=AUTH_SUCCESS USER=Nader
2026-04-17 07:57:56,178 - INFO - ACTION=AUTH_SUCCESS USER=Nader
2026-04-17 07:57:56,422 - INFO - ACTION=AUTH_SUCCESS USER=Nader
2026-04-17 07:57:56,667 - INFO - ACTION=AUTH_SUCCESS USER=Nader
2026-04-17 07:57:56,912 - INFO - ACTION=AUTH_SUCCESS USER=Nader
2026-04-17 07:57:57,160 - INFO - ACTION=AUTH_SUCCESS USER=Nader
2026-04-17 07:57:57,403 - INFO - ACTION=AUTH_SUCCESS USER=Nader
2026-04-17 07:57:57,649 - INFO - ACTION=AUTH_SUCCESS USER=Nader
2026-04-17 07:57:57,916 - INFO - ACTION=AUTH_SUCCESS USER=Nader
2026-04-17 07:57:58,174 - INFO - ACTION=AUTH_SUCCESS USER=Nader
2026-04-17 07:57:58,426 - INFO - ACTION=AUTH_SUCCESS USER=Nader
2026-04-17 07:57:58,670 - INFO - ACTION=AUTH_SUCCESS USER=Nader
2026-04-17 07:57:58,914 - INFO - ACTION=AUTH_SUCCESS USER=Nader
2026-04-17 07:57:59,163 - INFO - ACTION=AUTH_SUCCESS USER=Nader
2026-04-17 07:57:59,411 - INFO - ACTION=AUTH_SUCCESS USER=Nader
2026-04-17 07:57:59,657 - INFO - ACTION=AUTH_SUCCESS USER=Nader
2026-04-17 07:57:59,912 - INFO - ACTION=AUTH_SUCCESS USER=Nader
2026-04-17 07:58:00,162 - INFO - ACTION=AUTH_SUCCESS USER=Nader
2026-04-17 07:58:00,406 - INFO - ACTION=AUTH_SUCCESS USER=Nader
2026-04-17 07:58:00,668 - INFO - ACTION=AUTH_SUCCESS USER=Nader
2026-04-17 07:58:00,916 - INFO - ACTION=AUTH_SUCCESS USER=Nader
2026-04-17 07:58:01,171 - INFO - ACTION=AUTH_SUCCESS USER=Nader
2026-04-17 07:58:01,415 - INFO - ACTION=AUTH_SUCCESS USER=Nader
2026-04-17 07:58:01,661 - INFO - ACTION=AUTH_SUCCESS USER=Nader
2026-04-17 07:58:01,904 - INFO - ACTION=AUTH_SUCCESS USER=Nader
2026-04-17 07:58:02,165 - INFO - ACTION=AUTH_SUCCESS USER=Nader
2026-04-17 07:58:02,407 - INFO - ACTION=AUTH_SUCCESS USER=Nader
2026-04-17 07:58:02,653 - INFO - ACTION=AUTH_SUCCESS USER=Nader
2026-04-17 07:58:02,897 - INFO - ACTION=AUTH_SUCCESS USER=Nader
2026-04-17 07:58:03,144 - INFO - ACTION=AUTH_SUCCESS USER=Nader
2026-04-17 07:58:03,392 - INFO - ACTION=AUTH_SUCCESS USER=Nader
2026-04-17 07:58:03,640 - INFO - ACTION=AUTH_SUCCESS USER=Nader
2026-04-17 07:58:03,887 - INFO - ACTION=AUTH_SUCCESS USER=Nader
2026-04-17 07:58:04,141 - INFO - ACTION=AUTH_SUCCESS USER=Nader
2026-04-17 07:58:04,391 - INFO - ACTION=AUTH_SUCCESS USER=Nader
2026-04-17 07:58:04,638 - INFO - ACTION=AUTH_SUCCESS USER=Nader
2026-04-17 07:58:04,883 - INFO - ACTION=AUTH_SUCCESS USER=Nader
2026-04-17 07:58:05,139 - INFO - ACTION=AUTH_SUCCESS USER=Nader
2026-04-17 07:58:05,383 - INFO - ACTION=AUTH_SUCCESS USER=Nader
2026-04-17 07:58:05,629 - INFO - ACTION=AUTH_SUCCESS USER=Nader
2026-04-17 07:58:05,873 - INFO - ACTION=AUTH_SUCCESS USER=Nader
2026-04-17 07:58:06,123 - INFO - ACTION=AUTH_SUCCESS USER=Nader
2026-04-17 07:58:06,367 - INFO - ACTION=AUTH_SUCCESS USER=Nader
2026-04-17 07:58:06,614 - INFO - ACTION=AUTH_SUCCESS USER=Nader
2026-04-17 07:58:06,869 - INFO - ACTION=AUTH_SUCCESS USER=Nader
2026-04-17 07:58:07,123 - INFO - ACTION=AUTH_SUCCESS USER=Nader
2026-04-17 07:58:07,372 - INFO - ACTION=AUTH_SUCCESS USER=Nader
2026-04-17 07:58:07,617 - INFO - ACTION=AUTH_SUCCESS USER=Nader
2026-04-17 07:58:07,862 - INFO - ACTION=AUTH_SUCCESS USER=Nader
2026-04-17 07:58:08,114 - INFO - ACTION=AUTH_SUCCESS USER=Nader
2026-04-17 07:58:08,358 - INFO - ACTION=AUTH_SUCCESS USER=Nader
2026-04-17 07:58:08,606 - INFO - ACTION=AUTH_SUCCESS USER=Nader
2026-04-17 07:58:08,851 - INFO - ACTION=AUTH_SUCCESS USER=Nader
2026-04-17 07:58:09,099 - INFO - ACTION=AUTH_SUCCESS USER=Nader
2026-04-17 07:58:09,343 - INFO - ACTION=AUTH_SUCCESS USER=Nader
2026-04-17 07:58:09,593 - INFO - ACTION=AUTH_SUCCESS USER=Nader
2026-04-17 07:58:09,836 - INFO - ACTION=AUTH_SUCCESS USER=Nader
2026-04-17 07:58:10,087 - INFO - ACTION=AUTH_SUCCESS USER=Nader
2026-04-17 07:58:10,331 - INFO - ACTION=AUTH_SUCCESS USER=Nader
2026-04-17 07:58:10,578 - INFO - ACTION=AUTH_SUCCESS USER=Nader
2026-04-17 07:58:10,822 - INFO - ACTION=AUTH_SUCCESS USER=Nader
2026-04-17 07:58:11,081 - INFO - ACTION=AUTH_SUCCESS USER=Nader
2026-04-17 07:58:11,330 - INFO - ACTION=AUTH_SUCCESS USER=Nader
2026-04-17 07:58:11,574 - INFO - ACTION=AUTH_SUCCESS USER=Nader
2026-04-17 07:58:11,818 - INFO - ACTION=AUTH_SUCCESS USER=Nader
2026-04-17 07:58:12,074 - INFO - ACTION=AUTH_SUCCESS USER=Nader
2026-04-17 07:58:12,318 - INFO - ACTION=AUTH_SUCCESS USER=Nader
2026-04-17 07:58:12,558 - INFO - ACTION=AUTH_SUCCESS USER=Nader
2026-04-17 07:58:12,804 - INFO - ACTION=AUTH_SUCCESS USER=Nader
2026-04-17 07:58:13,063 - INFO - ACTION=AUTH_SUCCESS USER=Nader
2026-04-17 07:58:13,305 - INFO - ACTION=AUTH_SUCCESS USER=Nader
2026-04-17 07:58:13,551 - INFO - ACTION=AUTH_SUCCESS USER=Nader
2026-04-17 07:58:13,796 - INFO - ACTION=AUTH_SUCCESS USER=Nader
2026-04-17 07:58:14,052 - INFO - ACTION=AUTH_SUCCESS USER=Nader
2026-04-17 07:58:14,299 - INFO - ACTION=AUTH_SUCCESS USER=Nader
2026-04-17 07:58:14,543 - INFO - ACTION=AUTH_SUCCESS USER=Nader
2026-04-17 07:58:14,793 - INFO - ACTION=AUTH_SUCCESS USER=Nader
2026-04-17 07:58:15,054 - INFO - ACTION=AUTH_SUCCESS USER=Nader
2026-04-17 07:58:15,300 - INFO - ACTION=AUTH_SUCCESS USER=Nader
2026-04-17 07:58:15,547 - INFO - ACTION=AUTH_SUCCESS USER=Nader
2026-04-17 07:58:15,803 - INFO - ACTION=AUTH_SUCCESS USER=Nader
2026-04-17 07:58:16,058 - INFO - ACTION=AUTH_SUCCESS USER=Nader
2026-04-17 07:58:16,310 - INFO - ACTION=AUTH_SUCCESS USER=Nader
2026-04-17 07:58:16,555 - INFO - ACTION=AUTH_SUCCESS USER=Nader
2026-04-17 07:58:16,802 - INFO - ACTION=AUTH_SUCCESS USER=Nader
2026-04-17 07:58:17,058 - INFO - ACTION=AUTH_SUCCESS USER=Nader
2026-04-17 07:58:17,313 - INFO - ACTION=AUTH_SUCCESS USER=Nader
2026-04-17 07:58:17,562 - INFO - ACTION=AUTH_SUCCESS USER=Nader
2026-04-17 07:58:17,810 - INFO - ACTION=AUTH_SUCCESS USER=Nader
2026-04-17 07:58:18,069 - INFO - ACTION=AUTH_SUCCESS USER=Nader
2026-04-17 07:58:18,323 - INFO - ACTION=AUTH_SUCCESS USER=Nader
2026-04-17 07:58:18,571 - INFO - ACTION=AUTH_SUCCESS USER=Nader
2026-04-17 07:58:43,442 - INFO - ACTION=AUTH_SUCCESS USER=Nader
2026-04-17 07:58:43,786 - INFO - ACTION=AUTH_SUCCESS USER=Nader
2026-04-17 07:58:44,061 - INFO - ACTION=AUTH_SUCCESS USER=Nader
2026-04-17 07:58:44,317 - INFO - ACTION=AUTH_SUCCESS USER=Nader
2026-04-17 07:58:44,561 - INFO - ACTION=AUTH_SUCCESS USER=Nader
2026-04-17 07:58:44,804 - INFO - ACTION=AUTH_SUCCESS USER=Nader
2026-04-17 07:58:45,061 - INFO - ACTION=AUTH_SUCCESS USER=Nader
2026-04-17 07:58:45,308 - INFO - ACTION=AUTH_SUCCESS USER=Nader
2026-04-17 07:58:45,555 - INFO - ACTION=AUTH_SUCCESS USER=Nader
2026-04-17 07:58:45,835 - INFO - ACTION=AUTH_SUCCESS USER=Nader
2026-04-17 07:58:46,123 - INFO - ACTION=AUTH_SUCCESS USER=Nader
2026-04-17 07:58:46,379 - INFO - ACTION=AUTH_SUCCESS USER=Nader
2026-04-17 07:58:46,629 - INFO - ACTION=AUTH_SUCCESS USER=Nader
2026-04-17 07:58:46,870 - INFO - ACTION=AUTH_SUCCESS USER=Nader
2026-04-17 07:58:47,133 - INFO - ACTION=AUTH_SUCCESS USER=Nader
2026-04-17 07:58:47,483 - INFO - ACTION=AUTH_SUCCESS USER=Nader
2026-04-17 07:58:47,727 - INFO - ACTION=AUTH_SUCCESS USER=Nader
2026-04-17 07:58:47,974 - INFO - ACTION=AUTH_SUCCESS USER=Nader
2026-04-17 07:58:48,234 - INFO - ACTION=AUTH_SUCCESS USER=Nader
2026-04-17 07:58:48,477 - INFO - ACTION=AUTH_SUCCESS USER=Nader
2026-04-17 07:58:48,740 - INFO - ACTION=AUTH_SUCCESS USER=Nader
2026-04-17 07:58:48,984 - INFO - ACTION=AUTH_SUCCESS USER=Nader
2026-04-17 07:58:49,239 - INFO - ACTION=AUTH_SUCCESS USER=Nader
2026-04-17 07:58:49,485 - INFO - ACTION=AUTH_SUCCESS USER=Nader
2026-04-17 07:58:49,731 - INFO - ACTION=AUTH_SUCCESS USER=Nader
2026-04-17 07:58:49,986 - INFO - ACTION=AUTH_SUCCESS USER=Nader
2026-04-17 07:58:50,231 - INFO - ACTION=AUTH_SUCCESS USER=Nader
2026-04-17 07:58:50,489 - INFO - ACTION=AUTH_SUCCESS USER=Nader
2026-04-17 07:58:50,736 - INFO - ACTION=AUTH_SUCCESS USER=Nader
2026-04-17 07:58:50,981 - INFO - ACTION=AUTH_SUCCESS USER=Nader
2026-04-17 07:58:51,230 - INFO - ACTION=AUTH_SUCCESS USER=Nader
2026-04-17 07:58:51,473 - INFO - ACTION=AUTH_SUCCESS USER=Nader
2026-04-17 07:58:51,717 - INFO - ACTION=AUTH_SUCCESS USER=Nader
2026-04-17 07:58:51,965 - INFO - ACTION=AUTH_SUCCESS USER=Nader
2026-04-17 07:58:52,231 - INFO - ACTION=AUTH_SUCCESS USER=Nader
2026-04-17 07:58:52,487 - INFO - ACTION=AUTH_SUCCESS USER=Nader
2026-04-17 07:58:52,733 - INFO - ACTION=AUTH_SUCCESS USER=Nader
2026-04-17 08:02:51,706 - INFO - ACTION=AUTH_FAIL USER=ANONYMOUS
2026-04-17 08:02:52,026 - INFO - ACTION=AUTH_FAIL USER=ANONYMOUS
2026-04-17 08:02:52,277 - INFO - ACTION=AUTH_FAIL USER=ANONYMOUS
2026-04-17 08:02:52,532 - INFO - ACTION=AUTH_FAIL USER=ANONYMOUS
2026-04-17 08:02:52,788 - INFO - ACTION=AUTH_FAIL USER=ANONYMOUS
2026-04-17 08:02:53,047 - INFO - ACTION=AUTH_FAIL USER=ANONYMOUS
2026-04-17 08:02:53,295 - INFO - ACTION=AUTH_FAIL USER=ANONYMOUS
2026-04-17 08:02:53,580 - INFO - ACTION=AUTH_FAIL USER=ANONYMOUS
2026-04-17 08:02:53,834 - INFO - ACTION=AUTH_FAIL USER=ANONYMOUS
2026-04-17 08:02:54,086 - INFO - ACTION=AUTH_FAIL USER=ANONYMOUS
2026-04-17 08:02:54,336 - INFO - ACTION=AUTH_FAIL USER=ANONYMOUS
2026-04-17 08:02:54,592 - INFO - ACTION=AUTH_FAIL USER=ANONYMOUS
2026-04-17 08:02:54,881 - INFO - ACTION=AUTH_FAIL USER=ANONYMOUS
2026-04-17 08:02:55,125 - INFO - ACTION=AUTH_FAIL USER=ANONYMOUS
2026-04-17 08:02:55,374 - INFO - ACTION=AUTH_FAIL USER=ANONYMOUS
2026-04-17 08:02:55,617 - INFO - ACTION=AUTH_FAIL USER=ANONYMOUS
2026-04-17 08:02:55,869 - INFO - ACTION=AUTH_FAIL USER=ANONYMOUS
2026-04-17 08:02:56,117 - INFO - ACTION=AUTH_FAIL USER=ANONYMOUS
2026-04-17 08:02:56,363 - INFO - ACTION=AUTH_FAIL USER=ANONYMOUS
2026-04-17 08:02:56,605 - INFO - ACTION=AUTH_FAIL USER=ANONYMOUS
2026-04-17 08:02:56,848 - INFO - ACTION=AUTH_FAIL USER=ANONYMOUS
2026-04-17 08:02:57,092 - INFO - ACTION=AUTH_FAIL USER=ANONYMOUS
2026-04-17 08:02:57,333 - INFO - ACTION=AUTH_FAIL USER=ANONYMOUS
2026-04-17 08:02:57,584 - INFO - ACTION=AUTH_FAIL USER=ANONYMOUS
2026-04-17 08:02:57,834 - INFO - ACTION=AUTH_FAIL USER=ANONYMOUS
2026-04-17 08:02:58,085 - INFO - ACTION=AUTH_FAIL USER=ANONYMOUS
2026-04-17 08:02:58,326 - INFO - ACTION=AUTH_FAIL USER=ANONYMOUS
2026-04-17 08:02:58,568 - INFO - ACTION=AUTH_FAIL USER=ANONYMOUS
2026-04-17 08:02:58,811 - INFO - ACTION=AUTH_FAIL USER=ANONYMOUS
2026-04-17 08:02:59,052 - INFO - ACTION=AUTH_FAIL USER=ANONYMOUS
2026-04-17 08:02:59,295 - INFO - ACTION=AUTH_FAIL USER=ANONYMOUS
2026-04-17 08:02:59,539 - INFO - ACTION=AUTH_FAIL USER=ANONYMOUS
2026-04-17 08:02:59,782 - INFO - ACTION=AUTH_FAIL USER=ANONYMOUS
2026-04-17 08:03:00,025 - INFO - ACTION=AUTH_FAIL USER=ANONYMOUS
2026-04-17 08:03:00,268 - INFO - ACTION=AUTH_FAIL USER=ANONYMOUS
2026-04-17 08:03:00,516 - INFO - ACTION=AUTH_FAIL USER=ANONYMOUS
2026-04-17 08:03:00,784 - INFO - ACTION=AUTH_FAIL USER=ANONYMOUS
2026-04-17 08:03:01,036 - INFO - ACTION=AUTH_FAIL USER=ANONYMOUS
2026-04-17 08:03:01,279 - INFO - ACTION=AUTH_FAIL USER=ANONYMOUS
2026-04-17 08:03:01,520 - INFO - ACTION=AUTH_FAIL USER=ANONYMOUS
2026-04-17 08:03:01,762 - INFO - ACTION=AUTH_FAIL USER=ANONYMOUS
2026-04-17 08:03:02,004 - INFO - ACTION=AUTH_FAIL USER=ANONYMOUS
2026-04-17 08:03:02,247 - INFO - ACTION=AUTH_FAIL USER=ANONYMOUS
2026-04-17 08:03:02,485 - INFO - ACTION=AUTH_FAIL USER=ANONYMOUS
2026-04-17 08:03:02,727 - INFO - ACTION=AUTH_FAIL USER=ANONYMOUS
2026-04-17 08:03:02,968 - INFO - ACTION=AUTH_FAIL USER=ANONYMOUS
2026-04-17 08:03:03,210 - INFO - ACTION=AUTH_FAIL USER=ANONYMOUS
2026-04-17 08:03:03,452 - INFO - ACTION=AUTH_FAIL USER=ANONYMOUS
2026-04-17 08:03:03,695 - INFO - ACTION=AUTH_FAIL USER=ANONYMOUS
2026-04-17 08:03:03,936 - INFO - ACTION=AUTH_FAIL USER=ANONYMOUS
2026-04-17 08:03:04,177 - INFO - ACTION=AUTH_FAIL USER=ANONYMOUS
2026-04-17 08:03:04,418 - INFO - ACTION=AUTH_FAIL USER=ANONYMOUS
2026-04-17 08:03:04,679 - INFO - ACTION=AUTH_FAIL USER=ANONYMOUS
2026-04-17 08:03:04,922 - INFO - ACTION=AUTH_FAIL USER=ANONYMOUS
2026-04-17 08:03:05,169 - INFO - ACTION=AUTH_FAIL USER=ANONYMOUS
2026-04-17 08:03:05,409 - INFO - ACTION=AUTH_FAIL USER=ANONYMOUS
2026-04-17 08:03:05,653 - INFO - ACTION=AUTH_FAIL USER=ANONYMOUS
2026-04-17 08:03:05,893 - INFO - ACTION=AUTH_FAIL USER=ANONYMOUS
2026-04-17 08:03:06,138 - INFO - ACTION=AUTH_FAIL USER=ANONYMOUS
2026-04-17 08:03:06,380 - INFO - ACTION=AUTH_FAIL USER=ANONYMOUS
2026-04-17 08:03:06,624 - INFO - ACTION=AUTH_FAIL USER=ANONYMOUS
2026-04-17 08:03:06,868 - INFO - ACTION=AUTH_FAIL USER=ANONYMOUS
2026-04-17 08:03:07,109 - INFO - ACTION=AUTH_FAIL USER=ANONYMOUS
2026-04-17 08:03:07,353 - INFO - ACTION=AUTH_FAIL USER=ANONYMOUS
2026-04-17 08:03:07,751 - INFO - ACTION=AUTH_FAIL USER=ANONYMOUS
2026-04-17 08:03:08,005 - INFO - ACTION=AUTH_FAIL USER=ANONYMOUS
2026-04-17 08:03:08,253 - INFO - ACTION=AUTH_FAIL USER=ANONYMOUS
2026-04-17 08:03:08,499 - INFO - ACTION=AUTH_FAIL USER=ANONYMOUS
2026-04-17 08:04:21,642 - INFO - ACTION=AUTH_FAIL USER=ANONYMOUS
2026-04-17 08:04:21,931 - INFO - ACTION=AUTH_FAIL USER=ANONYMOUS
2026-04-17 08:04:22,176 - INFO - ACTION=AUTH_FAIL USER=ANONYMOUS
2026-04-17 08:04:22,423 - INFO - ACTION=AUTH_FAIL USER=ANONYMOUS
2026-04-17 08:04:22,678 - INFO - ACTION=AUTH_FAIL USER=ANONYMOUS
2026-04-17 08:04:23,070 - INFO - ACTION=AUTH_FAIL USER=ANONYMOUS
2026-04-17 08:04:23,318 - INFO - ACTION=AUTH_FAIL USER=ANONYMOUS
2026-04-17 08:04:23,583 - INFO - ACTION=AUTH_FAIL USER=ANONYMOUS
2026-04-17 08:04:23,833 - INFO - ACTION=AUTH_FAIL USER=ANONYMOUS
2026-04-17 08:04:24,094 - INFO - ACTION=AUTH_FAIL USER=ANONYMOUS
2026-04-17 08:04:24,340 - INFO - ACTION=AUTH_FAIL USER=ANONYMOUS
2026-04-17 08:04:24,589 - INFO - ACTION=AUTH_FAIL USER=ANONYMOUS
2026-04-17 08:04:24,846 - INFO - ACTION=AUTH_FAIL USER=ANONYMOUS
2026-04-17 08:04:25,089 - INFO - ACTION=AUTH_FAIL USER=ANONYMOUS
2026-04-17 08:04:25,340 - INFO - ACTION=AUTH_FAIL USER=ANONYMOUS
2026-04-17 08:04:25,597 - INFO - ACTION=AUTH_FAIL USER=ANONYMOUS
2026-04-17 08:04:25,872 - INFO - ACTION=AUTH_FAIL USER=ANONYMOUS
2026-04-17 08:04:26,138 - INFO - ACTION=AUTH_FAIL USER=ANONYMOUS
2026-04-17 08:04:26,398 - INFO - ACTION=AUTH_FAIL USER=ANONYMOUS
2026-04-17 08:04:26,678 - INFO - ACTION=AUTH_FAIL USER=ANONYMOUS
2026-04-17 08:04:26,932 - INFO - ACTION=AUTH_FAIL USER=ANONYMOUS
2026-04-17 08:04:27,176 - INFO - ACTION=AUTH_FAIL USER=ANONYMOUS
2026-04-17 08:04:27,419 - INFO - ACTION=AUTH_FAIL USER=ANONYMOUS
2026-04-17 08:04:27,663 - INFO - ACTION=AUTH_FAIL USER=ANONYMOUS
2026-04-17 08:04:27,913 - INFO - ACTION=AUTH_FAIL USER=ANONYMOUS
2026-04-17 08:04:28,161 - INFO - ACTION=AUTH_FAIL USER=ANONYMOUS
2026-04-17 08:04:28,410 - INFO - ACTION=AUTH_FAIL USER=ANONYMOUS
2026-04-17 08:04:28,652 - INFO - ACTION=AUTH_FAIL USER=ANONYMOUS
2026-04-17 08:04:28,894 - INFO - ACTION=AUTH_FAIL USER=ANONYMOUS
2026-04-17 08:04:29,139 - INFO - ACTION=AUTH_FAIL USER=ANONYMOUS
2026-04-17 08:04:29,386 - INFO - ACTION=AUTH_FAIL USER=ANONYMOUS
2026-04-17 08:04:29,630 - INFO - ACTION=AUTH_FAIL USER=ANONYMOUS
2026-04-17 08:04:29,876 - INFO - ACTION=AUTH_FAIL USER=ANONYMOUS
2026-04-17 08:04:30,119 - INFO - ACTION=AUTH_FAIL USER=ANONYMOUS
2026-04-17 08:04:30,362 - INFO - ACTION=AUTH_FAIL USER=ANONYMOUS
2026-04-17 08:04:30,607 - INFO - ACTION=AUTH_FAIL USER=ANONYMOUS
2026-04-17 08:04:30,850 - INFO - ACTION=AUTH_FAIL USER=ANONYMOUS
2026-04-17 08:04:31,097 - INFO - ACTION=AUTH_FAIL USER=ANONYMOUS
2026-04-17 08:04:31,339 - INFO - ACTION=AUTH_FAIL USER=ANONYMOUS
2026-04-17 08:04:31,586 - INFO - ACTION=AUTH_FAIL USER=ANONYMOUS
2026-04-17 08:04:31,831 - INFO - ACTION=AUTH_FAIL USER=ANONYMOUS
2026-04-17 08:04:32,076 - INFO - ACTION=AUTH_FAIL USER=ANONYMOUS
2026-04-17 08:04:32,323 - INFO - ACTION=AUTH_FAIL USER=ANONYMOUS
2026-04-17 08:04:32,567 - INFO - ACTION=ENROLL_SUCCESS USER=Nader
2026-04-17 08:04:32,836 - INFO - ACTION=AUTH_SUCCESS USER=Nader
2026-04-17 08:04:33,102 - INFO - ACTION=AUTH_SUCCESS USER=Nader
2026-04-17 08:04:33,355 - INFO - ACTION=AUTH_SUCCESS USER=Nader
2026-04-17 08:04:33,601 - INFO - ACTION=AUTH_SUCCESS USER=Nader
2026-04-17 08:04:33,850 - INFO - ACTION=AUTH_SUCCESS USER=Nader
2026-04-17 08:04:34,099 - INFO - ACTION=AUTH_SUCCESS USER=Nader
2026-04-17 08:04:34,342 - INFO - ACTION=AUTH_SUCCESS USER=Nader
2026-04-17 08:04:34,592 - INFO - ACTION=AUTH_SUCCESS USER=Nader
2026-04-17 08:04:34,841 - INFO - ACTION=AUTH_SUCCESS USER=Nader
2026-04-17 08:04:35,100 - INFO - ACTION=AUTH_SUCCESS USER=Nader
2026-04-17 08:04:35,348 - INFO - ACTION=AUTH_SUCCESS USER=Nader
2026-04-17 08:04:35,592 - INFO - ACTION=AUTH_SUCCESS USER=Nader
2026-04-17 08:04:35,848 - INFO - ACTION=AUTH_SUCCESS USER=Nader
2026-04-17 08:04:36,117 - INFO - ACTION=AUTH_SUCCESS USER=Nader
2026-04-17 08:04:36,361 - INFO - ACTION=AUTH_SUCCESS USER=Nader
2026-04-17 08:04:36,608 - INFO - ACTION=AUTH_SUCCESS USER=Nader
2026-04-17 08:04:36,873 - INFO - ACTION=AUTH_SUCCESS USER=Nader
2026-04-17 08:04:37,127 - INFO - ACTION=AUTH_SUCCESS USER=Nader
2026-04-17 08:04:37,374 - INFO - ACTION=AUTH_SUCCESS USER=Nader
2026-04-17 08:04:37,620 - INFO - ACTION=AUTH_SUCCESS USER=Nader
2026-04-17 08:04:37,872 - INFO - ACTION=AUTH_SUCCESS USER=Nader
2026-04-17 08:04:38,122 - INFO - ACTION=AUTH_SUCCESS USER=Nader
2026-04-17 08:04:38,376 - INFO - ACTION=AUTH_SUCCESS USER=Nader
2026-04-17 08:04:38,628 - INFO - ACTION=AUTH_SUCCESS USER=Nader
2026-04-17 08:04:38,880 - INFO - ACTION=AUTH_SUCCESS USER=Nader
2026-04-17 08:04:39,139 - INFO - ACTION=AUTH_SUCCESS USER=Nader
2026-04-17 08:04:39,388 - INFO - ACTION=AUTH_SUCCESS USER=Nader
2026-04-17 08:04:39,643 - INFO - ACTION=AUTH_SUCCESS USER=Nader
2026-04-17 08:04:39,893 - INFO - ACTION=AUTH_SUCCESS USER=Nader
2026-04-17 08:04:40,147 - INFO - ACTION=AUTH_SUCCESS USER=Nader
2026-04-17 08:04:40,394 - INFO - ACTION=AUTH_SUCCESS USER=Nader
2026-04-17 08:04:40,642 - INFO - ACTION=AUTH_SUCCESS USER=Nader
2026-04-17 08:04:40,895 - INFO - ACTION=AUTH_SUCCESS USER=Nader
2026-04-17 08:04:41,164 - INFO - ACTION=AUTH_SUCCESS USER=Nader
2026-04-17 08:04:41,441 - INFO - ACTION=AUTH_SUCCESS USER=Nader
2026-04-17 08:04:41,708 - INFO - ACTION=AUTH_SUCCESS USER=Nader
2026-04-17 08:04:41,966 - INFO - ACTION=AUTH_SUCCESS USER=Nader
2026-04-17 08:04:42,219 - INFO - ACTION=AUTH_SUCCESS USER=Nader
2026-04-17 08:04:42,462 - INFO - ACTION=AUTH_SUCCESS USER=Nader
2026-04-17 08:04:42,708 - INFO - ACTION=AUTH_SUCCESS USER=Nader
2026-04-17 08:04:42,957 - INFO - ACTION=AUTH_SUCCESS USER=Nader
2026-04-17 08:04:43,216 - INFO - ACTION=AUTH_SUCCESS USER=Nader
2026-04-17 08:04:43,466 - INFO - ACTION=AUTH_SUCCESS USER=Nader
2026-04-17 08:04:43,885 - INFO - ACTION=AUTH_SUCCESS USER=Nader
2026-04-17 08:04:44,151 - INFO - ACTION=AUTH_SUCCESS USER=Nader
2026-04-17 08:04:44,406 - INFO - ACTION=AUTH_SUCCESS USER=Nader
2026-04-17 08:04:44,662 - INFO - ACTION=AUTH_SUCCESS USER=Nader
2026-04-17 08:13:57,154 - INFO - ACTION=AUTH_FAIL USER=ANONYMOUS
2026-04-17 08:13:57,456 - INFO - ACTION=AUTH_FAIL USER=ANONYMOUS
2026-04-17 08:13:57,701 - INFO - ACTION=AUTH_FAIL USER=ANONYMOUS
2026-04-17 08:13:57,964 - INFO - ACTION=AUTH_FAIL USER=ANONYMOUS
2026-04-17 08:13:58,281 - INFO - ACTION=AUTH_FAIL USER=ANONYMOUS
2026-04-17 08:13:58,536 - INFO - ACTION=AUTH_FAIL USER=ANONYMOUS
2026-04-17 08:13:58,782 - INFO - ACTION=AUTH_FAIL USER=ANONYMOUS
2026-04-17 08:13:59,033 - INFO - ACTION=AUTH_FAIL USER=ANONYMOUS
2026-04-17 08:13:59,293 - INFO - ACTION=AUTH_FAIL USER=ANONYMOUS
2026-04-17 08:13:59,547 - INFO - ACTION=AUTH_FAIL USER=ANONYMOUS
2026-04-17 08:13:59,794 - INFO - ACTION=AUTH_FAIL USER=ANONYMOUS
2026-04-17 08:14:00,035 - INFO - ACTION=AUTH_FAIL USER=ANONYMOUS
2026-04-17 08:14:00,279 - INFO - ACTION=AUTH_FAIL USER=ANONYMOUS
2026-04-17 08:14:00,523 - INFO - ACTION=AUTH_FAIL USER=ANONYMOUS
2026-04-17 08:14:00,766 - INFO - ACTION=AUTH_FAIL USER=ANONYMOUS
2026-04-17 08:14:01,020 - INFO - ACTION=AUTH_FAIL USER=ANONYMOUS
2026-04-17 08:14:01,270 - INFO - ACTION=AUTH_FAIL USER=ANONYMOUS
2026-04-17 08:14:01,517 - INFO - ACTION=AUTH_FAIL USER=ANONYMOUS
2026-04-17 08:14:01,765 - INFO - ACTION=AUTH_FAIL USER=ANONYMOUS
2026-04-17 08:14:02,011 - INFO - ACTION=AUTH_FAIL USER=ANONYMOUS
2026-04-17 08:14:02,261 - INFO - ACTION=AUTH_FAIL USER=ANONYMOUS
2026-04-17 08:14:02,511 - INFO - ACTION=AUTH_FAIL USER=ANONYMOUS
2026-04-17 08:14:02,761 - INFO - ACTION=AUTH_FAIL USER=ANONYMOUS
2026-04-17 08:14:03,005 - INFO - ACTION=AUTH_FAIL USER=ANONYMOUS
2026-04-17 08:14:03,250 - INFO - ACTION=AUTH_FAIL USER=ANONYMOUS
2026-04-17 08:14:03,501 - INFO - ACTION=AUTH_FAIL USER=ANONYMOUS
2026-04-17 08:14:03,746 - INFO - ACTION=AUTH_FAIL USER=ANONYMOUS
2026-04-17 08:14:03,991 - INFO - ACTION=AUTH_FAIL USER=ANONYMOUS
2026-04-17 08:14:04,236 - INFO - ACTION=AUTH_FAIL USER=ANONYMOUS
2026-04-17 08:14:04,481 - INFO - ACTION=AUTH_FAIL USER=ANONYMOUS
2026-04-17 08:14:04,723 - INFO - ACTION=ENROLL_SUCCESS USER=Nader
2026-04-17 08:14:05,002 - INFO - ACTION=AUTH_SUCCESS USER=Nader
2026-04-17 08:14:05,266 - INFO - ACTION=AUTH_SUCCESS USER=Nader
2026-04-17 08:14:05,514 - INFO - ACTION=AUTH_SUCCESS USER=Nader
2026-04-17 08:14:05,757 - INFO - ACTION=AUTH_SUCCESS USER=Nader
2026-04-17 08:14:06,008 - INFO - ACTION=AUTH_SUCCESS USER=Nader
2026-04-17 08:14:06,255 - INFO - ACTION=AUTH_SUCCESS USER=Nader
2026-04-17 08:14:06,504 - INFO - ACTION=AUTH_SUCCESS USER=Nader
2026-04-17 08:14:06,751 - INFO - ACTION=AUTH_SUCCESS USER=Nader
2026-04-17 08:14:07,000 - INFO - ACTION=AUTH_SUCCESS USER=Nader
2026-04-17 08:14:07,257 - INFO - ACTION=AUTH_SUCCESS USER=Nader
2026-04-17 08:14:07,507 - INFO - ACTION=AUTH_SUCCESS USER=Nader
2026-04-17 08:14:07,759 - INFO - ACTION=AUTH_SUCCESS USER=Nader
2026-04-17 08:14:08,029 - INFO - ACTION=AUTH_SUCCESS USER=Nader
2026-04-17 08:14:08,313 - INFO - ACTION=AUTH_SUCCESS USER=Nader
2026-04-17 08:14:08,570 - INFO - ACTION=AUTH_SUCCESS USER=Nader
2026-04-17 08:14:08,829 - INFO - ACTION=AUTH_SUCCESS USER=Nader
2026-04-17 08:14:09,087 - INFO - ACTION=AUTH_SUCCESS USER=Nader
2026-04-17 08:14:09,357 - INFO - ACTION=AUTH_SUCCESS USER=Nader
2026-04-17 08:14:09,604 - INFO - ACTION=AUTH_SUCCESS USER=Nader
2026-04-17 08:14:09,862 - INFO - ACTION=AUTH_SUCCESS USER=Nader
2026-04-17 08:14:10,111 - INFO - ACTION=AUTH_SUCCESS USER=Nader
2026-04-17 08:14:10,361 - INFO - ACTION=AUTH_SUCCESS USER=Nader
2026-04-17 08:14:10,634 - INFO - ACTION=AUTH_SUCCESS USER=Nader
2026-04-17 08:14:10,986 - INFO - ACTION=AUTH_SUCCESS USER=Nader
2026-04-17 08:14:11,248 - INFO - ACTION=AUTH_SUCCESS USER=Nader
2026-04-17 08:14:11,497 - INFO - ACTION=AUTH_SUCCESS USER=Nader
2026-04-17 08:14:11,749 - INFO - ACTION=AUTH_SUCCESS USER=Nader
2026-04-17 08:14:11,996 - INFO - ACTION=AUTH_SUCCESS USER=Nader
2026-04-17 08:14:12,255 - INFO - ACTION=AUTH_SUCCESS USER=Nader
2026-04-17 08:14:12,519 - INFO - ACTION=AUTH_SUCCESS USER=Nader
2026-04-17 08:14:12,799 - INFO - ACTION=AUTH_SUCCESS USER=Nader
2026-04-17 08:14:13,077 - INFO - ACTION=AUTH_SUCCESS USER=Nader
2026-04-17 08:14:13,352 - INFO - ACTION=AUTH_SUCCESS USER=Nader
2026-04-17 08:14:13,609 - INFO - ACTION=AUTH_SUCCESS USER=Nader
2026-04-17 08:14:13,861 - INFO - ACTION=AUTH_SUCCESS USER=Nader
2026-04-17 08:14:14,124 - INFO - ACTION=AUTH_SUCCESS USER=Nader
2026-04-17 08:14:14,383 - INFO - ACTION=AUTH_SUCCESS USER=Nader
2026-04-17 08:14:14,641 - INFO - ACTION=AUTH_SUCCESS USER=Nader
2026-04-17 08:14:14,894 - INFO - ACTION=AUTH_SUCCESS USER=Nader
2026-04-17 08:14:15,162 - INFO - ACTION=AUTH_SUCCESS USER=Nader
2026-04-17 08:14:15,454 - INFO - ACTION=AUTH_SUCCESS USER=Nader
2026-04-17 08:14:15,738 - INFO - ACTION=AUTH_SUCCESS USER=Nader
2026-04-17 08:14:16,046 - INFO - ACTION=AUTH_SUCCESS USER=Nader
2026-04-17 08:14:16,301 - INFO - ACTION=AUTH_SUCCESS USER=Nader
2026-04-17 08:14:16,560 - INFO - ACTION=AUTH_SUCCESS USER=Nader
2026-04-17 08:14:16,828 - INFO - ACTION=AUTH_SUCCESS USER=Nader
2026-04-17 08:14:17,090 - INFO - ACTION=AUTH_SUCCESS USER=Nader
2026-04-17 08:14:17,355 - INFO - ACTION=AUTH_SUCCESS USER=Nader
2026-04-17 08:14:17,605 - INFO - ACTION=AUTH_SUCCESS USER=Nader
2026-04-17 08:14:17,866 - INFO - ACTION=AUTH_SUCCESS USER=Nader
2026-04-17 08:14:18,126 - INFO - ACTION=AUTH_SUCCESS USER=Nader
2026-04-17 08:14:18,381 - INFO - ACTION=AUTH_SUCCESS USER=Nader
2026-04-17 08:14:18,644 - INFO - ACTION=AUTH_SUCCESS USER=Nader
2026-04-17 08:14:18,892 - INFO - ACTION=AUTH_SUCCESS USER=Nader
2026-04-17 08:14:19,175 - INFO - ACTION=AUTH_SUCCESS USER=Nader
2026-04-17 08:14:19,431 - INFO - ACTION=AUTH_SUCCESS USER=Nader
2026-04-17 08:14:19,686 - INFO - ACTION=AUTH_SUCCESS USER=Nader
2026-04-17 08:14:19,937 - INFO - ACTION=AUTH_SUCCESS USER=Nader
2026-04-17 08:14:20,198 - INFO - ACTION=AUTH_SUCCESS USER=Nader
2026-04-17 08:14:20,473 - INFO - ACTION=AUTH_SUCCESS USER=Nader
2026-04-17 08:14:20,727 - INFO - ACTION=AUTH_SUCCESS USER=Nader
2026-04-17 08:14:20,984 - INFO - ACTION=AUTH_SUCCESS USER=Nader
2026-04-17 08:14:21,250 - INFO - ACTION=AUTH_SUCCESS USER=Nader
2026-04-17 08:14:21,498 - INFO - ACTION=AUTH_SUCCESS USER=Nader
2026-04-17 08:14:21,748 - INFO - ACTION=AUTH_SUCCESS USER=Nader
2026-04-17 08:14:21,995 - INFO - ACTION=AUTH_SUCCESS USER=Nader
2026-04-17 08:14:22,256 - INFO - ACTION=AUTH_SUCCESS USER=Nader
2026-04-17 08:15:26,612 - INFO - ACTION=AUTH_SUCCESS USER=Nader
2026-04-17 08:15:26,915 - INFO - ACTION=AUTH_SUCCESS USER=Nader
2026-04-17 08:15:27,232 - INFO - ACTION=AUTH_SUCCESS USER=Nader
2026-04-17 08:15:27,487 - INFO - ACTION=AUTH_SUCCESS USER=Nader
2026-04-17 08:15:27,734 - INFO - ACTION=AUTH_SUCCESS USER=Nader
2026-04-17 08:15:27,976 - INFO - ACTION=AUTH_SUCCESS USER=Nader
2026-04-17 08:15:28,231 - INFO - ACTION=AUTH_SUCCESS USER=Nader
2026-04-17 08:15:28,481 - INFO - ACTION=AUTH_SUCCESS USER=Nader
2026-04-17 08:15:28,722 - INFO - ACTION=AUTH_SUCCESS USER=Nader
2026-04-17 08:15:28,964 - INFO - ACTION=AUTH_SUCCESS USER=Nader
2026-04-17 08:15:29,214 - INFO - ACTION=AUTH_SUCCESS USER=Nader
2026-04-17 08:15:29,472 - INFO - ACTION=AUTH_SUCCESS USER=Nader
2026-04-17 08:15:29,720 - INFO - ACTION=AUTH_SUCCESS USER=Nader
2026-04-17 08:15:29,969 - INFO - ACTION=AUTH_SUCCESS USER=Nader
2026-04-17 08:15:30,229 - INFO - ACTION=AUTH_SUCCESS USER=Nader
2026-04-17 08:15:30,478 - INFO - ACTION=AUTH_SUCCESS USER=Nader
2026-04-17 08:15:30,725 - INFO - ACTION=AUTH_SUCCESS USER=Nader
2026-04-17 08:15:30,987 - INFO - ACTION=AUTH_SUCCESS USER=Nader
2026-04-17 08:15:31,232 - INFO - ACTION=AUTH_SUCCESS USER=Nader
2026-04-17 08:15:31,474 - INFO - ACTION=AUTH_SUCCESS USER=Nader
2026-04-17 08:15:31,714 - INFO - ACTION=AUTH_SUCCESS USER=Nader
2026-04-17 08:15:31,954 - INFO - ACTION=AUTH_SUCCESS USER=Nader
2026-04-17 08:15:32,204 - INFO - ACTION=AUTH_SUCCESS USER=Nader
2026-04-17 08:15:32,447 - INFO - ACTION=AUTH_SUCCESS USER=Nader
2026-04-17 08:15:32,689 - INFO - ACTION=AUTH_SUCCESS USER=Nader
2026-04-17 08:15:32,937 - INFO - ACTION=AUTH_SUCCESS USER=Nader
2026-04-17 08:15:33,188 - INFO - ACTION=AUTH_SUCCESS USER=Nader
2026-04-17 08:15:33,429 - INFO - ACTION=AUTH_SUCCESS USER=Nader
2026-04-17 08:15:33,671 - INFO - ACTION=AUTH_SUCCESS USER=Nader
2026-04-17 08:15:33,918 - INFO - ACTION=AUTH_SUCCESS USER=Nader
2026-04-17 08:15:34,166 - INFO - ACTION=AUTH_SUCCESS USER=Nader
2026-04-17 08:15:34,420 - INFO - ACTION=AUTH_SUCCESS USER=Nader
2026-04-17 08:15:34,665 - INFO - ACTION=AUTH_SUCCESS USER=Nader
2026-04-17 08:15:34,910 - INFO - ACTION=AUTH_SUCCESS USER=Nader
2026-04-17 08:15:35,163 - INFO - ACTION=AUTH_SUCCESS USER=Nader
2026-04-17 08:15:35,406 - INFO - ACTION=AUTH_SUCCESS USER=Nader
2026-04-17 08:15:35,659 - INFO - ACTION=AUTH_SUCCESS USER=Nader
2026-04-17 08:15:35,903 - INFO - ACTION=AUTH_SUCCESS USER=Nader
2026-04-17 08:15:36,155 - INFO - ACTION=AUTH_SUCCESS USER=Nader
2026-04-17 08:15:36,403 - INFO - ACTION=AUTH_SUCCESS USER=Nader
2026-04-17 08:15:36,666 - INFO - ACTION=AUTH_SUCCESS USER=Nader
2026-04-17 08:15:36,911 - INFO - ACTION=AUTH_SUCCESS USER=Nader
2026-04-17 08:15:37,164 - INFO - ACTION=AUTH_SUCCESS USER=Nader
2026-04-17 08:15:37,411 - INFO - ACTION=AUTH_SUCCESS USER=Nader
2026-04-17 08:15:37,655 - INFO - ACTION=AUTH_SUCCESS USER=Nader
2026-04-17 08:15:37,902 - INFO - ACTION=AUTH_SUCCESS USER=Nader
2026-04-17 08:15:38,158 - INFO - ACTION=AUTH_SUCCESS USER=Nader
2026-04-17 08:15:38,407 - INFO - ACTION=AUTH_SUCCESS USER=Nader
2026-04-17 08:15:38,655 - INFO - ACTION=AUTH_SUCCESS USER=Nader
2026-04-17 08:15:38,898 - INFO - ACTION=AUTH_SUCCESS USER=Nader
2026-04-17 08:15:39,149 - INFO - ACTION=AUTH_SUCCESS USER=Nader
2026-04-17 08:15:39,395 - INFO - ACTION=AUTH_SUCCESS USER=Nader
2026-04-17 08:15:39,638 - INFO - ACTION=AUTH_SUCCESS USER=Nader
2026-04-17 08:15:39,883 - INFO - ACTION=AUTH_SUCCESS USER=Nader
2026-04-17 08:15:40,126 - INFO - ACTION=AUTH_SUCCESS USER=Nader
2026-04-17 08:15:40,371 - INFO - ACTION=AUTH_SUCCESS USER=Nader
2026-04-17 08:15:40,616 - INFO - ACTION=AUTH_SUCCESS USER=Nader
2026-04-17 08:15:40,859 - INFO - ACTION=AUTH_SUCCESS USER=Nader
2026-04-17 08:15:41,107 - INFO - ACTION=AUTH_SUCCESS USER=Nader
2026-04-17 08:15:41,355 - INFO - ACTION=AUTH_SUCCESS USER=Nader
2026-04-17 08:15:41,604 - INFO - ACTION=AUTH_SUCCESS USER=Nader
2026-04-17 08:15:41,856 - INFO - ACTION=AUTH_SUCCESS USER=Nader
2026-04-17 08:15:42,110 - INFO - ACTION=AUTH_SUCCESS USER=Nader
2026-04-17 08:15:42,366 - INFO - ACTION=AUTH_SUCCESS USER=Nader
2026-04-17 08:15:42,616 - INFO - ACTION=AUTH_SUCCESS USER=Nader
2026-04-17 08:15:42,867 - INFO - ACTION=AUTH_SUCCESS USER=Nader
2026-04-17 08:15:43,121 - INFO - ACTION=AUTH_SUCCESS USER=Nader
2026-04-17 08:15:43,372 - INFO - ACTION=AUTH_SUCCESS USER=Nader
2026-04-17 08:15:43,617 - INFO - ACTION=AUTH_SUCCESS USER=Nader
2026-04-17 08:15:43,859 - INFO - ACTION=AUTH_SUCCESS USER=Nader
2026-04-17 08:15:44,107 - INFO - ACTION=AUTH_SUCCESS USER=Nader
2026-04-17 08:15:44,366 - INFO - ACTION=AUTH_SUCCESS USER=Nader
2026-04-17 08:15:44,609 - INFO - ACTION=AUTH_SUCCESS USER=Nader
2026-04-17 08:15:44,858 - INFO - ACTION=AUTH_SUCCESS USER=Nader
2026-04-17 08:15:45,116 - INFO - ACTION=AUTH_SUCCESS USER=Nader
2026-04-17 08:15:45,359 - INFO - ACTION=AUTH_SUCCESS USER=Nader
2026-04-17 08:15:45,606 - INFO - ACTION=AUTH_SUCCESS USER=Nader
2026-04-17 08:15:45,867 - INFO - ACTION=AUTH_SUCCESS USER=Nader
2026-04-17 08:15:46,123 - INFO - ACTION=AUTH_SUCCESS USER=Nader
2026-04-17 08:15:46,369 - INFO - ACTION=AUTH_SUCCESS USER=Nader
2026-04-17 08:15:46,613 - INFO - ACTION=AUTH_SUCCESS USER=Nader
2026-04-17 08:15:46,860 - INFO - ACTION=AUTH_SUCCESS USER=Nader
2026-04-17 08:15:47,118 - INFO - ACTION=AUTH_SUCCESS USER=Nader
2026-04-17 08:15:47,372 - INFO - ACTION=AUTH_SUCCESS USER=Nader
2026-04-17 08:15:47,617 - INFO - ACTION=AUTH_SUCCESS USER=Nader
2026-04-17 08:15:47,864 - INFO - ACTION=AUTH_SUCCESS USER=Nader
2026-04-17 08:15:48,115 - INFO - ACTION=AUTH_SUCCESS USER=Nader
2026-04-17 08:15:48,359 - INFO - ACTION=AUTH_SUCCESS USER=Nader
2026-04-17 08:15:48,604 - INFO - ACTION=AUTH_SUCCESS USER=Nader
2026-04-17 08:15:48,852 - INFO - ACTION=AUTH_SUCCESS USER=Nader
2026-04-17 08:15:49,108 - INFO - ACTION=AUTH_SUCCESS USER=Nader
2026-04-17 08:15:49,110 - INFO - ACTION=DELETE_SUCCESS USER=Nader
2026-04-17 08:15:49,370 - INFO - ACTION=AUTH_FAIL USER=ANONYMOUS
2026-04-17 08:15:49,627 - INFO - ACTION=AUTH_FAIL USER=ANONYMOUS
2026-04-17 08:15:49,869 - INFO - ACTION=AUTH_FAIL USER=ANONYMOUS
2026-04-17 08:15:50,115 - INFO - ACTION=AUTH_FAIL USER=ANONYMOUS
2026-04-17 08:15:50,364 - INFO - ACTION=AUTH_FAIL USER=ANONYMOUS
2026-04-17 08:15:50,607 - INFO - ACTION=AUTH_FAIL USER=ANONYMOUS
2026-04-17 08:15:50,855 - INFO - ACTION=AUTH_FAIL USER=ANONYMOUS
2026-04-17 08:15:51,099 - INFO - ACTION=AUTH_FAIL USER=ANONYMOUS
2026-04-17 08:15:51,346 - INFO - ACTION=AUTH_FAIL USER=ANONYMOUS
2026-04-17 08:15:51,596 - INFO - ACTION=AUTH_FAIL USER=ANONYMOUS
2026-04-17 08:15:51,844 - INFO - ACTION=AUTH_FAIL USER=ANONYMOUS
2026-04-17 08:15:52,089 - INFO - ACTION=AUTH_FAIL USER=ANONYMOUS
2026-04-17 08:15:52,335 - INFO - ACTION=AUTH_FAIL USER=ANONYMOUS
2026-04-17 08:15:52,582 - INFO - ACTION=AUTH_FAIL USER=ANONYMOUS
2026-04-17 08:15:52,826 - INFO - ACTION=AUTH_FAIL USER=ANONYMOUS
2026-04-17 08:15:53,087 - INFO - ACTION=ENROLL_SUCCESS USER=Nader
2026-04-17 08:15:53,384 - INFO - ACTION=AUTH_SUCCESS USER=Nader
2026-04-17 08:15:53,634 - INFO - ACTION=AUTH_SUCCESS USER=Nader
2026-04-17 08:15:53,882 - INFO - ACTION=AUTH_SUCCESS USER=Nader
2026-04-17 08:15:54,137 - INFO - ACTION=AUTH_SUCCESS USER=Nader
2026-04-17 08:15:54,387 - INFO - ACTION=AUTH_SUCCESS USER=Nader
2026-04-17 08:15:54,632 - INFO - ACTION=AUTH_SUCCESS USER=Nader
2026-04-17 08:15:54,878 - INFO - ACTION=AUTH_SUCCESS USER=Nader
2026-04-17 08:15:55,126 - INFO - ACTION=AUTH_SUCCESS USER=Nader
2026-04-17 08:15:55,368 - INFO - ACTION=AUTH_SUCCESS USER=Nader
2026-04-17 08:15:55,615 - INFO - ACTION=AUTH_SUCCESS USER=Nader
2026-04-17 08:15:55,863 - INFO - ACTION=AUTH_SUCCESS USER=Nader
2026-04-17 08:15:56,118 - INFO - ACTION=AUTH_SUCCESS USER=Nader
2026-04-17 08:15:56,364 - INFO - ACTION=AUTH_SUCCESS USER=Nader
2026-04-17 08:15:56,613 - INFO - ACTION=AUTH_SUCCESS USER=Nader
2026-04-17 08:15:56,860 - INFO - ACTION=AUTH_SUCCESS USER=Nader
2026-04-17 08:15:57,115 - INFO - ACTION=AUTH_SUCCESS USER=Nader
2026-04-17 08:15:57,360 - INFO - ACTION=AUTH_SUCCESS USER=Nader
2026-04-17 08:15:57,626 - INFO - ACTION=AUTH_SUCCESS USER=Nader
2026-04-17 08:15:57,871 - INFO - ACTION=AUTH_SUCCESS USER=Nader
2026-04-17 08:15:58,119 - INFO - ACTION=AUTH_SUCCESS USER=Nader
2026-04-17 08:15:58,364 - INFO - ACTION=AUTH_SUCCESS USER=Nader
2026-04-17 08:15:58,609 - INFO - ACTION=AUTH_SUCCESS USER=Nader
2026-04-17 08:15:58,851 - INFO - ACTION=AUTH_SUCCESS USER=Nader
2026-04-17 08:15:59,098 - INFO - ACTION=AUTH_SUCCESS USER=Nader
2026-04-17 08:15:59,341 - INFO - ACTION=AUTH_SUCCESS USER=Nader
2026-04-17 08:15:59,589 - INFO - ACTION=AUTH_SUCCESS USER=Nader
2026-04-17 08:15:59,835 - INFO - ACTION=AUTH_SUCCESS USER=Nader
2026-04-17 08:16:00,098 - INFO - ACTION=AUTH_SUCCESS USER=Nader
2026-04-17 08:16:00,348 - INFO - ACTION=AUTH_SUCCESS USER=Nader
2026-04-17 08:16:00,593 - INFO - ACTION=AUTH_SUCCESS USER=Nader
2026-04-17 08:28:02,986 - INFO - ACTION=AUTH_SUCCESS USER=Nader
2026-04-17 08:28:03,323 - INFO - ACTION=AUTH_SUCCESS USER=Nader
2026-04-17 08:28:03,564 - INFO - ACTION=AUTH_SUCCESS USER=Nader
2026-04-17 08:28:03,808 - INFO - ACTION=AUTH_SUCCESS USER=Nader
2026-04-17 08:28:04,055 - INFO - ACTION=AUTH_SUCCESS USER=Nader
2026-04-17 08:28:04,300 - INFO - ACTION=AUTH_SUCCESS USER=Nader
2026-04-17 08:28:04,549 - INFO - ACTION=AUTH_SUCCESS USER=Nader
2026-04-17 08:28:04,809 - INFO - ACTION=AUTH_SUCCESS USER=Nader
2026-04-17 08:28:05,058 - INFO - ACTION=AUTH_SUCCESS USER=Nader
2026-04-17 08:28:05,306 - INFO - ACTION=AUTH_SUCCESS USER=Nader
2026-04-17 08:28:05,550 - INFO - ACTION=AUTH_SUCCESS USER=Nader
2026-04-17 08:28:05,807 - INFO - ACTION=AUTH_SUCCESS USER=Nader
2026-04-17 08:28:06,067 - INFO - ACTION=AUTH_SUCCESS USER=Nader
2026-04-17 08:28:06,318 - INFO - ACTION=AUTH_SUCCESS USER=Nader
2026-04-17 08:28:06,580 - INFO - ACTION=AUTH_SUCCESS USER=Nader
2026-04-17 08:28:06,829 - INFO - ACTION=AUTH_SUCCESS USER=Nader
2026-04-17 08:28:07,083 - INFO - ACTION=AUTH_SUCCESS USER=Nader
2026-04-17 08:28:07,328 - INFO - ACTION=AUTH_SUCCESS USER=Nader
2026-04-17 08:28:07,576 - INFO - ACTION=AUTH_SUCCESS USER=Nader
2026-04-17 08:28:07,863 - INFO - ACTION=AUTH_SUCCESS USER=Nader
2026-04-17 08:28:08,203 - INFO - ACTION=AUTH_SUCCESS USER=Nader
2026-04-17 08:28:08,447 - INFO - ACTION=AUTH_SUCCESS USER=Nader
2026-04-17 08:28:08,693 - INFO - ACTION=AUTH_SUCCESS USER=Nader
2026-04-17 08:28:08,936 - INFO - ACTION=AUTH_SUCCESS USER=Nader
2026-04-17 08:28:09,193 - INFO - ACTION=AUTH_SUCCESS USER=Nader
2026-04-17 08:28:09,443 - INFO - ACTION=AUTH_SUCCESS USER=Nader
2026-04-17 08:28:09,685 - INFO - ACTION=AUTH_SUCCESS USER=Nader
2026-04-17 08:28:09,929 - INFO - ACTION=AUTH_SUCCESS USER=Nader
2026-04-17 08:28:10,177 - INFO - ACTION=AUTH_SUCCESS USER=Nader
2026-04-17 08:28:10,423 - INFO - ACTION=AUTH_SUCCESS USER=Nader
2026-04-17 08:28:10,699 - INFO - ACTION=AUTH_SUCCESS USER=Nader
2026-04-17 08:28:10,952 - INFO - ACTION=AUTH_SUCCESS USER=Nader
2026-04-17 08:28:11,218 - INFO - ACTION=AUTH_SUCCESS USER=Nader
2026-04-17 08:28:11,473 - INFO - ACTION=AUTH_SUCCESS USER=Nader
2026-04-17 08:28:11,719 - INFO - ACTION=AUTH_SUCCESS USER=Nader
2026-04-17 08:28:11,967 - INFO - ACTION=AUTH_SUCCESS USER=Nader
2026-04-17 08:28:12,219 - INFO - ACTION=AUTH_SUCCESS USER=Nader
2026-04-17 08:28:12,470 - INFO - ACTION=AUTH_SUCCESS USER=Nader
2026-04-17 08:28:12,716 - INFO - ACTION=AUTH_SUCCESS USER=Nader
2026-04-17 08:28:12,974 - INFO - ACTION=AUTH_SUCCESS USER=Nader
2026-04-17 08:28:13,228 - INFO - ACTION=AUTH_SUCCESS USER=Nader
2026-04-17 08:28:13,476 - INFO - ACTION=AUTH_SUCCESS USER=Nader
2026-04-17 08:28:13,739 - INFO - ACTION=AUTH_SUCCESS USER=Nader
2026-04-17 08:28:13,986 - INFO - ACTION=AUTH_SUCCESS USER=Nader
2026-04-17 08:28:14,263 - INFO - ACTION=AUTH_SUCCESS USER=Nader
2026-04-17 08:28:14,508 - INFO - ACTION=AUTH_SUCCESS USER=Nader
2026-04-17 08:28:14,755 - INFO - ACTION=AUTH_SUCCESS USER=Nader
2026-04-17 08:28:14,997 - INFO - ACTION=AUTH_SUCCESS USER=Nader
2026-04-17 08:28:15,251 - INFO - ACTION=AUTH_SUCCESS USER=Nader
2026-04-17 08:28:15,496 - INFO - ACTION=AUTH_SUCCESS USER=Nader
2026-04-17 08:28:15,746 - INFO - ACTION=AUTH_SUCCESS USER=Nader
2026-04-17 08:28:15,993 - INFO - ACTION=AUTH_SUCCESS USER=Nader
2026-04-17 08:28:16,246 - INFO - ACTION=AUTH_SUCCESS USER=Nader
2026-04-17 08:28:16,494 - INFO - ACTION=AUTH_SUCCESS USER=Nader
2026-04-17 08:28:16,740 - INFO - ACTION=AUTH_SUCCESS USER=Nader
2026-04-17 08:28:16,981 - INFO - ACTION=AUTH_SUCCESS USER=Nader
2026-04-17 08:28:17,239 - INFO - ACTION=AUTH_SUCCESS USER=Nader
2026-04-17 08:28:17,485 - INFO - ACTION=AUTH_SUCCESS USER=Nader
2026-04-17 08:28:17,728 - INFO - ACTION=AUTH_SUCCESS USER=Nader
2026-04-17 08:28:17,970 - INFO - ACTION=AUTH_SUCCESS USER=Nader
2026-04-17 08:28:18,214 - INFO - ACTION=AUTH_SUCCESS USER=Nader
2026-04-17 08:28:18,460 - INFO - ACTION=AUTH_SUCCESS USER=Nader
2026-04-17 08:28:18,705 - INFO - ACTION=AUTH_SUCCESS USER=Nader
2026-04-17 08:28:18,951 - INFO - ACTION=AUTH_SUCCESS USER=Nader
2026-04-17 08:28:19,200 - INFO - ACTION=AUTH_SUCCESS USER=Nader
2026-04-17 08:28:19,443 - INFO - ACTION=AUTH_SUCCESS USER=Nader
2026-04-17 08:28:19,687 - INFO - ACTION=AUTH_SUCCESS USER=Nader
2026-04-17 08:28:19,928 - INFO - ACTION=AUTH_SUCCESS USER=Nader
2026-04-17 08:28:20,177 - INFO - ACTION=AUTH_SUCCESS USER=Nader
2026-04-17 08:28:20,426 - INFO - ACTION=AUTH_SUCCESS USER=Nader
2026-04-17 08:28:20,667 - INFO - ACTION=AUTH_SUCCESS USER=Nader
2026-04-17 08:28:20,911 - INFO - ACTION=AUTH_SUCCESS USER=Nader
2026-04-17 08:28:21,158 - INFO - ACTION=AUTH_SUCCESS USER=Nader
2026-04-17 08:28:21,401 - INFO - ACTION=AUTH_SUCCESS USER=Nader
2026-04-17 08:28:21,650 - INFO - ACTION=AUTH_SUCCESS USER=Nader
2026-04-17 08:28:21,896 - INFO - ACTION=AUTH_SUCCESS USER=Nader
2026-04-17 08:28:22,192 - INFO - ACTION=AUTH_SUCCESS USER=Nader
2026-04-17 08:28:22,436 - INFO - ACTION=AUTH_SUCCESS USER=Nader
2026-04-17 08:28:22,698 - INFO - ACTION=AUTH_SUCCESS USER=Nader
2026-04-17 08:28:22,942 - INFO - ACTION=AUTH_SUCCESS USER=Nader
2026-04-17 08:28:23,187 - INFO - ACTION=AUTH_SUCCESS USER=Nader
2026-04-17 08:28:23,432 - INFO - ACTION=AUTH_SUCCESS USER=Nader
2026-04-17 08:28:23,682 - INFO - ACTION=AUTH_SUCCESS USER=Nader
2026-04-17 08:28:23,926 - INFO - ACTION=AUTH_SUCCESS USER=Nader
2026-04-17 08:28:24,175 - INFO - ACTION=AUTH_SUCCESS USER=Nader
2026-04-17 08:28:24,453 - INFO - ACTION=AUTH_SUCCESS USER=Nader
2026-04-17 08:28:24,704 - INFO - ACTION=AUTH_SUCCESS USER=Nader
2026-04-17 08:28:24,959 - INFO - ACTION=AUTH_SUCCESS USER=Nader
2026-04-17 08:28:25,220 - INFO - ACTION=AUTH_SUCCESS USER=Nader
2026-04-17 08:28:25,472 - INFO - ACTION=AUTH_SUCCESS USER=Nader
2026-04-17 08:28:25,767 - INFO - ACTION=AUTH_SUCCESS USER=Nader
2026-04-17 08:28:26,017 - INFO - ACTION=AUTH_SUCCESS USER=Nader
2026-04-17 08:28:26,266 - INFO - ACTION=AUTH_SUCCESS USER=Nader
2026-04-17 08:28:26,542 - INFO - ACTION=AUTH_SUCCESS USER=Nader
2026-04-17 08:28:26,789 - INFO - ACTION=AUTH_SUCCESS USER=Nader
2026-04-17 08:28:27,034 - INFO - ACTION=AUTH_SUCCESS USER=Nader
2026-04-17 08:28:27,278 - INFO - ACTION=AUTH_SUCCESS USER=Nader
2026-04-17 08:28:27,524 - INFO - ACTION=AUTH_SUCCESS USER=Nader
2026-04-17 08:28:27,778 - INFO - ACTION=AUTH_SUCCESS USER=Nader
2026-04-17 08:28:28,039 - INFO - ACTION=AUTH_SUCCESS USER=Nader
2026-04-17 08:28:28,286 - INFO - ACTION=AUTH_SUCCESS USER=Nader
2026-04-17 08:28:28,529 - INFO - ACTION=AUTH_SUCCESS USER=Nader
2026-04-17 08:28:28,812 - INFO - ACTION=AUTH_SUCCESS USER=Nader
2026-04-17 08:28:29,058 - INFO - ACTION=AUTH_SUCCESS USER=Nader
2026-04-17 08:28:29,301 - INFO - ACTION=AUTH_SUCCESS USER=Nader
2026-04-17 08:28:29,549 - INFO - ACTION=AUTH_SUCCESS USER=Nader
2026-04-17 08:28:29,792 - INFO - ACTION=AUTH_SUCCESS USER=Nader
2026-04-17 08:28:30,046 - INFO - ACTION=AUTH_SUCCESS USER=Nader
2026-04-17 08:28:30,298 - INFO - ACTION=AUTH_SUCCESS USER=Nader
2026-04-17 08:28:30,564 - INFO - ACTION=AUTH_SUCCESS USER=Nader
2026-04-17 08:28:30,823 - INFO - ACTION=AUTH_SUCCESS USER=Nader
2026-04-17 08:28:31,075 - INFO - ACTION=AUTH_SUCCESS USER=Nader
2026-04-17 08:28:31,322 - INFO - ACTION=AUTH_SUCCESS USER=Nader
2026-04-17 08:28:31,571 - INFO - ACTION=AUTH_SUCCESS USER=Nader
2026-04-17 08:28:31,820 - INFO - ACTION=AUTH_SUCCESS USER=Nader
2026-04-17 08:28:32,078 - INFO - ACTION=AUTH_SUCCESS USER=Nader
2026-04-17 08:28:32,339 - INFO - ACTION=AUTH_SUCCESS USER=Nader
2026-04-17 08:28:32,584 - INFO - ACTION=AUTH_SUCCESS USER=Nader
2026-04-17 08:28:32,829 - INFO - ACTION=AUTH_SUCCESS USER=Nader
2026-04-17 08:28:33,075 - INFO - ACTION=AUTH_SUCCESS USER=Nader
2026-04-17 08:28:33,319 - INFO - ACTION=AUTH_SUCCESS USER=Nader
2026-04-17 08:28:44,159 - INFO - ACTION=AUTH_SUCCESS USER=Nader
2026-04-17 08:28:44,407 - INFO - ACTION=AUTH_SUCCESS USER=Nader
2026-04-17 08:28:44,655 - INFO - ACTION=AUTH_SUCCESS USER=Nader
2026-04-17 08:28:44,905 - INFO - ACTION=AUTH_SUCCESS USER=Nader
2026-04-17 08:28:45,158 - INFO - ACTION=AUTH_SUCCESS USER=Nader
2026-04-17 08:28:45,419 - INFO - ACTION=AUTH_SUCCESS USER=Nader
2026-04-17 08:28:45,663 - INFO - ACTION=AUTH_SUCCESS USER=Nader
2026-04-17 08:28:45,968 - INFO - ACTION=AUTH_SUCCESS USER=Nader
2026-04-17 08:28:46,231 - INFO - ACTION=AUTH_SUCCESS USER=Nader
2026-04-17 08:28:46,480 - INFO - ACTION=AUTH_SUCCESS USER=Nader
2026-04-17 08:28:47,020 - INFO - ACTION=AUTH_SUCCESS USER=Nader
2026-04-17 08:28:47,268 - INFO - ACTION=AUTH_SUCCESS USER=Nader
2026-04-17 08:28:47,519 - INFO - ACTION=AUTH_SUCCESS USER=Nader
2026-04-17 08:28:47,764 - INFO - ACTION=AUTH_SUCCESS USER=Nader
2026-04-17 08:28:48,010 - INFO - ACTION=AUTH_SUCCESS USER=Nader
2026-04-17 08:28:48,246 - INFO - ACTION=AUTH_SUCCESS USER=Nader
2026-04-17 08:28:48,486 - INFO - ACTION=AUTH_SUCCESS USER=Nader
2026-04-17 08:28:48,723 - INFO - ACTION=AUTH_SUCCESS USER=Nader
2026-04-17 08:28:48,961 - INFO - ACTION=AUTH_SUCCESS USER=Nader
2026-04-17 08:28:49,201 - INFO - ACTION=AUTH_SUCCESS USER=Nader
2026-04-17 08:28:49,451 - INFO - ACTION=AUTH_SUCCESS USER=Nader
2026-04-17 08:28:49,713 - INFO - ACTION=AUTH_SUCCESS USER=Nader
2026-04-17 08:28:49,962 - INFO - ACTION=AUTH_SUCCESS USER=Nader
2026-04-17 08:28:50,209 - INFO - ACTION=AUTH_SUCCESS USER=Nader
2026-04-17 08:28:50,450 - INFO - ACTION=AUTH_SUCCESS USER=Nader
2026-04-17 08:28:50,690 - INFO - ACTION=AUTH_SUCCESS USER=Nader
2026-04-17 08:28:50,931 - INFO - ACTION=AUTH_SUCCESS USER=Nader
2026-04-17 08:28:51,174 - INFO - ACTION=AUTH_SUCCESS USER=Nader
2026-04-17 08:28:51,416 - INFO - ACTION=AUTH_SUCCESS USER=Nader
2026-04-17 08:28:51,673 - INFO - ACTION=AUTH_SUCCESS USER=Nader
2026-04-17 08:28:51,921 - INFO - ACTION=AUTH_SUCCESS USER=Nader
2026-04-17 08:28:52,175 - INFO - ACTION=AUTH_SUCCESS USER=Nader
2026-04-17 08:28:52,422 - INFO - ACTION=AUTH_SUCCESS USER=Nader
2026-04-17 08:28:52,661 - INFO - ACTION=AUTH_SUCCESS USER=Nader
2026-04-17 08:28:52,900 - INFO - ACTION=AUTH_SUCCESS USER=Nader
2026-04-17 08:28:53,153 - INFO - ACTION=AUTH_SUCCESS USER=Nader
2026-04-17 08:28:53,402 - INFO - ACTION=AUTH_SUCCESS USER=Nader
2026-04-17 08:28:53,640 - INFO - ACTION=AUTH_SUCCESS USER=Nader
2026-04-17 08:28:53,878 - INFO - ACTION=AUTH_SUCCESS USER=Nader
2026-04-17 08:28:54,129 - INFO - ACTION=AUTH_SUCCESS USER=Nader
2026-04-17 08:28:54,369 - INFO - ACTION=AUTH_SUCCESS USER=Nader
2026-04-17 08:28:54,611 - INFO - ACTION=AUTH_SUCCESS USER=Nader
2026-04-17 08:28:54,853 - INFO - ACTION=AUTH_SUCCESS USER=Nader
2026-04-17 08:28:55,109 - INFO - ACTION=AUTH_SUCCESS USER=Nader
2026-04-17 08:28:55,357 - INFO - ACTION=AUTH_SUCCESS USER=Nader
2026-04-17 08:28:55,603 - INFO - ACTION=AUTH_SUCCESS USER=Nader
2026-04-17 08:28:55,842 - INFO - ACTION=AUTH_SUCCESS USER=Nader
2026-04-17 08:28:56,096 - INFO - ACTION=AUTH_SUCCESS USER=Nader
2026-04-17 08:28:56,342 - INFO - ACTION=AUTH_SUCCESS USER=Nader
2026-04-17 08:28:56,584 - INFO - ACTION=AUTH_SUCCESS USER=Nader
2026-04-17 08:28:56,824 - INFO - ACTION=AUTH_SUCCESS USER=Nader
2026-04-17 08:28:57,068 - INFO - ACTION=AUTH_SUCCESS USER=Nader
2026-04-17 08:28:57,310 - INFO - ACTION=AUTH_SUCCESS USER=Nader
2026-04-17 08:28:57,556 - INFO - ACTION=AUTH_SUCCESS USER=Nader
2026-04-17 08:28:57,802 - INFO - ACTION=AUTH_SUCCESS USER=Nader
2026-04-17 08:28:58,047 - INFO - ACTION=AUTH_SUCCESS USER=Nader
2026-04-17 08:28:58,290 - INFO - ACTION=AUTH_SUCCESS USER=Nader
2026-04-17 08:28:58,536 - INFO - ACTION=AUTH_SUCCESS USER=Nader
2026-04-17 08:28:58,778 - INFO - ACTION=AUTH_SUCCESS USER=Nader
2026-04-17 08:28:58,800 - INFO - ACTION=AUTH_FAIL_NO_FACE USER=ANONYMOUS
2026-04-17 08:28:59,049 - INFO - ACTION=AUTH_SUCCESS USER=Nader
2026-04-17 08:28:59,295 - INFO - ACTION=AUTH_SUCCESS USER=Nader
2026-04-17 08:29:06,029 - INFO - ACTION=AUTH_SUCCESS USER=Nader
2026-04-17 08:29:06,294 - INFO - ACTION=AUTH_SUCCESS USER=Nader
2026-04-17 08:29:06,534 - INFO - ACTION=AUTH_SUCCESS USER=Nader
2026-04-17 08:29:06,778 - INFO - ACTION=AUTH_SUCCESS USER=Nader
2026-04-17 08:29:07,025 - INFO - ACTION=AUTH_SUCCESS USER=Nader
2026-04-17 08:29:07,303 - INFO - ACTION=AUTH_SUCCESS USER=Nader
2026-04-17 08:29:07,554 - INFO - ACTION=AUTH_SUCCESS USER=Nader
2026-04-17 08:29:07,796 - INFO - ACTION=AUTH_SUCCESS USER=Nader
2026-04-17 08:29:08,040 - INFO - ACTION=AUTH_SUCCESS USER=Nader
2026-04-17 08:29:08,280 - INFO - ACTION=AUTH_SUCCESS USER=Nader
2026-04-17 08:29:08,531 - INFO - ACTION=AUTH_SUCCESS USER=Nader
2026-04-17 08:29:08,768 - INFO - ACTION=AUTH_SUCCESS USER=Nader
2026-04-17 08:29:09,015 - INFO - ACTION=AUTH_SUCCESS USER=Nader
2026-04-17 08:29:09,255 - INFO - ACTION=AUTH_SUCCESS USER=Nader
2026-04-17 08:29:09,494 - INFO - ACTION=AUTH_SUCCESS USER=Nader
2026-04-17 08:29:09,746 - INFO - ACTION=AUTH_SUCCESS USER=Nader
2026-04-17 08:29:09,984 - INFO - ACTION=AUTH_SUCCESS USER=Nader
2026-04-17 08:29:10,259 - INFO - ACTION=AUTH_SUCCESS USER=Nader
2026-04-17 08:29:10,507 - INFO - ACTION=AUTH_SUCCESS USER=Nader
2026-04-17 08:29:10,745 - INFO - ACTION=AUTH_SUCCESS USER=Nader
2026-04-17 08:29:10,987 - INFO - ACTION=AUTH_SUCCESS USER=Nader
2026-04-17 08:29:11,237 - INFO - ACTION=AUTH_SUCCESS USER=Nader
2026-04-17 08:29:11,477 - INFO - ACTION=AUTH_SUCCESS USER=Nader
2026-04-17 08:29:11,720 - INFO - ACTION=AUTH_SUCCESS USER=Nader
2026-04-17 08:29:12,531 - INFO - ACTION=AUTH_SUCCESS USER=Nader
2026-04-17 08:29:12,782 - INFO - ACTION=AUTH_SUCCESS USER=Nader
2026-04-17 08:29:13,027 - INFO - ACTION=AUTH_SUCCESS USER=Nader
2026-04-17 08:29:13,268 - INFO - ACTION=AUTH_SUCCESS USER=Nader
2026-04-17 08:29:13,296 - INFO - ACTION=AUTH_FAIL_NO_FACE USER=ANONYMOUS
2026-04-17 08:29:13,499 - INFO - ACTION=AUTH_FAIL_NO_FACE USER=ANONYMOUS
2026-04-17 08:29:13,765 - INFO - ACTION=AUTH_SUCCESS USER=Nader
2026-04-17 08:29:14,011 - INFO - ACTION=AUTH_SUCCESS USER=Nader
2026-04-17 08:29:14,262 - INFO - ACTION=AUTH_SUCCESS USER=Nader
2026-04-17 08:29:14,505 - INFO - ACTION=AUTH_SUCCESS USER=Nader
2026-04-17 08:29:14,756 - INFO - ACTION=AUTH_SUCCESS USER=Nader
2026-04-17 08:29:15,015 - INFO - ACTION=AUTH_SUCCESS USER=Nader
2026-04-17 08:29:15,263 - INFO - ACTION=AUTH_SUCCESS USER=Nader
2026-04-17 08:29:15,509 - INFO - ACTION=AUTH_SUCCESS USER=Nader
2026-04-17 08:38:50,691 - INFO - ACTION=AUTH_SUCCESS USER=Nader
2026-04-17 08:38:50,993 - INFO - ACTION=AUTH_SUCCESS USER=Nader
2026-04-17 08:38:51,265 - INFO - ACTION=AUTH_SUCCESS USER=Nader
2026-04-17 08:38:51,516 - INFO - ACTION=AUTH_SUCCESS USER=Nader
2026-04-17 08:38:51,763 - INFO - ACTION=AUTH_SUCCESS USER=Nader
2026-04-17 08:38:52,010 - INFO - ACTION=AUTH_SUCCESS USER=Nader
2026-04-17 08:38:52,255 - INFO - ACTION=AUTH_SUCCESS USER=Nader
2026-04-17 08:38:52,506 - INFO - ACTION=AUTH_SUCCESS USER=Nader
2026-04-17 08:38:52,765 - INFO - ACTION=AUTH_SUCCESS USER=Nader
2026-04-17 08:38:53,017 - INFO - ACTION=AUTH_SUCCESS USER=Nader
2026-04-17 08:38:53,282 - INFO - ACTION=AUTH_SUCCESS USER=Nader
2026-04-17 08:38:53,543 - INFO - ACTION=AUTH_SUCCESS USER=Nader
2026-04-17 08:38:53,857 - INFO - ACTION=AUTH_SUCCESS USER=Nader
2026-04-17 08:38:54,113 - INFO - ACTION=AUTH_SUCCESS USER=Nader
2026-04-17 08:38:54,358 - INFO - ACTION=AUTH_SUCCESS USER=Nader
2026-04-17 08:38:54,604 - INFO - ACTION=AUTH_SUCCESS USER=Nader
2026-04-17 08:38:54,848 - INFO - ACTION=AUTH_SUCCESS USER=Nader
2026-04-17 08:38:55,101 - INFO - ACTION=AUTH_SUCCESS USER=Nader
2026-04-17 08:38:55,345 - INFO - ACTION=AUTH_SUCCESS USER=Nader
2026-04-17 08:38:55,591 - INFO - ACTION=AUTH_SUCCESS USER=Nader
2026-04-17 08:38:55,835 - INFO - ACTION=AUTH_SUCCESS USER=Nader
2026-04-17 08:38:56,078 - INFO - ACTION=AUTH_SUCCESS USER=Nader
2026-04-17 08:38:56,321 - INFO - ACTION=AUTH_SUCCESS USER=Nader
2026-04-17 08:38:56,561 - INFO - ACTION=AUTH_SUCCESS USER=Nader
2026-04-17 08:38:56,806 - INFO - ACTION=AUTH_SUCCESS USER=Nader
2026-04-17 08:38:57,063 - INFO - ACTION=AUTH_SUCCESS USER=Nader
2026-04-17 08:38:57,316 - INFO - ACTION=AUTH_SUCCESS USER=Nader
2026-04-17 08:38:57,560 - INFO - ACTION=AUTH_SUCCESS USER=Nader
2026-04-17 08:38:57,804 - INFO - ACTION=AUTH_SUCCESS USER=Nader
2026-04-17 08:38:58,051 - INFO - ACTION=AUTH_SUCCESS USER=Nader
2026-04-17 08:38:58,303 - INFO - ACTION=AUTH_SUCCESS USER=Nader
2026-04-17 08:38:58,547 - INFO - ACTION=AUTH_SUCCESS USER=Nader
2026-04-17 08:38:58,791 - INFO - ACTION=AUTH_SUCCESS USER=Nader
2026-04-17 08:38:59,032 - INFO - ACTION=AUTH_SUCCESS USER=Nader
2026-04-17 08:38:59,271 - INFO - ACTION=AUTH_SUCCESS USER=Nader
2026-04-17 08:38:59,512 - INFO - ACTION=AUTH_SUCCESS USER=Nader
2026-04-17 08:38:59,760 - INFO - ACTION=AUTH_SUCCESS USER=Nader
2026-04-17 08:39:00,022 - INFO - ACTION=AUTH_SUCCESS USER=Nader
2026-04-17 08:39:00,269 - INFO - ACTION=AUTH_SUCCESS USER=Nader
2026-04-17 08:39:00,513 - INFO - ACTION=AUTH_SUCCESS USER=Nader
2026-04-17 08:39:00,759 - INFO - ACTION=AUTH_SUCCESS USER=Nader
2026-04-17 08:39:01,012 - INFO - ACTION=AUTH_SUCCESS USER=Nader
2026-04-17 08:39:01,257 - INFO - ACTION=AUTH_SUCCESS USER=Nader
2026-04-17 08:39:03,401 - INFO - ACTION=AUTH_SUCCESS USER=Nader
2026-04-17 08:39:03,670 - INFO - ACTION=AUTH_SUCCESS USER=Nader
2026-04-17 08:39:03,923 - INFO - ACTION=AUTH_SUCCESS USER=Nader
2026-04-17 08:39:04,170 - INFO - ACTION=AUTH_SUCCESS USER=Nader
2026-04-17 08:39:04,420 - INFO - ACTION=AUTH_SUCCESS USER=Nader
2026-04-17 08:39:04,666 - INFO - ACTION=AUTH_SUCCESS USER=Nader
2026-04-17 08:39:04,912 - INFO - ACTION=AUTH_SUCCESS USER=Nader
2026-04-17 08:39:06,424 - INFO - ACTION=AUTH_SUCCESS USER=Nader
2026-04-17 08:39:06,672 - INFO - ACTION=AUTH_SUCCESS USER=Nader
2026-04-17 08:39:06,912 - INFO - ACTION=AUTH_SUCCESS USER=Nader
2026-04-17 08:39:07,162 - INFO - ACTION=AUTH_SUCCESS USER=Nader
2026-04-17 08:39:07,402 - INFO - ACTION=AUTH_SUCCESS USER=Nader
2026-04-17 08:39:07,643 - INFO - ACTION=AUTH_SUCCESS USER=Nader
2026-04-17 08:39:07,886 - INFO - ACTION=AUTH_SUCCESS USER=Nader
2026-04-17 08:39:08,129 - INFO - ACTION=AUTH_SUCCESS USER=Nader
2026-04-17 08:39:08,371 - INFO - ACTION=AUTH_SUCCESS USER=Nader
2026-04-17 08:39:08,839 - INFO - ACTION=AUTH_SUCCESS USER=Nader
2026-04-17 08:39:09,092 - INFO - ACTION=AUTH_SUCCESS USER=Nader
2026-04-17 08:39:09,343 - INFO - ACTION=AUTH_SUCCESS USER=Nader
2026-04-17 08:39:09,587 - INFO - ACTION=AUTH_SUCCESS USER=Nader
2026-04-17 08:39:09,831 - INFO - ACTION=AUTH_SUCCESS USER=Nader
2026-04-17 08:39:10,084 - INFO - ACTION=AUTH_SUCCESS USER=Nader
2026-04-17 08:39:10,336 - INFO - ACTION=AUTH_SUCCESS USER=Nader
2026-04-17 08:39:10,583 - INFO - ACTION=AUTH_SUCCESS USER=Nader
2026-04-17 08:39:10,827 - INFO - ACTION=AUTH_SUCCESS USER=Nader
2026-04-17 08:39:11,082 - INFO - ACTION=AUTH_SUCCESS USER=Nader
2026-04-17 08:39:11,343 - INFO - ACTION=AUTH_SUCCESS USER=Nader
2026-04-17 08:39:11,582 - INFO - ACTION=AUTH_SUCCESS USER=Nader
2026-04-17 08:39:11,823 - INFO - ACTION=AUTH_SUCCESS USER=Nader
2026-04-17 08:39:12,073 - INFO - ACTION=AUTH_SUCCESS USER=Nader
2026-04-17 08:39:12,317 - INFO - ACTION=AUTH_SUCCESS USER=Nader
2026-04-17 08:39:12,561 - INFO - ACTION=AUTH_SUCCESS USER=Nader
2026-04-17 08:39:12,805 - INFO - ACTION=AUTH_SUCCESS USER=Nader
2026-04-17 08:39:13,053 - INFO - ACTION=AUTH_SUCCESS USER=Nader
2026-04-17 08:39:13,304 - INFO - ACTION=AUTH_SUCCESS USER=Nader
2026-04-17 08:39:13,561 - INFO - ACTION=AUTH_SUCCESS USER=Nader
2026-04-17 08:39:13,802 - INFO - ACTION=AUTH_SUCCESS USER=Nader
2026-04-17 08:39:32,311 - INFO - ACTION=DELETE_SUCCESS USER=Nader
2026-04-17 08:39:34,826 - INFO - ACTION=AUTH_FAIL USER=ANONYMOUS
2026-04-17 08:39:35,066 - INFO - ACTION=AUTH_FAIL USER=ANONYMOUS
2026-04-17 08:39:35,305 - INFO - ACTION=AUTH_FAIL USER=ANONYMOUS
2026-04-17 08:39:35,550 - INFO - ACTION=AUTH_FAIL USER=ANONYMOUS
2026-04-17 08:39:35,791 - INFO - ACTION=AUTH_FAIL USER=ANONYMOUS
2026-04-17 08:39:36,036 - INFO - ACTION=AUTH_FAIL USER=ANONYMOUS
2026-04-17 08:39:36,277 - INFO - ACTION=AUTH_FAIL USER=ANONYMOUS
2026-04-17 08:39:36,517 - INFO - ACTION=AUTH_FAIL USER=ANONYMOUS
2026-04-17 08:39:36,758 - INFO - ACTION=AUTH_FAIL USER=ANONYMOUS
2026-04-17 08:39:36,998 - INFO - ACTION=AUTH_FAIL USER=ANONYMOUS
2026-04-17 08:39:37,237 - INFO - ACTION=AUTH_FAIL USER=ANONYMOUS
2026-04-17 08:39:37,477 - INFO - ACTION=AUTH_FAIL USER=ANONYMOUS
2026-04-17 08:39:37,717 - INFO - ACTION=AUTH_FAIL USER=ANONYMOUS
2026-04-17 08:39:37,955 - INFO - ACTION=AUTH_FAIL USER=ANONYMOUS
2026-04-17 08:39:38,194 - INFO - ACTION=AUTH_FAIL USER=ANONYMOUS
2026-04-17 08:39:38,436 - INFO - ACTION=AUTH_FAIL USER=ANONYMOUS
2026-04-17 08:39:38,677 - INFO - ACTION=AUTH_FAIL USER=ANONYMOUS
2026-04-17 08:39:38,916 - INFO - ACTION=AUTH_FAIL USER=ANONYMOUS
2026-04-17 08:39:39,156 - INFO - ACTION=AUTH_FAIL USER=ANONYMOUS
2026-04-17 08:39:39,393 - INFO - ACTION=AUTH_FAIL USER=ANONYMOUS
2026-04-17 08:39:39,631 - INFO - ACTION=AUTH_FAIL USER=ANONYMOUS
2026-04-17 08:39:39,965 - INFO - ACTION=AUTH_FAIL USER=ANONYMOUS
2026-04-17 08:39:40,206 - INFO - ACTION=AUTH_FAIL USER=ANONYMOUS
2026-04-17 08:39:40,452 - INFO - ACTION=AUTH_FAIL USER=ANONYMOUS
2026-04-17 08:39:40,691 - INFO - ACTION=AUTH_FAIL USER=ANONYMOUS
2026-04-17 08:39:40,935 - INFO - ACTION=AUTH_FAIL USER=ANONYMOUS
2026-04-17 08:39:41,178 - INFO - ACTION=AUTH_FAIL USER=ANONYMOUS
2026-04-17 08:39:41,416 - INFO - ACTION=AUTH_FAIL USER=ANONYMOUS
2026-04-17 08:39:41,664 - INFO - ACTION=AUTH_FAIL USER=ANONYMOUS
2026-04-17 08:39:41,904 - INFO - ACTION=AUTH_FAIL USER=ANONYMOUS
2026-04-17 08:39:42,143 - INFO - ACTION=AUTH_FAIL USER=ANONYMOUS
2026-04-17 08:39:42,382 - INFO - ACTION=AUTH_FAIL USER=ANONYMOUS
2026-04-17 08:39:42,624 - INFO - ACTION=AUTH_FAIL USER=ANONYMOUS
2026-04-17 08:39:42,863 - INFO - ACTION=AUTH_FAIL USER=ANONYMOUS
2026-04-17 08:39:43,101 - INFO - ACTION=AUTH_FAIL USER=ANONYMOUS
2026-04-17 08:39:43,345 - INFO - ACTION=AUTH_FAIL USER=ANONYMOUS
2026-04-17 08:39:43,583 - INFO - ACTION=AUTH_FAIL USER=ANONYMOUS
2026-04-17 08:39:43,822 - INFO - ACTION=AUTH_FAIL USER=ANONYMOUS
2026-04-17 08:39:44,060 - INFO - ACTION=AUTH_FAIL USER=ANONYMOUS
2026-04-17 08:39:44,301 - INFO - ACTION=AUTH_FAIL USER=ANONYMOUS
2026-04-17 08:39:44,553 - INFO - ACTION=AUTH_FAIL USER=ANONYMOUS
2026-04-17 08:39:44,797 - INFO - ACTION=AUTH_FAIL USER=ANONYMOUS
2026-04-17 08:39:45,040 - INFO - ACTION=AUTH_FAIL USER=ANONYMOUS
2026-04-17 08:39:45,281 - INFO - ACTION=AUTH_FAIL USER=ANONYMOUS
2026-04-17 08:39:45,522 - INFO - ACTION=AUTH_FAIL USER=ANONYMOUS
2026-04-17 08:39:45,762 - INFO - ACTION=AUTH_FAIL USER=ANONYMOUS
2026-04-17 08:39:46,002 - INFO - ACTION=AUTH_FAIL USER=ANONYMOUS
2026-04-17 08:39:46,314 - INFO - ACTION=AUTH_FAIL USER=ANONYMOUS
2026-04-17 08:39:46,576 - INFO - ACTION=AUTH_FAIL USER=ANONYMOUS
2026-04-17 08:39:46,817 - INFO - ACTION=AUTH_FAIL USER=ANONYMOUS
2026-04-17 08:39:47,062 - INFO - ACTION=AUTH_FAIL USER=ANONYMOUS
2026-04-17 08:39:47,306 - INFO - ACTION=AUTH_FAIL USER=ANONYMOUS
2026-04-17 08:39:47,547 - INFO - ACTION=AUTH_FAIL USER=ANONYMOUS
2026-04-17 08:39:47,790 - INFO - ACTION=AUTH_FAIL USER=ANONYMOUS
2026-04-17 08:39:48,030 - INFO - ACTION=AUTH_FAIL USER=ANONYMOUS
2026-04-17 08:39:48,277 - INFO - ACTION=AUTH_FAIL USER=ANONYMOUS
2026-04-17 08:39:48,562 - INFO - ACTION=AUTH_FAIL USER=ANONYMOUS
2026-04-17 08:39:48,802 - INFO - ACTION=AUTH_FAIL USER=ANONYMOUS
2026-04-17 08:39:49,040 - INFO - ACTION=AUTH_FAIL USER=ANONYMOUS
2026-04-17 08:39:49,280 - INFO - ACTION=AUTH_FAIL USER=ANONYMOUS
2026-04-17 08:39:49,521 - INFO - ACTION=AUTH_FAIL USER=ANONYMOUS
2026-04-17 08:39:49,762 - INFO - ACTION=AUTH_FAIL USER=ANONYMOUS
2026-04-17 08:39:50,000 - INFO - ACTION=AUTH_FAIL USER=ANONYMOUS
2026-04-17 08:39:50,241 - INFO - ACTION=AUTH_FAIL USER=ANONYMOUS
2026-04-17 08:39:50,478 - INFO - ACTION=AUTH_FAIL USER=ANONYMOUS
2026-04-17 08:39:50,723 - INFO - ACTION=ENROLL_SUCCESS USER=Nader
2026-04-17 08:39:50,991 - INFO - ACTION=AUTH_SUCCESS USER=Nader
2026-04-17 08:39:51,248 - INFO - ACTION=AUTH_SUCCESS USER=Nader
2026-04-17 08:39:51,489 - INFO - ACTION=AUTH_SUCCESS USER=Nader
2026-04-17 08:39:51,728 - INFO - ACTION=AUTH_SUCCESS USER=Nader
2026-04-17 08:39:51,968 - INFO - ACTION=AUTH_SUCCESS USER=Nader
2026-04-17 08:39:52,221 - INFO - ACTION=AUTH_SUCCESS USER=Nader
2026-04-17 08:39:52,461 - INFO - ACTION=AUTH_SUCCESS USER=Nader
2026-04-17 08:39:52,700 - INFO - ACTION=AUTH_SUCCESS USER=Nader
2026-04-17 08:39:52,942 - INFO - ACTION=AUTH_SUCCESS USER=Nader
2026-04-17 08:39:53,193 - INFO - ACTION=AUTH_SUCCESS USER=Nader
2026-04-17 08:39:53,432 - INFO - ACTION=AUTH_SUCCESS USER=Nader
2026-04-17 08:39:53,678 - INFO - ACTION=AUTH_SUCCESS USER=Nader
2026-04-17 08:39:53,919 - INFO - ACTION=AUTH_SUCCESS USER=Nader
2026-04-17 08:39:54,173 - INFO - ACTION=AUTH_SUCCESS USER=Nader
2026-04-17 08:39:54,412 - INFO - ACTION=AUTH_SUCCESS USER=Nader
2026-04-17 08:39:54,654 - INFO - ACTION=AUTH_SUCCESS USER=Nader
2026-04-17 08:39:54,892 - INFO - ACTION=AUTH_SUCCESS USER=Nader
2026-04-17 08:39:55,141 - INFO - ACTION=AUTH_SUCCESS USER=Nader
2026-04-17 08:39:55,388 - INFO - ACTION=AUTH_SUCCESS USER=Nader
2026-04-17 08:39:55,632 - INFO - ACTION=AUTH_SUCCESS USER=Nader
2026-04-17 08:39:55,872 - INFO - ACTION=AUTH_SUCCESS USER=Nader
2026-04-17 08:39:56,115 - INFO - ACTION=AUTH_SUCCESS USER=Nader
2026-04-17 08:39:56,356 - INFO - ACTION=AUTH_SUCCESS USER=Nader
2026-04-17 08:39:56,597 - INFO - ACTION=AUTH_SUCCESS USER=Nader
2026-04-17 08:39:56,838 - INFO - ACTION=AUTH_SUCCESS USER=Nader
2026-04-17 08:39:57,083 - INFO - ACTION=AUTH_SUCCESS USER=Nader
2026-04-17 08:39:57,328 - INFO - ACTION=AUTH_SUCCESS USER=Nader
2026-04-17 08:39:57,574 - INFO - ACTION=AUTH_SUCCESS USER=Nader
2026-04-17 08:39:57,816 - INFO - ACTION=AUTH_SUCCESS USER=Nader
2026-04-17 08:39:58,073 - INFO - ACTION=AUTH_SUCCESS USER=Nader
2026-04-17 08:39:58,314 - INFO - ACTION=AUTH_SUCCESS USER=Nader
2026-04-17 08:39:58,558 - INFO - ACTION=AUTH_SUCCESS USER=Nader
2026-04-17 08:39:58,799 - INFO - ACTION=AUTH_SUCCESS USER=Nader
2026-04-17 08:39:59,041 - INFO - ACTION=AUTH_SUCCESS USER=Nader
2026-04-17 08:39:59,280 - INFO - ACTION=AUTH_SUCCESS USER=Nader
2026-04-17 08:39:59,519 - INFO - ACTION=AUTH_SUCCESS USER=Nader
2026-04-17 08:39:59,757 - INFO - ACTION=AUTH_SUCCESS USER=Nader
2026-04-17 08:40:00,023 - INFO - ACTION=AUTH_SUCCESS USER=Nader
2026-04-17 08:40:00,263 - INFO - ACTION=AUTH_SUCCESS USER=Nader
2026-04-17 08:40:00,501 - INFO - ACTION=AUTH_SUCCESS USER=Nader
2026-04-17 08:40:00,743 - INFO - ACTION=AUTH_SUCCESS USER=Nader
2026-04-17 08:40:00,984 - INFO - ACTION=AUTH_SUCCESS USER=Nader
2026-04-17 08:40:01,232 - INFO - ACTION=AUTH_SUCCESS USER=Nader
2026-04-17 08:40:01,475 - INFO - ACTION=AUTH_SUCCESS USER=Nader
2026-04-17 08:40:01,717 - INFO - ACTION=AUTH_SUCCESS USER=Nader
2026-04-17 08:40:01,961 - INFO - ACTION=AUTH_SUCCESS USER=Nader
2026-04-17 08:40:02,217 - INFO - ACTION=AUTH_SUCCESS USER=Nader
2026-04-17 08:40:02,458 - INFO - ACTION=AUTH_SUCCESS USER=Nader
2026-04-17 08:40:02,696 - INFO - ACTION=AUTH_SUCCESS USER=Nader
2026-04-17 08:40:03,125 - INFO - ACTION=AUTH_SUCCESS USER=Nader
2026-04-17 08:40:03,379 - INFO - ACTION=AUTH_SUCCESS USER=Nader
2026-04-17 08:40:03,622 - INFO - ACTION=AUTH_SUCCESS USER=Nader
2026-04-17 08:40:03,861 - INFO - ACTION=AUTH_SUCCESS USER=Nader
2026-04-17 08:40:04,109 - INFO - ACTION=AUTH_SUCCESS USER=Nader
2026-04-17 08:40:04,347 - INFO - ACTION=AUTH_SUCCESS USER=Nader
2026-04-17 08:40:04,585 - INFO - ACTION=AUTH_SUCCESS USER=Nader
2026-04-17 08:40:04,824 - INFO - ACTION=AUTH_SUCCESS USER=Nader
2026-04-17 08:59:00,920 - INFO - ACTION=AUTH_SUCCESS USER=Nader
2026-04-17 08:59:01,236 - INFO - ACTION=AUTH_SUCCESS USER=Nader
2026-04-17 08:59:01,484 - INFO - ACTION=AUTH_SUCCESS USER=Nader
2026-04-17 08:59:01,726 - INFO - ACTION=AUTH_SUCCESS USER=Nader
2026-04-17 08:59:01,972 - INFO - ACTION=AUTH_SUCCESS USER=Nader
2026-04-17 08:59:02,216 - INFO - ACTION=AUTH_SUCCESS USER=Nader
2026-04-17 08:59:02,465 - INFO - ACTION=AUTH_SUCCESS USER=Nader
2026-04-17 08:59:02,711 - INFO - ACTION=AUTH_SUCCESS USER=Nader
2026-04-17 08:59:02,964 - INFO - ACTION=AUTH_SUCCESS USER=Nader
2026-04-17 08:59:03,222 - INFO - ACTION=AUTH_SUCCESS USER=Nader
2026-04-17 08:59:03,470 - INFO - ACTION=AUTH_SUCCESS USER=Nader
2026-04-17 08:59:03,728 - INFO - ACTION=AUTH_SUCCESS USER=Nader
2026-04-17 08:59:04,069 - INFO - ACTION=AUTH_SUCCESS USER=Nader
2026-04-17 08:59:04,313 - INFO - ACTION=AUTH_SUCCESS USER=Nader
2026-04-17 08:59:04,557 - INFO - ACTION=AUTH_SUCCESS USER=Nader
2026-04-17 08:59:04,802 - INFO - ACTION=AUTH_SUCCESS USER=Nader
2026-04-17 08:59:05,052 - INFO - ACTION=AUTH_SUCCESS USER=Nader
2026-04-17 08:59:05,296 - INFO - ACTION=AUTH_SUCCESS USER=Nader
2026-04-17 08:59:05,558 - INFO - ACTION=AUTH_SUCCESS USER=Nader
2026-04-17 08:59:05,803 - INFO - ACTION=AUTH_SUCCESS USER=Nader
2026-04-17 08:59:06,054 - INFO - ACTION=AUTH_SUCCESS USER=Nader
2026-04-17 08:59:06,301 - INFO - ACTION=AUTH_SUCCESS USER=Nader
2026-04-17 08:59:06,547 - INFO - ACTION=AUTH_SUCCESS USER=Nader
2026-04-17 08:59:06,793 - INFO - ACTION=AUTH_SUCCESS USER=Nader
2026-04-17 08:59:07,050 - INFO - ACTION=AUTH_SUCCESS USER=Nader
2026-04-17 08:59:07,297 - INFO - ACTION=AUTH_SUCCESS USER=Nader
2026-04-17 08:59:07,578 - INFO - ACTION=AUTH_SUCCESS USER=Nader
2026-04-17 08:59:07,825 - INFO - ACTION=AUTH_SUCCESS USER=Nader
2026-04-17 08:59:08,072 - INFO - ACTION=AUTH_SUCCESS USER=Nader
2026-04-17 08:59:08,316 - INFO - ACTION=AUTH_SUCCESS USER=Nader
2026-04-17 08:59:08,560 - INFO - ACTION=AUTH_SUCCESS USER=Nader
2026-04-17 08:59:08,805 - INFO - ACTION=AUTH_SUCCESS USER=Nader
2026-04-17 08:59:09,057 - INFO - ACTION=AUTH_SUCCESS USER=Nader
2026-04-17 08:59:09,300 - INFO - ACTION=AUTH_SUCCESS USER=Nader
2026-04-17 08:59:09,559 - INFO - ACTION=AUTH_SUCCESS USER=Nader
2026-04-17 08:59:09,801 - INFO - ACTION=AUTH_SUCCESS USER=Nader
2026-04-17 08:59:10,046 - INFO - ACTION=AUTH_SUCCESS USER=Nader
2026-04-17 08:59:10,286 - INFO - ACTION=AUTH_SUCCESS USER=Nader
2026-04-17 08:59:10,528 - INFO - ACTION=AUTH_SUCCESS USER=Nader
2026-04-17 08:59:10,769 - INFO - ACTION=AUTH_SUCCESS USER=Nader
2026-04-17 08:59:11,020 - INFO - ACTION=AUTH_SUCCESS USER=Nader
2026-04-17 08:59:11,271 - INFO - ACTION=AUTH_SUCCESS USER=Nader
2026-04-17 08:59:11,516 - INFO - ACTION=AUTH_SUCCESS USER=Nader
2026-04-17 08:59:11,764 - INFO - ACTION=AUTH_SUCCESS USER=Nader
2026-04-17 08:59:12,024 - INFO - ACTION=AUTH_SUCCESS USER=Nader
2026-04-17 08:59:12,271 - INFO - ACTION=AUTH_SUCCESS USER=Nader
2026-04-17 08:59:12,520 - INFO - ACTION=AUTH_SUCCESS USER=Nader
2026-04-17 08:59:12,780 - INFO - ACTION=AUTH_SUCCESS USER=Nader
2026-04-17 08:59:13,042 - INFO - ACTION=AUTH_SUCCESS USER=Nader
2026-04-17 08:59:13,291 - INFO - ACTION=AUTH_SUCCESS USER=Nader
2026-04-17 08:59:13,538 - INFO - ACTION=AUTH_SUCCESS USER=Nader
2026-04-17 08:59:13,787 - INFO - ACTION=AUTH_SUCCESS USER=Nader
2026-04-17 08:59:14,037 - INFO - ACTION=AUTH_SUCCESS USER=Nader
2026-04-17 08:59:14,278 - INFO - ACTION=AUTH_SUCCESS USER=Nader
2026-04-17 08:59:14,535 - INFO - ACTION=AUTH_SUCCESS USER=Nader
2026-04-17 08:59:14,797 - INFO - ACTION=AUTH_SUCCESS USER=Nader
2026-04-17 08:59:15,061 - INFO - ACTION=AUTH_SUCCESS USER=Nader
2026-04-17 08:59:15,315 - INFO - ACTION=AUTH_SUCCESS USER=Nader
2026-04-17 08:59:15,562 - INFO - ACTION=AUTH_SUCCESS USER=Nader
2026-04-17 08:59:15,808 - INFO - ACTION=AUTH_SUCCESS USER=Nader
2026-04-17 08:59:16,071 - INFO - ACTION=AUTH_SUCCESS USER=Nader
2026-04-17 08:59:16,315 - INFO - ACTION=AUTH_SUCCESS USER=Nader
2026-04-17 08:59:16,561 - INFO - ACTION=AUTH_SUCCESS USER=Nader
2026-04-17 08:59:16,814 - INFO - ACTION=AUTH_SUCCESS USER=Nader
2026-04-17 08:59:17,071 - INFO - ACTION=AUTH_SUCCESS USER=Nader
2026-04-17 08:59:17,319 - INFO - ACTION=AUTH_SUCCESS USER=Nader
2026-04-17 08:59:17,564 - INFO - ACTION=AUTH_SUCCESS USER=Nader
2026-04-17 08:59:17,817 - INFO - ACTION=AUTH_SUCCESS USER=Nader
2026-04-17 08:59:18,067 - INFO - ACTION=AUTH_SUCCESS USER=Nader
2026-04-17 08:59:18,313 - INFO - ACTION=AUTH_SUCCESS USER=Nader
2026-04-17 08:59:18,558 - INFO - ACTION=AUTH_SUCCESS USER=Nader
2026-04-17 08:59:18,802 - INFO - ACTION=AUTH_SUCCESS USER=Nader
2026-04-17 08:59:19,048 - INFO - ACTION=AUTH_SUCCESS USER=Nader
2026-04-17 08:59:19,293 - INFO - ACTION=AUTH_SUCCESS USER=Nader
2026-04-17 08:59:19,543 - INFO - ACTION=AUTH_SUCCESS USER=Nader
2026-04-17 08:59:19,792 - INFO - ACTION=AUTH_SUCCESS USER=Nader
2026-04-17 08:59:20,044 - INFO - ACTION=AUTH_SUCCESS USER=Nader
2026-04-17 08:59:20,288 - INFO - ACTION=AUTH_SUCCESS USER=Nader
2026-04-17 08:59:20,537 - INFO - ACTION=AUTH_SUCCESS USER=Nader
2026-04-17 08:59:20,783 - INFO - ACTION=AUTH_SUCCESS USER=Nader
2026-04-17 08:59:21,341 - INFO - ACTION=AUTH_SUCCESS USER=Nader
2026-04-17 08:59:21,585 - INFO - ACTION=AUTH_SUCCESS USER=Nader
2026-04-17 08:59:21,834 - INFO - ACTION=AUTH_SUCCESS USER=Nader
2026-04-17 08:59:22,096 - INFO - ACTION=AUTH_SUCCESS USER=Nader
2026-04-17 08:59:22,348 - INFO - ACTION=AUTH_SUCCESS USER=Nader
2026-04-17 08:59:22,593 - INFO - ACTION=AUTH_SUCCESS USER=Nader
2026-04-17 08:59:22,837 - INFO - ACTION=AUTH_SUCCESS USER=Nader
2026-04-17 08:59:23,084 - INFO - ACTION=AUTH_SUCCESS USER=Nader
2026-04-17 08:59:23,344 - INFO - ACTION=AUTH_SUCCESS USER=Nader
2026-04-17 08:59:23,587 - INFO - ACTION=AUTH_SUCCESS USER=Nader
2026-04-17 08:59:23,836 - INFO - ACTION=AUTH_SUCCESS USER=Nader
2026-04-17 08:59:24,086 - INFO - ACTION=AUTH_SUCCESS USER=Nader
2026-04-17 08:59:24,336 - INFO - ACTION=AUTH_SUCCESS USER=Nader
2026-04-17 08:59:24,580 - INFO - ACTION=AUTH_SUCCESS USER=Nader
2026-04-17 08:59:24,823 - INFO - ACTION=AUTH_SUCCESS USER=Nader
2026-04-17 08:59:25,072 - INFO - ACTION=AUTH_SUCCESS USER=Nader
2026-04-17 08:59:25,318 - INFO - ACTION=AUTH_SUCCESS USER=Nader
2026-04-17 08:59:25,577 - INFO - ACTION=AUTH_SUCCESS USER=Nader
2026-04-17 08:59:25,822 - INFO - ACTION=AUTH_SUCCESS USER=Nader
2026-04-17 08:59:26,070 - INFO - ACTION=AUTH_SUCCESS USER=Nader
2026-04-17 08:59:26,319 - INFO - ACTION=AUTH_SUCCESS USER=Nader
2026-04-17 08:59:26,564 - INFO - ACTION=AUTH_SUCCESS USER=Nader
2026-04-17 08:59:26,825 - INFO - ACTION=AUTH_SUCCESS USER=Nader
2026-04-17 08:59:27,084 - INFO - ACTION=AUTH_SUCCESS USER=Nader
2026-04-17 08:59:27,329 - INFO - ACTION=AUTH_SUCCESS USER=Nader
2026-04-17 08:59:27,583 - INFO - ACTION=AUTH_SUCCESS USER=Nader
2026-04-17 08:59:27,834 - INFO - ACTION=AUTH_SUCCESS USER=Nader
2026-04-17 08:59:28,095 - INFO - ACTION=AUTH_SUCCESS USER=Nader
2026-04-17 08:59:28,344 - INFO - ACTION=AUTH_SUCCESS USER=Nader
2026-04-17 08:59:28,593 - INFO - ACTION=AUTH_SUCCESS USER=Nader
2026-04-17 08:59:28,843 - INFO - ACTION=AUTH_SUCCESS USER=Nader
2026-04-17 08:59:29,094 - INFO - ACTION=AUTH_SUCCESS USER=Nader
2026-04-17 08:59:29,346 - INFO - ACTION=AUTH_SUCCESS USER=Nader
2026-04-17 08:59:29,601 - INFO - ACTION=AUTH_SUCCESS USER=Nader
2026-04-17 08:59:29,853 - INFO - ACTION=AUTH_SUCCESS USER=Nader
2026-04-17 08:59:30,116 - INFO - ACTION=AUTH_SUCCESS USER=Nader
2026-04-17 08:59:30,369 - INFO - ACTION=AUTH_SUCCESS USER=Nader
2026-04-17 08:59:30,621 - INFO - ACTION=AUTH_SUCCESS USER=Nader
2026-04-17 08:59:30,872 - INFO - ACTION=AUTH_SUCCESS USER=Nader
2026-04-17 08:59:31,120 - INFO - ACTION=AUTH_SUCCESS USER=Nader
2026-04-17 08:59:31,508 - INFO - ACTION=AUTH_SUCCESS USER=Nader
2026-04-17 08:59:31,807 - INFO - ACTION=AUTH_SUCCESS USER=Nader
2026-04-17 08:59:32,063 - INFO - ACTION=AUTH_SUCCESS USER=Nader
2026-04-17 08:59:32,310 - INFO - ACTION=AUTH_SUCCESS USER=Nader
2026-04-17 08:59:32,558 - INFO - ACTION=AUTH_SUCCESS USER=Nader
2026-04-17 09:02:31,164 - INFO - AUTH_SUCCESS Nader
2026-04-17 09:02:31,557 - INFO - AUTH_SUCCESS Nader
2026-04-17 09:02:31,806 - INFO - AUTH_SUCCESS Nader
2026-04-17 09:02:32,064 - INFO - AUTH_SUCCESS Nader
2026-04-17 09:02:32,317 - INFO - AUTH_SUCCESS Nader
2026-04-17 09:02:32,561 - INFO - AUTH_SUCCESS Nader
2026-04-17 09:02:32,808 - INFO - AUTH_SUCCESS Nader
2026-04-17 09:02:33,065 - INFO - AUTH_SUCCESS Nader
2026-04-17 09:02:33,318 - INFO - AUTH_SUCCESS Nader
2026-04-17 09:02:33,571 - INFO - AUTH_SUCCESS Nader
2026-04-17 09:02:33,822 - INFO - AUTH_SUCCESS Nader
2026-04-17 09:02:34,074 - INFO - AUTH_SUCCESS Nader
2026-04-17 09:02:34,323 - INFO - AUTH_SUCCESS Nader
2026-04-17 09:02:34,568 - INFO - AUTH_SUCCESS Nader
2026-04-17 09:02:34,813 - INFO - AUTH_SUCCESS Nader
2026-04-17 09:02:35,067 - INFO - AUTH_SUCCESS Nader
2026-04-17 09:02:35,349 - INFO - AUTH_SUCCESS Nader
2026-04-17 09:02:35,596 - INFO - AUTH_SUCCESS Nader
2026-04-17 09:02:35,846 - INFO - AUTH_SUCCESS Nader
2026-04-17 09:02:36,103 - INFO - AUTH_SUCCESS Nader
2026-04-17 09:02:36,353 - INFO - AUTH_SUCCESS Nader
2026-04-17 09:02:36,600 - INFO - AUTH_SUCCESS Nader
2026-04-17 09:02:36,850 - INFO - AUTH_SUCCESS Nader
2026-04-17 09:02:37,107 - INFO - AUTH_SUCCESS Nader
2026-04-17 09:02:37,358 - INFO - AUTH_SUCCESS Nader
2026-04-17 09:02:37,605 - INFO - AUTH_SUCCESS Nader
2026-04-17 09:02:37,851 - INFO - AUTH_SUCCESS Nader
2026-04-17 09:02:38,098 - INFO - AUTH_SUCCESS Nader
2026-04-17 09:02:38,342 - INFO - AUTH_SUCCESS Nader
2026-04-17 09:02:38,590 - INFO - AUTH_SUCCESS Nader
2026-04-17 09:02:38,837 - INFO - AUTH_SUCCESS Nader
2026-04-17 09:02:39,086 - INFO - AUTH_SUCCESS Nader
2026-04-17 09:02:39,333 - INFO - AUTH_SUCCESS Nader
2026-04-17 09:02:39,577 - INFO - AUTH_SUCCESS Nader
2026-04-17 09:02:39,836 - INFO - AUTH_SUCCESS Nader
2026-04-17 09:02:40,189 - INFO - AUTH_SUCCESS Nader
2026-04-17 09:02:40,436 - INFO - AUTH_SUCCESS Nader
2026-04-17 09:02:40,684 - INFO - AUTH_SUCCESS Nader
2026-04-17 09:02:40,930 - INFO - AUTH_SUCCESS Nader
2026-04-17 09:02:41,181 - INFO - AUTH_SUCCESS Nader
2026-04-17 09:02:41,426 - INFO - AUTH_SUCCESS Nader
2026-04-17 09:02:41,668 - INFO - AUTH_SUCCESS Nader
2026-04-17 09:02:41,915 - INFO - AUTH_SUCCESS Nader
2026-04-17 09:02:42,167 - INFO - AUTH_SUCCESS Nader
2026-04-17 09:02:42,410 - INFO - AUTH_SUCCESS Nader
2026-04-17 09:02:42,657 - INFO - AUTH_SUCCESS Nader
2026-04-17 09:02:42,903 - INFO - AUTH_SUCCESS Nader
2026-04-17 09:02:43,160 - INFO - AUTH_SUCCESS Nader
2026-04-17 09:02:43,406 - INFO - AUTH_SUCCESS Nader
2026-04-17 09:02:43,652 - INFO - AUTH_SUCCESS Nader
2026-04-17 09:02:43,894 - INFO - AUTH_SUCCESS Nader
2026-04-17 09:02:44,151 - INFO - AUTH_SUCCESS Nader
2026-04-17 09:02:44,397 - INFO - AUTH_SUCCESS Nader
2026-04-17 09:02:44,641 - INFO - AUTH_SUCCESS Nader
2026-04-17 09:02:44,889 - INFO - AUTH_SUCCESS Nader
2026-04-17 09:02:45,321 - INFO - AUTH_SUCCESS Nader
2026-04-17 09:02:45,570 - INFO - AUTH_SUCCESS Nader
2026-04-17 09:02:45,819 - INFO - AUTH_SUCCESS Nader
2026-04-17 09:02:46,068 - INFO - AUTH_SUCCESS Nader
2026-04-17 09:14:55,751 - INFO - AUTH_SUCCESS Nader
2026-04-17 09:14:56,054 - INFO - AUTH_SUCCESS Nader
2026-04-17 09:14:56,299 - INFO - AUTH_SUCCESS Nader
2026-04-17 09:14:56,546 - INFO - AUTH_SUCCESS Nader
2026-04-17 09:14:56,793 - INFO - AUTH_SUCCESS Nader
2026-04-17 09:14:57,043 - INFO - AUTH_SUCCESS Nader
2026-04-17 09:14:57,285 - INFO - AUTH_SUCCESS Nader
2026-04-17 09:14:57,537 - INFO - AUTH_SUCCESS Nader
2026-04-17 09:14:57,784 - INFO - AUTH_SUCCESS Nader
2026-04-17 09:14:58,031 - INFO - AUTH_SUCCESS Nader
2026-04-17 09:14:58,293 - INFO - AUTH_SUCCESS Nader
2026-04-17 09:14:58,542 - INFO - AUTH_SUCCESS Nader
2026-04-17 09:14:58,785 - INFO - AUTH_SUCCESS Nader
2026-04-17 09:15:09,804 - INFO - AUTH_SUCCESS Nader
2026-04-17 09:15:10,084 - INFO - AUTH_SUCCESS Nader
2026-04-17 09:15:10,352 - INFO - AUTH_SUCCESS Nader
2026-04-17 09:15:10,614 - INFO - AUTH_SUCCESS Nader
2026-04-17 09:15:10,865 - INFO - AUTH_SUCCESS Nader
2026-04-17 09:15:11,120 - INFO - AUTH_SUCCESS Nader
2026-04-17 09:15:11,376 - INFO - AUTH_SUCCESS Nader
2026-04-17 09:15:11,648 - INFO - AUTH_SUCCESS Nader
2026-04-17 09:15:11,939 - INFO - AUTH_SUCCESS Nader
2026-04-17 09:15:12,194 - INFO - AUTH_SUCCESS Nader
2026-04-17 09:15:12,443 - INFO - AUTH_SUCCESS Nader
2026-04-17 09:15:12,694 - INFO - AUTH_SUCCESS Nader
2026-04-17 09:15:12,950 - INFO - AUTH_SUCCESS Nader
2026-04-17 09:15:13,214 - INFO - AUTH_SUCCESS Nader
2026-04-17 09:15:13,465 - INFO - AUTH_SUCCESS Nader
2026-04-17 09:15:13,713 - INFO - AUTH_SUCCESS Nader
2026-04-17 09:15:13,956 - INFO - AUTH_SUCCESS Nader
2026-04-17 09:15:14,208 - INFO - AUTH_SUCCESS Nader
2026-04-17 09:15:14,455 - INFO - AUTH_SUCCESS Nader
2026-04-17 09:15:14,942 - INFO - AUTH_SUCCESS Nader
2026-04-17 09:15:15,419 - INFO - AUTH_SUCCESS Nader
2026-04-17 09:15:15,909 - INFO - AUTH_SUCCESS Nader
2026-04-17 09:15:16,382 - INFO - AUTH_SUCCESS Nader
2026-04-17 09:15:16,809 - INFO - AUTH_SUCCESS Nader
2026-04-17 09:15:17,284 - INFO - AUTH_SUCCESS Nader
2026-04-17 09:15:17,778 - INFO - AUTH_SUCCESS Nader
2026-04-17 09:15:18,265 - INFO - AUTH_SUCCESS Nader
2026-04-17 09:15:18,720 - INFO - AUTH_SUCCESS Nader
2026-04-17 09:15:19,189 - INFO - AUTH_SUCCESS Nader
2026-04-17 09:15:19,662 - INFO - AUTH_SUCCESS Nader
2026-04-17 09:15:20,156 - INFO - AUTH_SUCCESS Nader
2026-04-17 09:15:20,623 - INFO - AUTH_SUCCESS Nader
2026-04-17 09:15:21,097 - INFO - AUTH_SUCCESS Nader
2026-04-17 09:15:21,656 - INFO - AUTH_SUCCESS Nader
2026-04-17 09:15:22,153 - INFO - AUTH_SUCCESS Nader
2026-04-17 09:15:22,648 - INFO - AUTH_SUCCESS Nader
2026-04-17 09:15:23,121 - INFO - AUTH_SUCCESS Nader
2026-04-17 09:15:23,599 - INFO - AUTH_SUCCESS Nader
2026-04-17 09:15:24,073 - INFO - AUTH_SUCCESS Nader
2026-04-17 09:15:24,359 - INFO - AUTH_SUCCESS Nader
2026-04-17 09:15:24,615 - INFO - AUTH_SUCCESS Nader
2026-04-17 09:15:24,870 - INFO - AUTH_SUCCESS Nader
2026-04-17 09:15:25,125 - INFO - AUTH_SUCCESS Nader
2026-04-17 09:15:25,381 - INFO - AUTH_SUCCESS Nader
2026-04-17 09:15:25,636 - INFO - AUTH_SUCCESS Nader
2026-04-17 09:15:25,890 - INFO - AUTH_SUCCESS Nader
2026-04-17 09:15:26,157 - INFO - AUTH_SUCCESS Nader
2026-04-17 09:15:26,405 - INFO - AUTH_SUCCESS Nader
2026-04-17 09:15:26,660 - INFO - AUTH_SUCCESS Nader
2026-04-17 09:15:26,910 - INFO - AUTH_SUCCESS Nader
2026-04-17 09:15:27,169 - INFO - AUTH_SUCCESS Nader
2026-04-17 09:15:27,419 - INFO - AUTH_SUCCESS Nader
2026-04-17 09:15:27,676 - INFO - AUTH_SUCCESS Nader
2026-04-17 09:15:27,992 - INFO - AUTH_SUCCESS Nader
2026-04-17 09:15:28,246 - INFO - AUTH_SUCCESS Nader
2026-04-17 09:15:28,498 - INFO - AUTH_SUCCESS Nader
2026-04-17 09:15:28,762 - INFO - AUTH_SUCCESS Nader
2026-04-17 09:15:29,015 - INFO - AUTH_SUCCESS Nader
2026-04-17 09:15:29,266 - INFO - AUTH_SUCCESS Nader
2026-04-17 09:15:29,516 - INFO - AUTH_SUCCESS Nader
2026-04-17 09:15:29,766 - INFO - AUTH_SUCCESS Nader
2026-04-17 09:15:30,020 - INFO - AUTH_SUCCESS Nader
2026-04-17 09:15:30,282 - INFO - AUTH_SUCCESS Nader
2026-04-17 09:15:30,530 - INFO - AUTH_SUCCESS Nader
2026-04-17 09:15:30,779 - INFO - AUTH_SUCCESS Nader
2026-04-17 09:15:31,029 - INFO - AUTH_SUCCESS Nader
2026-04-17 09:15:31,278 - INFO - AUTH_SUCCESS Nader
2026-04-17 09:15:31,527 - INFO - AUTH_SUCCESS Nader
2026-04-17 09:15:31,793 - INFO - AUTH_SUCCESS Nader
2026-04-17 09:15:32,052 - INFO - AUTH_SUCCESS Nader
2026-04-17 09:15:32,300 - INFO - AUTH_SUCCESS Nader
2026-04-17 09:15:32,547 - INFO - AUTH_SUCCESS Nader
2026-04-17 09:15:32,795 - INFO - AUTH_SUCCESS Nader
2026-04-17 09:15:33,045 - INFO - AUTH_SUCCESS Nader
2026-04-17 09:15:33,296 - INFO - AUTH_SUCCESS Nader
2026-04-17 09:15:33,546 - INFO - AUTH_SUCCESS Nader
2026-04-17 09:15:33,797 - INFO - AUTH_SUCCESS Nader
2026-04-17 09:15:34,048 - INFO - AUTH_SUCCESS Nader
2026-04-17 09:15:34,306 - INFO - AUTH_SUCCESS Nader
2026-04-17 09:15:34,555 - INFO - AUTH_SUCCESS Nader
2026-04-17 09:15:34,806 - INFO - AUTH_SUCCESS Nader
2026-04-17 09:15:35,067 - INFO - AUTH_SUCCESS Nader
2026-04-17 09:15:35,323 - INFO - AUTH_SUCCESS Nader
2026-04-17 09:15:35,571 - INFO - AUTH_SUCCESS Nader
2026-04-17 09:15:35,818 - INFO - AUTH_SUCCESS Nader
2026-04-17 09:15:36,074 - INFO - AUTH_SUCCESS Nader
2026-04-17 09:15:36,323 - INFO - AUTH_SUCCESS Nader
2026-04-17 09:15:36,577 - INFO - AUTH_SUCCESS Nader
2026-04-17 09:15:36,826 - INFO - AUTH_SUCCESS Nader
2026-04-17 09:15:37,089 - INFO - AUTH_SUCCESS Nader
2026-04-17 09:15:37,349 - INFO - AUTH_SUCCESS Nader
2026-04-17 09:15:37,599 - INFO - AUTH_SUCCESS Nader
2026-04-17 09:15:37,849 - INFO - AUTH_SUCCESS Nader
2026-04-17 09:15:38,100 - INFO - AUTH_SUCCESS Nader
2026-04-17 09:15:38,362 - INFO - AUTH_SUCCESS Nader
2026-04-17 09:15:38,611 - INFO - AUTH_SUCCESS Nader
2026-04-17 09:15:38,859 - INFO - AUTH_SUCCESS Nader
2026-04-17 09:15:39,113 - INFO - AUTH_SUCCESS Nader
2026-04-17 09:15:39,426 - INFO - AUTH_SUCCESS Nader
2026-04-17 09:15:39,691 - INFO - AUTH_SUCCESS Nader
2026-04-17 09:15:39,936 - INFO - AUTH_SUCCESS Nader
2026-04-17 09:15:40,186 - INFO - AUTH_SUCCESS Nader
2026-04-17 09:15:40,433 - INFO - AUTH_SUCCESS Nader
2026-04-17 09:15:40,679 - INFO - AUTH_SUCCESS Nader
2026-04-17 09:15:40,922 - INFO - AUTH_SUCCESS Nader
2026-04-17 09:15:41,167 - INFO - AUTH_SUCCESS Nader
2026-04-17 09:15:41,411 - INFO - AUTH_SUCCESS Nader
2026-04-17 09:15:41,653 - INFO - AUTH_SUCCESS Nader
2026-04-17 09:15:41,895 - INFO - AUTH_SUCCESS Nader
2026-04-17 09:15:42,141 - INFO - AUTH_SUCCESS Nader
2026-04-17 09:15:42,385 - INFO - AUTH_SUCCESS Nader
2026-04-17 09:15:42,641 - INFO - AUTH_SUCCESS Nader
2026-04-17 09:15:42,908 - INFO - AUTH_SUCCESS Nader
2026-04-17 09:15:43,150 - INFO - AUTH_SUCCESS Nader
2026-04-17 09:15:43,395 - INFO - AUTH_SUCCESS Nader
2026-04-17 09:15:43,641 - INFO - AUTH_SUCCESS Nader
2026-04-17 09:15:43,883 - INFO - AUTH_SUCCESS Nader
2026-04-17 09:15:44,135 - INFO - AUTH_SUCCESS Nader
2026-04-17 09:15:44,381 - INFO - AUTH_SUCCESS Nader
2026-04-17 09:15:44,624 - INFO - AUTH_SUCCESS Nader
2026-04-17 09:15:44,867 - INFO - AUTH_SUCCESS Nader
2026-04-17 09:15:45,116 - INFO - AUTH_SUCCESS Nader
2026-04-17 09:15:45,367 - INFO - AUTH_SUCCESS Nader
2026-04-17 09:15:45,608 - INFO - AUTH_SUCCESS Nader
2026-04-17 09:15:45,853 - INFO - AUTH_SUCCESS Nader
2026-04-17 09:15:46,110 - INFO - AUTH_SUCCESS Nader
2026-04-17 09:15:46,353 - INFO - AUTH_SUCCESS Nader
2026-04-17 09:15:46,594 - INFO - AUTH_SUCCESS Nader
2026-04-17 09:15:46,840 - INFO - AUTH_SUCCESS Nader
2026-04-17 09:15:47,084 - INFO - AUTH_SUCCESS Nader
2026-04-17 09:15:47,325 - INFO - AUTH_SUCCESS Nader
2026-04-17 09:15:47,571 - INFO - AUTH_SUCCESS Nader
2026-04-17 09:15:47,819 - INFO - AUTH_SUCCESS Nader
2026-04-17 09:15:48,073 - INFO - AUTH_SUCCESS Nader
2026-04-17 09:15:48,323 - INFO - AUTH_SUCCESS Nader
2026-04-17 09:15:48,576 - INFO - AUTH_SUCCESS Nader
2026-04-17 09:15:48,822 - INFO - AUTH_SUCCESS Nader
2026-04-17 09:15:49,081 - INFO - AUTH_SUCCESS Nader
2026-04-17 09:15:49,330 - INFO - AUTH_SUCCESS Nader
2026-04-17 09:15:49,581 - INFO - AUTH_SUCCESS Nader
2026-04-17 09:15:49,835 - INFO - AUTH_SUCCESS Nader
2026-04-17 09:15:50,093 - INFO - AUTH_SUCCESS Nader
2026-04-17 09:15:50,344 - INFO - AUTH_SUCCESS Nader
2026-04-17 09:15:50,591 - INFO - AUTH_SUCCESS Nader
2026-04-17 09:16:01,806 - INFO - AUTH_SUCCESS Nader
2026-04-17 09:16:02,072 - INFO - AUTH_SUCCESS Nader
2026-04-17 09:16:02,324 - INFO - AUTH_SUCCESS Nader
2026-04-17 09:16:02,569 - INFO - AUTH_SUCCESS Nader
2026-04-17 09:16:02,811 - INFO - AUTH_SUCCESS Nader
2026-04-17 09:16:03,068 - INFO - AUTH_SUCCESS Nader
2026-04-17 09:16:03,312 - INFO - AUTH_SUCCESS Nader
2026-04-17 09:16:03,556 - INFO - AUTH_SUCCESS Nader
2026-04-17 09:16:03,797 - INFO - AUTH_SUCCESS Nader
2026-04-17 09:16:04,056 - INFO - AUTH_SUCCESS Nader
2026-04-17 09:16:04,302 - INFO - AUTH_SUCCESS Nader
2026-04-17 09:16:04,545 - INFO - AUTH_SUCCESS Nader
2026-04-17 09:16:04,787 - INFO - AUTH_SUCCESS Nader
2026-04-17 09:16:05,039 - INFO - AUTH_SUCCESS Nader
2026-04-17 09:16:05,284 - INFO - AUTH_SUCCESS Nader
2026-04-17 09:16:05,531 - INFO - AUTH_SUCCESS Nader
2026-04-17 09:16:05,780 - INFO - AUTH_SUCCESS Nader
2026-04-17 09:16:06,079 - INFO - AUTH_SUCCESS Nader
2026-04-17 09:16:06,571 - INFO - AUTH_SUCCESS Nader
2026-04-17 09:16:06,966 - INFO - AUTH_SUCCESS Nader
2026-04-17 09:16:07,433 - INFO - AUTH_SUCCESS Nader
2026-04-17 09:16:07,822 - INFO - AUTH_SUCCESS Nader
2026-04-17 09:16:08,283 - INFO - AUTH_SUCCESS Nader
2026-04-17 09:16:08,763 - INFO - AUTH_SUCCESS Nader
2026-04-17 09:16:09,228 - INFO - AUTH_SUCCESS Nader
2026-04-17 09:16:09,720 - INFO - AUTH_SUCCESS Nader
2026-04-17 09:16:10,204 - INFO - AUTH_SUCCESS Nader
2026-04-17 09:16:10,674 - INFO - AUTH_SUCCESS Nader
2026-04-17 09:16:11,179 - INFO - AUTH_SUCCESS Nader
2026-04-17 09:16:11,657 - INFO - AUTH_SUCCESS Nader
2026-04-17 09:16:12,151 - INFO - AUTH_SUCCESS Nader
2026-04-17 09:16:12,636 - INFO - AUTH_SUCCESS Nader
2026-04-17 09:16:13,166 - INFO - AUTH_SUCCESS Nader
2026-04-17 09:16:13,666 - INFO - AUTH_SUCCESS Nader
2026-04-17 09:16:14,168 - INFO - AUTH_SUCCESS Nader
2026-04-17 09:16:14,642 - INFO - AUTH_SUCCESS Nader
2026-04-17 09:16:15,108 - INFO - AUTH_SUCCESS Nader
2026-04-17 09:16:15,553 - INFO - AUTH_SUCCESS Nader
2026-04-17 09:16:16,005 - INFO - AUTH_SUCCESS Nader
2026-04-17 09:16:16,442 - INFO - AUTH_SUCCESS Nader
2026-04-17 09:16:16,875 - INFO - AUTH_SUCCESS Nader
2026-04-17 09:16:17,352 - INFO - AUTH_SUCCESS Nader
2026-04-17 09:16:17,815 - INFO - AUTH_SUCCESS Nader
2026-04-17 09:16:18,299 - INFO - AUTH_SUCCESS Nader
2026-04-17 09:16:18,746 - INFO - AUTH_SUCCESS Nader
2026-04-17 09:16:19,258 - INFO - AUTH_SUCCESS Nader
2026-04-17 09:16:19,744 - INFO - AUTH_SUCCESS Nader
2026-04-17 09:16:20,265 - INFO - AUTH_SUCCESS Nader
2026-04-17 09:16:20,733 - INFO - AUTH_SUCCESS Nader
2026-04-17 09:16:21,191 - INFO - AUTH_SUCCESS Nader
2026-04-17 09:16:21,709 - INFO - AUTH_SUCCESS Nader
2026-04-17 09:16:22,244 - INFO - AUTH_SUCCESS Nader
2026-04-17 09:16:22,737 - INFO - AUTH_SUCCESS Nader
2026-04-17 09:16:22,998 - INFO - AUTH_SUCCESS Nader
2026-04-17 09:16:23,246 - INFO - AUTH_SUCCESS Nader
2026-04-17 09:16:23,493 - INFO - AUTH_SUCCESS Nader
2026-04-17 09:16:23,738 - INFO - AUTH_SUCCESS Nader
2026-04-17 09:16:23,982 - INFO - AUTH_SUCCESS Nader
2026-04-17 09:16:24,230 - INFO - AUTH_SUCCESS Nader
2026-04-17 09:16:24,475 - INFO - AUTH_SUCCESS Nader
2026-04-17 09:16:24,724 - INFO - AUTH_SUCCESS Nader
2026-04-17 09:16:24,968 - INFO - AUTH_SUCCESS Nader
2026-04-17 09:16:25,213 - INFO - AUTH_SUCCESS Nader
2026-04-17 09:16:25,457 - INFO - AUTH_SUCCESS Nader
2026-04-17 09:16:25,709 - INFO - AUTH_SUCCESS Nader
2026-04-17 09:16:25,956 - INFO - AUTH_SUCCESS Nader
2026-04-17 09:16:26,204 - INFO - AUTH_SUCCESS Nader
2026-04-17 09:16:26,459 - INFO - AUTH_SUCCESS Nader
2026-04-17 09:16:26,714 - INFO - AUTH_SUCCESS Nader
2026-04-17 09:16:26,970 - INFO - AUTH_SUCCESS Nader
2026-04-17 09:16:27,224 - INFO - AUTH_SUCCESS Nader
2026-04-17 09:16:27,473 - INFO - AUTH_SUCCESS Nader
2026-04-17 09:16:27,723 - INFO - AUTH_SUCCESS Nader
2026-04-17 09:16:27,970 - INFO - AUTH_SUCCESS Nader
2026-04-17 09:16:28,224 - INFO - AUTH_SUCCESS Nader
2026-04-17 09:16:28,484 - INFO - AUTH_SUCCESS Nader
2026-04-17 09:16:28,742 - INFO - AUTH_SUCCESS Nader
2026-04-17 09:16:29,003 - INFO - AUTH_SUCCESS Nader
2026-04-17 09:16:29,262 - INFO - AUTH_SUCCESS Nader
2026-04-17 09:16:29,523 - INFO - AUTH_SUCCESS Nader
2026-04-17 09:16:29,782 - INFO - AUTH_SUCCESS Nader
2026-04-17 09:16:30,045 - INFO - AUTH_SUCCESS Nader
2026-04-17 09:16:30,437 - INFO - AUTH_SUCCESS Nader
2026-04-17 09:16:30,688 - INFO - AUTH_SUCCESS Nader
2026-04-17 09:16:30,951 - INFO - AUTH_SUCCESS Nader
2026-04-17 09:16:31,218 - INFO - AUTH_SUCCESS Nader
2026-04-17 09:16:31,474 - INFO - AUTH_SUCCESS Nader
2026-04-17 09:16:31,736 - INFO - AUTH_SUCCESS Nader
2026-04-17 09:16:31,989 - INFO - AUTH_SUCCESS Nader
2026-04-17 09:16:32,235 - INFO - AUTH_SUCCESS Nader
2026-04-17 09:16:32,482 - INFO - AUTH_SUCCESS Nader
2026-04-17 09:16:32,729 - INFO - AUTH_SUCCESS Nader
2026-04-17 09:16:32,974 - INFO - AUTH_SUCCESS Nader
2026-04-17 09:16:33,230 - INFO - AUTH_SUCCESS Nader
2026-04-17 09:16:33,479 - INFO - AUTH_SUCCESS Nader
2026-04-17 09:16:33,728 - INFO - AUTH_SUCCESS Nader
2026-04-17 09:16:33,977 - INFO - AUTH_SUCCESS Nader
2026-04-17 09:16:34,239 - INFO - AUTH_SUCCESS Nader
2026-04-17 09:16:34,484 - INFO - AUTH_SUCCESS Nader
2026-04-17 09:16:34,731 - INFO - AUTH_SUCCESS Nader
2026-04-17 09:16:34,978 - INFO - AUTH_SUCCESS Nader
2026-04-17 09:16:35,226 - INFO - AUTH_SUCCESS Nader
2026-04-17 09:16:35,474 - INFO - AUTH_SUCCESS Nader
2026-04-17 09:16:35,745 - INFO - AUTH_SUCCESS Nader
2026-04-17 09:16:36,035 - INFO - AUTH_SUCCESS Nader
2026-04-17 09:16:36,290 - INFO - AUTH_SUCCESS Nader
2026-04-17 09:16:36,548 - INFO - AUTH_SUCCESS Nader
2026-04-17 09:16:36,797 - INFO - AUTH_SUCCESS Nader
2026-04-17 09:16:37,055 - INFO - AUTH_SUCCESS Nader
2026-04-17 09:16:37,299 - INFO - AUTH_SUCCESS Nader
2026-04-17 09:16:37,315 - INFO - DELETE_SUCCESS Nader
2026-04-17 09:16:37,576 - INFO - AUTH_FAIL ANONYMOUS
2026-04-17 09:16:37,828 - INFO - AUTH_FAIL ANONYMOUS
2026-04-17 09:16:38,102 - INFO - AUTH_FAIL ANONYMOUS
2026-04-17 09:16:38,349 - INFO - AUTH_FAIL ANONYMOUS
2026-04-17 09:16:38,593 - INFO - AUTH_FAIL ANONYMOUS
2026-04-17 09:16:38,859 - INFO - AUTH_FAIL ANONYMOUS
2026-04-17 09:16:39,180 - INFO - AUTH_FAIL ANONYMOUS
2026-04-17 09:16:39,488 - INFO - AUTH_FAIL ANONYMOUS
2026-04-17 09:16:39,740 - INFO - AUTH_FAIL ANONYMOUS
2026-04-17 09:16:40,026 - INFO - AUTH_FAIL ANONYMOUS
2026-04-17 09:16:40,386 - INFO - AUTH_FAIL ANONYMOUS
2026-04-17 09:16:40,708 - INFO - AUTH_FAIL ANONYMOUS
2026-04-17 09:16:41,027 - INFO - AUTH_FAIL ANONYMOUS
2026-04-17 09:16:41,306 - INFO - AUTH_FAIL ANONYMOUS
2026-04-17 09:16:41,716 - INFO - AUTH_FAIL ANONYMOUS
2026-04-17 09:16:41,994 - INFO - AUTH_FAIL ANONYMOUS
2026-04-17 09:16:42,238 - INFO - AUTH_FAIL ANONYMOUS
2026-04-17 09:16:42,482 - INFO - AUTH_FAIL ANONYMOUS
2026-04-17 09:16:42,726 - INFO - AUTH_FAIL ANONYMOUS
2026-04-17 09:16:42,972 - INFO - AUTH_FAIL ANONYMOUS
2026-04-17 09:16:43,218 - INFO - AUTH_FAIL ANONYMOUS
2026-04-17 09:16:43,463 - INFO - AUTH_FAIL ANONYMOUS
2026-04-17 09:16:43,709 - INFO - AUTH_FAIL ANONYMOUS
2026-04-17 09:16:43,957 - INFO - AUTH_FAIL ANONYMOUS
2026-04-17 09:16:44,199 - INFO - AUTH_FAIL ANONYMOUS
2026-04-17 09:16:44,445 - INFO - AUTH_FAIL ANONYMOUS
2026-04-17 09:16:44,691 - INFO - AUTH_FAIL ANONYMOUS
2026-04-17 09:16:44,938 - INFO - AUTH_FAIL ANONYMOUS
2026-04-17 09:16:45,181 - INFO - AUTH_FAIL ANONYMOUS
2026-04-17 09:16:45,426 - INFO - AUTH_FAIL ANONYMOUS
2026-04-17 09:16:45,674 - INFO - AUTH_FAIL ANONYMOUS
2026-04-17 09:16:45,931 - INFO - AUTH_FAIL ANONYMOUS
2026-04-17 09:16:46,181 - INFO - AUTH_FAIL ANONYMOUS
2026-04-17 09:16:46,429 - INFO - AUTH_FAIL ANONYMOUS
2026-04-17 09:16:46,676 - INFO - AUTH_FAIL ANONYMOUS
2026-04-17 09:16:46,924 - INFO - AUTH_FAIL ANONYMOUS
2026-04-17 09:16:47,179 - INFO - AUTH_FAIL ANONYMOUS
2026-04-17 09:16:47,434 - INFO - AUTH_FAIL ANONYMOUS
2026-04-17 09:16:47,736 - INFO - AUTH_FAIL ANONYMOUS
2026-04-17 09:16:48,010 - INFO - AUTH_FAIL ANONYMOUS
2026-04-17 09:16:48,276 - INFO - AUTH_FAIL ANONYMOUS
2026-04-17 09:16:48,539 - INFO - AUTH_FAIL ANONYMOUS
2026-04-17 09:16:48,796 - INFO - AUTH_FAIL ANONYMOUS
2026-04-17 09:16:49,045 - INFO - AUTH_FAIL ANONYMOUS
2026-04-17 09:16:49,294 - INFO - AUTH_FAIL ANONYMOUS
2026-04-17 09:16:49,559 - INFO - AUTH_FAIL ANONYMOUS
2026-04-17 09:16:49,803 - INFO - AUTH_FAIL ANONYMOUS
2026-04-17 09:16:50,055 - INFO - AUTH_FAIL ANONYMOUS
2026-04-17 09:16:50,305 - INFO - AUTH_FAIL ANONYMOUS
2026-04-17 09:16:50,555 - INFO - AUTH_FAIL ANONYMOUS
2026-04-17 09:16:50,802 - INFO - AUTH_FAIL ANONYMOUS
2026-04-17 09:16:51,052 - INFO - AUTH_FAIL ANONYMOUS
2026-04-17 09:16:51,299 - INFO - AUTH_FAIL ANONYMOUS
2026-04-17 09:16:51,547 - INFO - AUTH_FAIL ANONYMOUS
2026-04-17 09:16:51,798 - INFO - AUTH_FAIL ANONYMOUS
2026-04-17 09:16:52,049 - INFO - AUTH_FAIL ANONYMOUS
2026-04-17 09:16:52,296 - INFO - AUTH_FAIL ANONYMOUS
2026-04-17 09:16:52,540 - INFO - AUTH_FAIL ANONYMOUS
2026-04-17 09:16:52,870 - INFO - AUTH_FAIL ANONYMOUS
2026-04-17 09:16:53,351 - INFO - AUTH_FAIL ANONYMOUS
2026-04-17 09:16:53,830 - INFO - AUTH_FAIL ANONYMOUS
2026-04-17 09:16:54,302 - INFO - AUTH_FAIL ANONYMOUS
2026-04-17 09:16:54,800 - INFO - AUTH_FAIL ANONYMOUS
2026-04-17 09:16:55,269 - INFO - AUTH_FAIL ANONYMOUS
2026-04-17 09:16:55,796 - INFO - AUTH_FAIL ANONYMOUS
2026-04-17 09:16:56,288 - INFO - AUTH_FAIL ANONYMOUS
2026-04-17 09:16:56,802 - INFO - AUTH_FAIL ANONYMOUS
2026-04-17 09:16:57,295 - INFO - AUTH_FAIL ANONYMOUS
2026-04-17 09:16:57,742 - INFO - AUTH_FAIL ANONYMOUS
2026-04-17 09:16:58,252 - INFO - AUTH_FAIL ANONYMOUS
2026-04-17 09:16:58,713 - INFO - AUTH_FAIL ANONYMOUS
2026-04-17 09:16:59,163 - INFO - AUTH_FAIL ANONYMOUS
2026-04-17 09:16:59,493 - INFO - AUTH_FAIL ANONYMOUS
2026-04-17 09:16:59,856 - INFO - AUTH_FAIL ANONYMOUS
2026-04-17 09:17:00,272 - INFO - AUTH_FAIL ANONYMOUS
2026-04-17 09:17:00,857 - INFO - AUTH_FAIL ANONYMOUS
2026-04-17 09:17:01,472 - INFO - AUTH_FAIL ANONYMOUS
2026-04-17 09:17:02,110 - INFO - AUTH_FAIL ANONYMOUS
2026-04-17 09:17:02,635 - INFO - AUTH_FAIL ANONYMOUS
2026-04-17 09:17:03,116 - INFO - AUTH_FAIL ANONYMOUS
2026-04-17 09:17:03,579 - INFO - AUTH_FAIL ANONYMOUS
2026-04-17 09:17:04,049 - INFO - AUTH_FAIL ANONYMOUS
2026-04-17 09:17:04,519 - INFO - AUTH_FAIL ANONYMOUS
2026-04-17 09:17:04,985 - INFO - AUTH_FAIL ANONYMOUS
2026-04-17 09:17:05,481 - INFO - AUTH_FAIL ANONYMOUS
2026-04-17 09:17:05,993 - INFO - AUTH_FAIL ANONYMOUS
2026-04-17 09:17:06,459 - INFO - AUTH_FAIL ANONYMOUS
2026-04-17 09:17:06,944 - INFO - AUTH_FAIL ANONYMOUS
2026-04-17 09:17:07,419 - INFO - AUTH_FAIL ANONYMOUS
2026-04-17 09:17:07,866 - INFO - AUTH_FAIL ANONYMOUS
2026-04-17 09:17:08,325 - INFO - AUTH_FAIL ANONYMOUS
2026-04-17 09:17:08,810 - INFO - AUTH_FAIL ANONYMOUS
2026-04-17 09:17:09,304 - INFO - AUTH_FAIL ANONYMOUS
2026-04-17 09:17:09,776 - INFO - AUTH_FAIL ANONYMOUS
2026-04-17 09:17:10,274 - INFO - AUTH_FAIL ANONYMOUS
2026-04-17 09:17:10,749 - INFO - AUTH_FAIL ANONYMOUS
2026-04-17 09:17:11,249 - INFO - AUTH_FAIL ANONYMOUS
2026-04-17 09:17:11,739 - INFO - AUTH_FAIL ANONYMOUS
2026-04-17 09:17:12,182 - INFO - AUTH_FAIL ANONYMOUS
2026-04-17 09:17:12,658 - INFO - AUTH_FAIL ANONYMOUS
2026-04-17 09:17:13,111 - INFO - AUTH_FAIL ANONYMOUS
2026-04-17 09:17:13,601 - INFO - AUTH_FAIL ANONYMOUS
2026-04-17 09:17:14,058 - INFO - AUTH_FAIL ANONYMOUS
2026-04-17 09:17:14,568 - INFO - AUTH_FAIL ANONYMOUS
2026-04-17 09:17:15,063 - INFO - AUTH_FAIL ANONYMOUS
2026-04-17 09:17:15,587 - INFO - AUTH_FAIL ANONYMOUS
2026-04-17 09:17:16,090 - INFO - AUTH_FAIL ANONYMOUS
2026-04-17 09:17:16,594 - INFO - AUTH_FAIL ANONYMOUS
2026-04-17 09:17:20,189 - INFO - AUTH_FAIL ANONYMOUS
2026-04-17 09:17:20,667 - INFO - AUTH_FAIL ANONYMOUS
2026-04-17 09:17:21,161 - INFO - AUTH_FAIL ANONYMOUS
2026-04-17 09:17:21,642 - INFO - AUTH_FAIL ANONYMOUS
2026-04-17 09:17:22,105 - INFO - AUTH_FAIL ANONYMOUS
2026-04-17 09:17:22,583 - INFO - AUTH_FAIL ANONYMOUS
2026-04-17 09:17:23,034 - INFO - AUTH_FAIL ANONYMOUS
2026-04-17 09:17:23,543 - INFO - AUTH_FAIL ANONYMOUS
2026-04-17 09:17:24,014 - INFO - AUTH_FAIL ANONYMOUS
2026-04-17 09:17:24,508 - INFO - AUTH_FAIL ANONYMOUS
2026-04-17 09:17:24,993 - INFO - AUTH_FAIL ANONYMOUS
2026-04-17 09:17:25,492 - INFO - AUTH_FAIL ANONYMOUS
2026-04-17 09:17:25,986 - INFO - AUTH_FAIL ANONYMOUS
2026-04-17 09:17:26,499 - INFO - AUTH_FAIL ANONYMOUS
2026-04-17 09:17:26,990 - INFO - AUTH_FAIL ANONYMOUS
2026-04-17 09:17:27,490 - INFO - AUTH_FAIL ANONYMOUS
2026-04-17 09:17:27,975 - INFO - AUTH_FAIL ANONYMOUS
2026-04-17 09:17:28,453 - INFO - AUTH_FAIL ANONYMOUS
2026-04-17 09:17:29,002 - INFO - AUTH_FAIL ANONYMOUS
2026-04-17 09:17:29,470 - INFO - AUTH_FAIL ANONYMOUS
2026-04-17 09:17:29,956 - INFO - AUTH_FAIL ANONYMOUS
2026-04-17 09:17:30,443 - INFO - AUTH_FAIL ANONYMOUS
2026-04-17 09:17:30,919 - INFO - AUTH_FAIL ANONYMOUS
2026-04-17 09:17:31,466 - INFO - AUTH_FAIL ANONYMOUS
2026-04-17 09:17:31,996 - INFO - AUTH_FAIL ANONYMOUS
2026-04-17 09:17:32,507 - INFO - AUTH_FAIL ANONYMOUS
2026-04-17 09:17:32,992 - INFO - AUTH_FAIL ANONYMOUS
2026-04-17 09:17:33,472 - INFO - AUTH_FAIL ANONYMOUS
2026-04-17 09:18:02,495 - INFO - AUTH_FAIL ANONYMOUS
2026-04-17 09:18:02,766 - INFO - AUTH_FAIL ANONYMOUS
2026-04-17 09:18:03,359 - INFO - AUTH_FAIL ANONYMOUS
2026-04-17 09:18:03,608 - INFO - AUTH_FAIL ANONYMOUS
2026-04-17 09:18:03,859 - INFO - AUTH_FAIL ANONYMOUS
2026-04-17 09:18:04,116 - INFO - AUTH_FAIL ANONYMOUS
2026-04-17 09:18:04,368 - INFO - AUTH_FAIL ANONYMOUS
2026-04-17 09:18:04,622 - INFO - AUTH_FAIL ANONYMOUS
2026-04-17 09:18:04,873 - INFO - AUTH_FAIL ANONYMOUS
2026-04-17 09:18:05,123 - INFO - AUTH_FAIL ANONYMOUS
2026-04-17 09:18:05,372 - INFO - AUTH_FAIL ANONYMOUS
2026-04-17 09:18:05,631 - INFO - AUTH_FAIL ANONYMOUS
2026-04-17 09:18:05,882 - INFO - AUTH_FAIL ANONYMOUS
2026-04-17 09:18:06,134 - INFO - AUTH_FAIL ANONYMOUS
2026-04-17 09:18:06,385 - INFO - AUTH_FAIL ANONYMOUS
2026-04-17 09:18:06,637 - INFO - AUTH_FAIL ANONYMOUS
2026-04-17 09:18:06,891 - INFO - AUTH_FAIL ANONYMOUS
2026-04-17 09:18:07,141 - INFO - AUTH_FAIL ANONYMOUS
2026-04-17 09:18:07,393 - INFO - AUTH_FAIL ANONYMOUS
2026-04-17 09:18:07,641 - INFO - AUTH_FAIL ANONYMOUS
2026-04-17 09:18:07,892 - INFO - AUTH_FAIL ANONYMOUS
2026-04-17 09:18:08,143 - INFO - AUTH_FAIL ANONYMOUS
2026-04-17 09:18:08,396 - INFO - AUTH_FAIL ANONYMOUS
2026-04-17 09:18:08,649 - INFO - AUTH_FAIL ANONYMOUS
2026-04-17 09:18:08,900 - INFO - AUTH_FAIL ANONYMOUS
2026-04-17 09:18:09,155 - INFO - AUTH_FAIL ANONYMOUS
2026-04-17 09:18:09,406 - INFO - AUTH_FAIL ANONYMOUS
2026-04-17 09:18:09,662 - INFO - AUTH_FAIL ANONYMOUS
2026-04-17 09:18:09,917 - INFO - AUTH_FAIL ANONYMOUS
2026-04-17 09:18:10,168 - INFO - AUTH_FAIL ANONYMOUS
2026-04-17 09:18:10,421 - INFO - AUTH_FAIL ANONYMOUS
2026-04-17 09:18:10,674 - INFO - AUTH_FAIL ANONYMOUS
2026-04-17 09:18:10,924 - INFO - AUTH_FAIL ANONYMOUS
2026-04-17 09:18:11,175 - INFO - AUTH_FAIL ANONYMOUS
2026-04-17 09:18:11,430 - INFO - AUTH_FAIL ANONYMOUS
2026-04-17 09:18:11,683 - INFO - AUTH_FAIL ANONYMOUS
2026-04-17 09:18:11,936 - INFO - AUTH_FAIL ANONYMOUS
2026-04-17 09:18:12,188 - INFO - AUTH_FAIL ANONYMOUS
2026-04-17 09:18:12,438 - INFO - AUTH_FAIL ANONYMOUS
2026-04-17 09:18:12,688 - INFO - AUTH_FAIL ANONYMOUS
2026-04-17 09:18:12,951 - INFO - AUTH_FAIL ANONYMOUS
2026-04-17 09:18:13,203 - INFO - AUTH_FAIL ANONYMOUS
2026-04-17 09:18:13,455 - INFO - AUTH_FAIL ANONYMOUS
2026-04-17 09:18:13,707 - INFO - AUTH_FAIL ANONYMOUS
2026-04-17 09:18:13,959 - INFO - AUTH_FAIL ANONYMOUS
2026-04-17 09:18:14,213 - INFO - AUTH_FAIL ANONYMOUS
2026-04-17 09:18:14,469 - INFO - AUTH_FAIL ANONYMOUS
2026-04-17 09:18:14,719 - INFO - AUTH_FAIL ANONYMOUS
2026-04-17 09:18:14,971 - INFO - AUTH_FAIL ANONYMOUS
2026-04-17 09:18:15,223 - INFO - AUTH_FAIL ANONYMOUS
2026-04-17 09:18:15,476 - INFO - AUTH_FAIL ANONYMOUS
2026-04-17 09:18:15,732 - INFO - AUTH_FAIL ANONYMOUS
2026-04-17 09:18:16,003 - INFO - AUTH_FAIL ANONYMOUS
2026-04-17 09:18:16,253 - INFO - AUTH_FAIL ANONYMOUS
2026-04-17 09:18:16,504 - INFO - AUTH_FAIL ANONYMOUS
2026-04-17 09:18:16,755 - INFO - AUTH_FAIL ANONYMOUS
2026-04-17 09:18:17,010 - INFO - AUTH_FAIL ANONYMOUS
2026-04-17 09:18:17,309 - INFO - AUTH_FAIL ANONYMOUS
2026-04-17 09:18:17,573 - INFO - AUTH_FAIL ANONYMOUS
2026-04-17 09:18:17,829 - INFO - AUTH_FAIL ANONYMOUS
2026-04-17 09:18:18,082 - INFO - AUTH_FAIL ANONYMOUS
2026-04-17 09:18:18,340 - INFO - AUTH_FAIL ANONYMOUS
2026-04-17 09:18:18,593 - INFO - AUTH_FAIL ANONYMOUS
2026-04-17 09:18:18,842 - INFO - AUTH_FAIL ANONYMOUS
2026-04-17 09:18:19,096 - INFO - AUTH_FAIL ANONYMOUS
2026-04-17 09:18:19,363 - INFO - AUTH_FAIL ANONYMOUS
2026-04-17 09:18:19,608 - INFO - AUTH_FAIL ANONYMOUS
2026-04-17 09:18:19,855 - INFO - AUTH_FAIL ANONYMOUS
2026-04-17 09:18:20,213 - INFO - AUTH_FAIL ANONYMOUS
2026-04-17 09:21:40,964 - INFO - AUTH_FAIL ANONYMOUS
2026-04-17 09:21:41,394 - INFO - AUTH_FAIL ANONYMOUS
2026-04-17 09:21:41,657 - INFO - AUTH_FAIL ANONYMOUS
2026-04-17 09:21:41,935 - INFO - AUTH_FAIL ANONYMOUS
2026-04-17 09:21:42,204 - INFO - AUTH_FAIL ANONYMOUS
2026-04-17 09:21:42,477 - INFO - AUTH_FAIL ANONYMOUS
2026-04-17 09:21:42,739 - INFO - AUTH_FAIL ANONYMOUS
2026-04-17 09:21:43,011 - INFO - AUTH_FAIL ANONYMOUS
2026-04-17 09:21:43,267 - INFO - AUTH_FAIL ANONYMOUS
2026-04-17 09:21:43,530 - INFO - AUTH_FAIL ANONYMOUS
2026-04-17 09:21:43,832 - INFO - AUTH_FAIL ANONYMOUS
2026-04-17 09:21:44,100 - INFO - AUTH_FAIL ANONYMOUS
2026-04-17 09:21:44,349 - INFO - AUTH_FAIL ANONYMOUS
2026-04-17 09:21:44,598 - INFO - AUTH_FAIL ANONYMOUS
2026-04-17 09:21:44,847 - INFO - AUTH_FAIL ANONYMOUS
2026-04-17 09:21:45,095 - INFO - AUTH_FAIL ANONYMOUS
2026-04-17 09:21:45,432 - INFO - AUTH_FAIL ANONYMOUS
2026-04-17 09:21:46,066 - INFO - AUTH_FAIL ANONYMOUS
2026-04-17 09:21:46,655 - INFO - AUTH_FAIL ANONYMOUS
2026-04-17 09:21:47,151 - INFO - AUTH_FAIL ANONYMOUS
2026-04-17 09:21:47,581 - INFO - AUTH_FAIL ANONYMOUS
2026-04-17 09:21:48,165 - INFO - AUTH_FAIL ANONYMOUS
2026-04-17 09:21:48,465 - INFO - AUTH_FAIL ANONYMOUS
2026-04-17 09:21:48,727 - INFO - ENROLL_SUCCESS Nader
2026-04-17 09:21:49,000 - INFO - AUTH_SUCCESS Nader
2026-04-17 09:21:49,281 - INFO - AUTH_SUCCESS Nader
2026-04-17 09:21:49,555 - INFO - AUTH_SUCCESS Nader
2026-04-17 09:21:49,806 - INFO - AUTH_SUCCESS Nader
2026-04-17 09:21:50,061 - INFO - AUTH_SUCCESS Nader
2026-04-17 09:21:50,310 - INFO - AUTH_SUCCESS Nader
2026-04-17 09:21:50,563 - INFO - AUTH_SUCCESS Nader
2026-04-17 09:21:50,818 - INFO - AUTH_SUCCESS Nader
2026-04-17 09:21:51,058 - INFO - AUTH_SUCCESS Nader
2026-04-17 09:21:51,314 - INFO - AUTH_SUCCESS Nader
2026-04-17 09:21:51,600 - INFO - AUTH_SUCCESS Nader
2026-04-17 09:21:51,939 - INFO - AUTH_SUCCESS Nader
2026-04-17 09:21:52,214 - INFO - AUTH_SUCCESS Nader
2026-04-17 09:21:52,540 - INFO - AUTH_SUCCESS Nader
2026-04-17 09:21:52,984 - INFO - AUTH_SUCCESS Nader
2026-04-17 09:21:53,453 - INFO - AUTH_SUCCESS Nader
2026-04-17 09:21:54,176 - INFO - AUTH_SUCCESS Nader
2026-04-17 09:21:54,893 - INFO - AUTH_SUCCESS Nader
2026-04-17 09:21:55,366 - INFO - AUTH_SUCCESS Nader
2026-04-17 09:21:55,626 - INFO - AUTH_SUCCESS Nader
2026-04-17 09:21:55,982 - INFO - AUTH_SUCCESS Nader
2026-04-17 09:21:56,248 - INFO - AUTH_SUCCESS Nader
2026-04-17 09:21:56,544 - INFO - AUTH_SUCCESS Nader
2026-04-17 09:21:56,803 - INFO - AUTH_SUCCESS Nader
2026-04-17 09:21:57,089 - INFO - AUTH_SUCCESS Nader
2026-04-17 09:21:57,363 - INFO - AUTH_SUCCESS Nader
2026-04-17 09:21:57,623 - INFO - AUTH_SUCCESS Nader
2026-04-17 09:21:57,880 - INFO - AUTH_SUCCESS Nader
2026-04-17 09:21:58,203 - INFO - AUTH_SUCCESS Nader
2026-04-17 09:21:58,473 - INFO - AUTH_SUCCESS Nader
2026-04-17 09:21:58,748 - INFO - AUTH_SUCCESS Nader
2026-04-17 09:21:59,015 - INFO - AUTH_SUCCESS Nader
2026-04-17 09:21:59,292 - INFO - AUTH_SUCCESS Nader
2026-04-17 09:21:59,569 - INFO - AUTH_SUCCESS Nader
2026-04-17 09:21:59,823 - INFO - AUTH_SUCCESS Nader
2026-04-17 09:22:00,143 - INFO - AUTH_SUCCESS Nader
2026-04-17 09:22:00,656 - INFO - AUTH_SUCCESS Nader
2026-04-17 09:22:01,191 - INFO - AUTH_SUCCESS Nader
2026-04-17 09:22:01,624 - INFO - AUTH_SUCCESS Nader
2026-04-17 09:22:02,398 - INFO - AUTH_SUCCESS Nader
2026-04-17 09:22:02,728 - INFO - AUTH_SUCCESS Nader
2026-04-17 09:22:02,997 - INFO - AUTH_SUCCESS Nader
2026-04-17 09:22:03,276 - INFO - AUTH_SUCCESS Nader
2026-04-17 09:22:03,569 - INFO - AUTH_SUCCESS Nader
2026-04-17 09:22:03,825 - INFO - AUTH_SUCCESS Nader
2026-04-17 09:22:04,099 - INFO - AUTH_SUCCESS Nader
2026-04-17 09:22:04,372 - INFO - AUTH_SUCCESS Nader
2026-04-17 09:22:04,638 - INFO - AUTH_SUCCESS Nader
2026-04-17 09:22:04,903 - INFO - AUTH_SUCCESS Nader
2026-04-17 09:22:05,169 - INFO - AUTH_SUCCESS Nader
2026-04-17 09:22:05,430 - INFO - AUTH_SUCCESS Nader
2026-04-17 09:22:05,959 - INFO - AUTH_SUCCESS Nader
2026-04-17 09:22:06,774 - INFO - AUTH_SUCCESS Nader
2026-04-17 09:22:07,799 - INFO - AUTH_SUCCESS Nader
2026-04-17 09:22:08,630 - INFO - AUTH_SUCCESS Nader
2026-04-17 09:22:09,233 - INFO - AUTH_SUCCESS Nader
2026-04-17 09:22:09,996 - INFO - AUTH_SUCCESS Nader
2026-04-17 09:22:10,598 - INFO - AUTH_SUCCESS Nader
2026-04-17 09:22:10,940 - INFO - AUTH_SUCCESS Nader
2026-04-17 09:22:11,211 - INFO - AUTH_SUCCESS Nader
2026-04-17 09:22:11,477 - INFO - AUTH_SUCCESS Nader
2026-04-17 09:22:11,739 - INFO - AUTH_SUCCESS Nader
2026-04-17 09:22:12,029 - INFO - AUTH_SUCCESS Nader
2026-04-17 09:22:12,335 - INFO - AUTH_SUCCESS Nader
2026-04-17 09:22:12,624 - INFO - AUTH_SUCCESS Nader
2026-04-17 09:22:12,873 - INFO - AUTH_SUCCESS Nader
2026-04-17 09:22:13,119 - INFO - AUTH_SUCCESS Nader
2026-04-17 09:22:13,377 - INFO - AUTH_SUCCESS Nader
2026-04-17 09:22:13,624 - INFO - AUTH_SUCCESS Nader
2026-04-17 09:22:13,941 - INFO - AUTH_SUCCESS Nader
2026-04-17 09:22:14,235 - INFO - AUTH_SUCCESS Nader
2026-04-17 09:22:14,516 - INFO - AUTH_SUCCESS Nader
2026-04-17 09:22:14,943 - INFO - AUTH_SUCCESS Nader
2026-04-17 09:22:15,256 - INFO - AUTH_SUCCESS Nader
2026-04-17 09:22:15,536 - INFO - AUTH_SUCCESS Nader
2026-04-17 09:22:16,067 - INFO - AUTH_SUCCESS Nader
2026-04-17 09:22:16,334 - INFO - AUTH_SUCCESS Nader
2026-04-17 09:22:16,603 - INFO - AUTH_SUCCESS Nader
2026-04-17 09:22:16,962 - INFO - AUTH_SUCCESS Nader
2026-04-17 09:22:17,232 - INFO - AUTH_SUCCESS Nader
2026-04-17 09:22:17,545 - INFO - AUTH_SUCCESS Nader
2026-04-17 09:22:18,018 - INFO - AUTH_SUCCESS Nader
2026-04-17 09:22:18,483 - INFO - AUTH_SUCCESS Nader
2026-04-17 09:22:18,900 - INFO - AUTH_SUCCESS Nader
2026-04-17 09:22:19,168 - INFO - AUTH_SUCCESS Nader
2026-04-17 09:22:19,678 - INFO - AUTH_SUCCESS Nader
2026-04-17 09:22:20,228 - INFO - AUTH_SUCCESS Nader
2026-04-17 09:22:20,654 - INFO - AUTH_SUCCESS Nader
2026-04-17 09:22:21,499 - INFO - AUTH_SUCCESS Nader
2026-04-17 09:22:22,013 - INFO - AUTH_SUCCESS Nader
2026-04-17 09:22:22,609 - INFO - AUTH_SUCCESS Nader
2026-04-17 09:22:22,879 - INFO - AUTH_SUCCESS Nader
2026-04-17 09:22:23,172 - INFO - AUTH_SUCCESS Nader
2026-04-17 09:22:23,429 - INFO - AUTH_SUCCESS Nader
2026-04-17 09:22:23,684 - INFO - AUTH_SUCCESS Nader
2026-04-17 09:22:23,943 - INFO - AUTH_SUCCESS Nader
2026-04-17 09:22:24,211 - INFO - AUTH_SUCCESS Nader
2026-04-17 09:22:24,462 - INFO - AUTH_SUCCESS Nader
2026-04-17 09:22:24,715 - INFO - AUTH_SUCCESS Nader
2026-04-17 09:22:25,198 - INFO - AUTH_SUCCESS Nader
2026-04-17 09:22:25,498 - INFO - AUTH_SUCCESS Nader
2026-04-17 09:22:25,853 - INFO - AUTH_SUCCESS Nader
2026-04-17 09:22:26,161 - INFO - AUTH_SUCCESS Nader
2026-04-17 09:22:26,475 - INFO - AUTH_SUCCESS Nader
2026-04-17 09:22:26,773 - INFO - AUTH_SUCCESS Nader
2026-04-17 09:22:27,070 - INFO - AUTH_SUCCESS Nader
2026-04-17 09:22:27,331 - INFO - AUTH_SUCCESS Nader
2026-04-17 09:22:27,584 - INFO - AUTH_SUCCESS Nader
2026-04-17 09:22:28,009 - INFO - AUTH_SUCCESS Nader
2026-04-17 09:22:28,402 - INFO - AUTH_SUCCESS Nader
2026-04-17 09:22:28,721 - INFO - AUTH_SUCCESS Nader
2026-04-17 09:22:28,999 - INFO - AUTH_SUCCESS Nader
2026-04-17 09:22:29,291 - INFO - AUTH_SUCCESS Nader
2026-04-17 09:22:29,544 - INFO - AUTH_SUCCESS Nader
2026-04-17 09:43:12,581 - INFO - AUTH_SUCCESS Nader
2026-04-17 09:44:51,158 - INFO - AUTH_SUCCESS Nader
2026-04-17 09:44:51.158541 | AUTH_SUCCESS | Nader
2026-04-17 09:44:51,453 - INFO - AUTH_SUCCESS Nader
2026-04-17 09:44:51.453860 | AUTH_SUCCESS | Nader
2026-04-17 09:44:51,700 - INFO - AUTH_SUCCESS Nader
2026-04-17 09:44:51.701949 | AUTH_SUCCESS | Nader
2026-04-17 09:44:51,952 - INFO - AUTH_SUCCESS Nader
2026-04-17 09:44:51.952351 | AUTH_SUCCESS | Nader
2026-04-17 09:44:52,214 - INFO - AUTH_SUCCESS Nader
2026-04-17 09:44:52.214852 | AUTH_SUCCESS | Nader
2026-04-17 09:44:52,466 - INFO - AUTH_SUCCESS Nader
2026-04-17 09:44:52.466234 | AUTH_SUCCESS | Nader
2026-04-17 09:44:52,714 - INFO - AUTH_SUCCESS Nader
2026-04-17 09:44:52.714140 | AUTH_SUCCESS | Nader
2026-04-17 09:44:52,963 - INFO - AUTH_SUCCESS Nader
2026-04-17 09:44:52.964863 | AUTH_SUCCESS | Nader
2026-04-17 09:44:53,239 - INFO - AUTH_SUCCESS Nader
2026-04-17 09:44:53.239061 | AUTH_SUCCESS | Nader
2026-04-17 09:44:53,493 - INFO - AUTH_SUCCESS Nader
2026-04-17 09:44:53.494640 | AUTH_SUCCESS | Nader
2026-04-17 09:44:53,762 - INFO - AUTH_SUCCESS Nader
2026-04-17 09:44:53.762767 | AUTH_SUCCESS | Nader
2026-04-17 09:44:54,022 - INFO - AUTH_SUCCESS Nader
2026-04-17 09:44:54.023082 | AUTH_SUCCESS | Nader
2026-04-17 09:44:54,295 - INFO - AUTH_SUCCESS Nader
2026-04-17 09:44:54.296501 | AUTH_SUCCESS | Nader
2026-04-17 09:44:54,555 - INFO - AUTH_SUCCESS Nader
2026-04-17 09:44:54.556271 | AUTH_SUCCESS | Nader
2026-04-17 09:44:54,856 - INFO - AUTH_SUCCESS Nader
2026-04-17 09:44:54.857084 | AUTH_SUCCESS | Nader
2026-04-17 09:44:55,123 - INFO - AUTH_SUCCESS Nader
2026-04-17 09:44:55.124168 | AUTH_SUCCESS | Nader
2026-04-17 09:44:55,381 - INFO - AUTH_SUCCESS Nader
2026-04-17 09:44:55.382399 | AUTH_SUCCESS | Nader
2026-04-17 09:44:55,633 - INFO - AUTH_SUCCESS Nader
2026-04-17 09:44:55.633849 | AUTH_SUCCESS | Nader
2026-04-17 09:44:55,881 - INFO - AUTH_SUCCESS Nader
2026-04-17 09:44:55.881499 | AUTH_SUCCESS | Nader
2026-04-17 09:44:56,134 - INFO - AUTH_SUCCESS Nader
2026-04-17 09:44:56.135298 | AUTH_SUCCESS | Nader
2026-04-17 09:44:56,383 - INFO - AUTH_SUCCESS Nader
2026-04-17 09:44:56.384720 | AUTH_SUCCESS | Nader
2026-04-17 09:44:56,631 - INFO - AUTH_SUCCESS Nader
2026-04-17 09:44:56.632887 | AUTH_SUCCESS | Nader
2026-04-17 09:44:56,883 - INFO - AUTH_SUCCESS Nader
2026-04-17 09:44:56.883634 | AUTH_SUCCESS | Nader
2026-04-17 09:44:57,132 - INFO - AUTH_SUCCESS Nader
2026-04-17 09:44:57.133813 | AUTH_SUCCESS | Nader
2026-04-17 09:44:57,391 - INFO - AUTH_SUCCESS Nader
2026-04-17 09:44:57.392683 | AUTH_SUCCESS | Nader
2026-04-17 09:44:57,644 - INFO - AUTH_SUCCESS Nader
2026-04-17 09:44:57.645547 | AUTH_SUCCESS | Nader
2026-04-17 09:44:57,896 - INFO - AUTH_SUCCESS Nader
2026-04-17 09:44:57.896582 | AUTH_SUCCESS | Nader
2026-04-17 09:44:58,163 - INFO - AUTH_SUCCESS Nader
2026-04-17 09:44:58.163551 | AUTH_SUCCESS | Nader
2026-04-17 09:44:58,417 - INFO - AUTH_SUCCESS Nader
2026-04-17 09:44:58.417111 | AUTH_SUCCESS | Nader
2026-04-17 09:44:58,668 - INFO - AUTH_SUCCESS Nader
2026-04-17 09:44:58.668170 | AUTH_SUCCESS | Nader
2026-04-17 09:44:58,917 - INFO - AUTH_SUCCESS Nader
2026-04-17 09:44:58.918423 | AUTH_SUCCESS | Nader
2026-04-17 09:44:59,167 - INFO - AUTH_SUCCESS Nader
2026-04-17 09:44:59.168626 | AUTH_SUCCESS | Nader
2026-04-17 09:44:59,422 - INFO - AUTH_SUCCESS Nader
2026-04-17 09:44:59.422417 | AUTH_SUCCESS | Nader
2026-04-17 09:44:59,703 - INFO - AUTH_SUCCESS Nader
2026-04-17 09:44:59.703443 | AUTH_SUCCESS | Nader
2026-04-17 09:44:59,954 - INFO - AUTH_SUCCESS Nader
2026-04-17 09:44:59.955972 | AUTH_SUCCESS | Nader
2026-04-17 09:45:00,219 - INFO - AUTH_SUCCESS Nader
2026-04-17 09:45:00.220228 | AUTH_SUCCESS | Nader
2026-04-17 09:45:00,471 - INFO - AUTH_SUCCESS Nader
2026-04-17 09:45:00.471983 | AUTH_SUCCESS | Nader
2026-04-17 09:45:00,723 - INFO - AUTH_SUCCESS Nader
2026-04-17 09:45:00.723503 | AUTH_SUCCESS | Nader
2026-04-17 09:45:00,972 - INFO - AUTH_SUCCESS Nader
2026-04-17 09:45:00.972809 | AUTH_SUCCESS | Nader
2026-04-17 09:45:01,229 - INFO - AUTH_SUCCESS Nader
2026-04-17 09:45:01.230764 | AUTH_SUCCESS | Nader
2026-04-17 09:45:01,499 - INFO - AUTH_SUCCESS Nader
2026-04-17 09:45:01.499265 | AUTH_SUCCESS | Nader
2026-04-17 09:45:01,754 - INFO - AUTH_SUCCESS Nader
2026-04-17 09:45:01.754766 | AUTH_SUCCESS | Nader
2026-04-17 09:45:02,020 - INFO - AUTH_SUCCESS Nader
2026-04-17 09:45:02.021353 | AUTH_SUCCESS | Nader
2026-04-17 09:45:02,273 - INFO - AUTH_SUCCESS Nader
2026-04-17 09:45:02.273457 | AUTH_SUCCESS | Nader
2026-04-17 09:45:02,522 - INFO - AUTH_SUCCESS Nader
2026-04-17 09:45:02.522602 | AUTH_SUCCESS | Nader
2026-04-17 09:45:02,771 - INFO - AUTH_SUCCESS Nader
2026-04-17 09:45:02.771641 | AUTH_SUCCESS | Nader
2026-04-17 09:45:03,031 - INFO - AUTH_SUCCESS Nader
2026-04-17 09:45:03.031553 | AUTH_SUCCESS | Nader
2026-04-17 09:45:03,280 - INFO - AUTH_SUCCESS Nader
2026-04-17 09:45:03.281220 | AUTH_SUCCESS | Nader
2026-04-17 09:45:03,530 - INFO - AUTH_SUCCESS Nader
2026-04-17 09:45:03.530979 | AUTH_SUCCESS | Nader
2026-04-17 09:45:03,780 - INFO - AUTH_SUCCESS Nader
2026-04-17 09:45:03.781994 | AUTH_SUCCESS | Nader
2026-04-17 09:45:04,067 - INFO - AUTH_SUCCESS Nader
2026-04-17 09:45:04.067075 | AUTH_SUCCESS | Nader
2026-04-17 09:45:04,315 - INFO - AUTH_SUCCESS Nader
2026-04-17 09:45:04.316096 | AUTH_SUCCESS | Nader
2026-04-17 09:45:04,564 - INFO - AUTH_SUCCESS Nader
2026-04-17 09:45:04.565542 | AUTH_SUCCESS | Nader
2026-04-17 09:45:04,813 - INFO - AUTH_SUCCESS Nader
2026-04-17 09:45:04.814068 | AUTH_SUCCESS | Nader
2026-04-17 09:45:05,059 - INFO - AUTH_SUCCESS Nader
2026-04-17 09:45:05.060220 | AUTH_SUCCESS | Nader
2026-04-17 09:45:05,307 - INFO - AUTH_SUCCESS Nader
2026-04-17 09:45:05.308359 | AUTH_SUCCESS | Nader
2026-04-17 09:45:05,558 - INFO - AUTH_SUCCESS Nader
2026-04-17 09:45:05.559167 | AUTH_SUCCESS | Nader
2026-04-17 09:45:05,804 - INFO - AUTH_SUCCESS Nader
2026-04-17 09:45:05.805866 | AUTH_SUCCESS | Nader
2026-04-17 09:45:06,063 - INFO - AUTH_SUCCESS Nader
2026-04-17 09:45:06.063467 | AUTH_SUCCESS | Nader
2026-04-17 09:45:06,308 - INFO - AUTH_SUCCESS Nader
2026-04-17 09:45:06.310675 | AUTH_SUCCESS | Nader
2026-04-17 09:45:06,552 - INFO - AUTH_SUCCESS Nader
2026-04-17 09:45:06.553702 | AUTH_SUCCESS | Nader
2026-04-17 09:45:06.556703 | EXPORT_JSON | Nader
2026-04-17 09:45:06,820 - INFO - AUTH_SUCCESS Nader
2026-04-17 09:45:06.820728 | AUTH_SUCCESS | Nader
2026-04-17 09:45:07,084 - INFO - AUTH_SUCCESS Nader
2026-04-17 09:45:07.084110 | AUTH_SUCCESS | Nader
2026-04-17 09:45:07,335 - INFO - AUTH_SUCCESS Nader
2026-04-17 09:45:07.336553 | AUTH_SUCCESS | Nader
2026-04-17 09:45:07,591 - INFO - AUTH_SUCCESS Nader
2026-04-17 09:45:07.592031 | AUTH_SUCCESS | Nader
2026-04-17 09:45:07,844 - INFO - AUTH_SUCCESS Nader
2026-04-17 09:45:07.844560 | AUTH_SUCCESS | Nader
2026-04-17 09:45:08,090 - INFO - AUTH_SUCCESS Nader
2026-04-17 09:45:08.091108 | AUTH_SUCCESS | Nader
2026-04-17 09:45:08,336 - INFO - AUTH_SUCCESS Nader
2026-04-17 09:45:08.337866 | AUTH_SUCCESS | Nader
2026-04-17 09:45:08,592 - INFO - AUTH_SUCCESS Nader
2026-04-17 09:45:08.593511 | AUTH_SUCCESS | Nader
2026-04-17 09:45:08,848 - INFO - AUTH_SUCCESS Nader
2026-04-17 09:45:08.849360 | AUTH_SUCCESS | Nader
2026-04-17 09:45:09,105 - INFO - AUTH_SUCCESS Nader
2026-04-17 09:45:09.106709 | AUTH_SUCCESS | Nader
2026-04-17 09:45:09,356 - INFO - AUTH_SUCCESS Nader
2026-04-17 09:45:09.356304 | AUTH_SUCCESS | Nader
2026-04-17 09:45:09,616 - INFO - AUTH_SUCCESS Nader
2026-04-17 09:45:09.617179 | AUTH_SUCCESS | Nader
2026-04-17 09:45:09.624176 | EXPORT_JSON | Nader
2026-04-17 09:45:09,895 - INFO - AUTH_SUCCESS Nader
2026-04-17 09:45:09.896194 | AUTH_SUCCESS | Nader
2026-04-17 09:45:10,185 - INFO - AUTH_SUCCESS Nader
2026-04-17 09:45:10.185088 | AUTH_SUCCESS | Nader
2026-04-17 09:45:10,438 - INFO - AUTH_SUCCESS Nader
2026-04-17 09:45:10.439365 | AUTH_SUCCESS | Nader
2026-04-17 09:45:10,694 - INFO - AUTH_SUCCESS Nader
2026-04-17 09:45:10.695337 | AUTH_SUCCESS | Nader
2026-04-17 09:45:10,943 - INFO - AUTH_SUCCESS Nader
2026-04-17 09:45:10.943655 | AUTH_SUCCESS | Nader
2026-04-17 09:45:11,197 - INFO - AUTH_SUCCESS Nader
2026-04-17 09:45:11.197402 | AUTH_SUCCESS | Nader
2026-04-17 09:45:11,457 - INFO - AUTH_SUCCESS Nader
2026-04-17 09:45:11.457231 | AUTH_SUCCESS | Nader
2026-04-17 09:45:11,710 - INFO - AUTH_SUCCESS Nader
2026-04-17 09:45:11.710379 | AUTH_SUCCESS | Nader
2026-04-17 09:45:11,963 - INFO - AUTH_SUCCESS Nader
2026-04-17 09:45:11.964863 | AUTH_SUCCESS | Nader
2026-04-17 09:45:12,226 - INFO - AUTH_SUCCESS Nader
2026-04-17 09:45:12.226067 | AUTH_SUCCESS | Nader
2026-04-17 09:45:12,480 - INFO - AUTH_SUCCESS Nader
2026-04-17 09:45:12.480976 | AUTH_SUCCESS | Nader
2026-04-17 09:45:12,734 - INFO - AUTH_SUCCESS Nader
2026-04-17 09:45:12.734148 | AUTH_SUCCESS | Nader
2026-04-17 09:45:12,989 - INFO - AUTH_SUCCESS Nader
2026-04-17 09:45:12.989681 | AUTH_SUCCESS | Nader
2026-04-17 09:45:13,262 - INFO - AUTH_SUCCESS Nader
2026-04-17 09:45:13.263454 | AUTH_SUCCESS | Nader
2026-04-17 09:45:13,518 - INFO - AUTH_SUCCESS Nader
2026-04-17 09:45:13.519627 | AUTH_SUCCESS | Nader
2026-04-17 09:45:13,769 - INFO - AUTH_SUCCESS Nader
2026-04-17 09:45:13.770688 | AUTH_SUCCESS | Nader
2026-04-17 09:45:14,032 - INFO - AUTH_SUCCESS Nader
2026-04-17 09:45:14.033542 | AUTH_SUCCESS | Nader
2026-04-17 09:45:14,285 - INFO - AUTH_SUCCESS Nader
2026-04-17 09:45:14.286602 | AUTH_SUCCESS | Nader
2026-04-17 09:45:14,535 - INFO - AUTH_SUCCESS Nader
2026-04-17 09:45:14.536773 | AUTH_SUCCESS | Nader
2026-04-17 09:45:14,792 - INFO - AUTH_SUCCESS Nader
2026-04-17 09:45:14.792859 | AUTH_SUCCESS | Nader
2026-04-17 09:45:15,055 - INFO - AUTH_SUCCESS Nader
2026-04-17 09:45:15.055656 | AUTH_SUCCESS | Nader
2026-04-17 09:48:59,312 - INFO - AUTH_SUCCESS Nader
2026-04-17 09:48:59.313519 | AUTH_SUCCESS | Nader
2026-04-17 09:48:59,611 - INFO - AUTH_SUCCESS Nader
2026-04-17 09:48:59.612153 | AUTH_SUCCESS | Nader
2026-04-17 09:48:59,865 - INFO - AUTH_SUCCESS Nader
2026-04-17 09:48:59.865989 | AUTH_SUCCESS | Nader
2026-04-17 09:49:00,111 - INFO - AUTH_SUCCESS Nader
2026-04-17 09:49:00.112544 | AUTH_SUCCESS | Nader
2026-04-17 09:49:00,356 - INFO - AUTH_SUCCESS Nader
2026-04-17 09:49:00.356628 | AUTH_SUCCESS | Nader
2026-04-17 09:49:00,605 - INFO - AUTH_SUCCESS Nader
2026-04-17 09:49:00.605646 | AUTH_SUCCESS | Nader
2026-04-17 09:49:00,855 - INFO - AUTH_SUCCESS Nader
2026-04-17 09:49:00.855530 | AUTH_SUCCESS | Nader
2026-04-17 09:49:01,143 - INFO - AUTH_SUCCESS Nader
2026-04-17 09:49:01.144236 | AUTH_SUCCESS | Nader
2026-04-17 09:49:01,433 - INFO - AUTH_SUCCESS Nader
2026-04-17 09:49:01.433966 | AUTH_SUCCESS | Nader
2026-04-17 09:49:01,685 - INFO - AUTH_SUCCESS Nader
2026-04-17 09:49:01.685887 | AUTH_SUCCESS | Nader
2026-04-17 09:49:01,954 - INFO - AUTH_SUCCESS Nader
2026-04-17 09:49:01.955848 | AUTH_SUCCESS | Nader
2026-04-17 09:49:02,215 - INFO - AUTH_SUCCESS Nader
2026-04-17 09:49:02.215869 | AUTH_SUCCESS | Nader
2026-04-17 09:49:02,521 - INFO - AUTH_SUCCESS Nader
2026-04-17 09:49:02.522845 | AUTH_SUCCESS | Nader
2026-04-17 09:49:02,779 - INFO - AUTH_SUCCESS Nader
2026-04-17 09:49:02.780494 | AUTH_SUCCESS | Nader
2026-04-17 09:49:03,047 - INFO - AUTH_SUCCESS Nader
2026-04-17 09:49:03.047104 | AUTH_SUCCESS | Nader
2026-04-17 09:49:03,296 - INFO - AUTH_SUCCESS Nader
2026-04-17 09:49:03.297921 | AUTH_SUCCESS | Nader
2026-04-17 09:49:03,549 - INFO - AUTH_SUCCESS Nader
2026-04-17 09:49:03.550433 | AUTH_SUCCESS | Nader
2026-04-17 09:49:03,794 - INFO - AUTH_SUCCESS Nader
2026-04-17 09:49:03.795850 | AUTH_SUCCESS | Nader
2026-04-17 09:49:04,052 - INFO - AUTH_SUCCESS Nader
2026-04-17 09:49:04.052887 | AUTH_SUCCESS | Nader
2026-04-17 09:49:04,307 - INFO - AUTH_SUCCESS Nader
2026-04-17 09:49:04.308525 | AUTH_SUCCESS | Nader
2026-04-17 09:49:04,555 - INFO - AUTH_SUCCESS Nader
2026-04-17 09:49:04.556489 | AUTH_SUCCESS | Nader
2026-04-17 09:49:04,802 - INFO - AUTH_SUCCESS Nader
2026-04-17 09:49:04.802422 | AUTH_SUCCESS | Nader
2026-04-17 09:49:05,054 - INFO - AUTH_SUCCESS Nader
2026-04-17 09:49:05.055003 | AUTH_SUCCESS | Nader
2026-04-17 09:49:05,297 - INFO - AUTH_SUCCESS Nader
2026-04-17 09:49:05.297851 | AUTH_SUCCESS | Nader
2026-04-17 09:49:05,552 - INFO - AUTH_SUCCESS Nader
2026-04-17 09:49:05.553187 | AUTH_SUCCESS | Nader
2026-04-17 09:49:05,811 - INFO - AUTH_SUCCESS Nader
2026-04-17 09:49:05.811930 | AUTH_SUCCESS | Nader
2026-04-17 09:49:06,065 - INFO - AUTH_SUCCESS Nader
2026-04-17 09:49:06.065645 | AUTH_SUCCESS | Nader
2026-04-17 09:49:06,314 - INFO - AUTH_SUCCESS Nader
2026-04-17 09:49:06.314845 | AUTH_SUCCESS | Nader
2026-04-17 09:49:06,559 - INFO - AUTH_SUCCESS Nader
2026-04-17 09:49:06.560054 | AUTH_SUCCESS | Nader
2026-04-17 09:49:06,814 - INFO - AUTH_SUCCESS Nader
2026-04-17 09:49:06.815386 | AUTH_SUCCESS | Nader
2026-04-17 09:49:07,067 - INFO - AUTH_SUCCESS Nader
2026-04-17 09:49:07.067626 | AUTH_SUCCESS | Nader
2026-04-17 09:49:07,327 - INFO - AUTH_SUCCESS Nader
2026-04-17 09:49:07.327143 | AUTH_SUCCESS | Nader
2026-04-17 09:49:07,572 - INFO - AUTH_SUCCESS Nader
2026-04-17 09:49:07.572006 | AUTH_SUCCESS | Nader
2026-04-17 09:49:07,823 - INFO - AUTH_SUCCESS Nader
2026-04-17 09:49:07.824634 | AUTH_SUCCESS | Nader
2026-04-17 09:49:08,079 - INFO - AUTH_SUCCESS Nader
2026-04-17 09:49:08.080018 | AUTH_SUCCESS | Nader
2026-04-17 09:49:08,324 - INFO - AUTH_SUCCESS Nader
2026-04-17 09:49:08.324724 | AUTH_SUCCESS | Nader
2026-04-17 09:49:08,603 - INFO - AUTH_SUCCESS Nader
2026-04-17 09:49:08.604674 | AUTH_SUCCESS | Nader
2026-04-17 09:49:08,850 - INFO - AUTH_SUCCESS Nader
2026-04-17 09:49:08.851044 | AUTH_SUCCESS | Nader
2026-04-17 09:49:09,117 - INFO - AUTH_SUCCESS Nader
2026-04-17 09:49:09.118271 | AUTH_SUCCESS | Nader
2026-04-17 09:49:09,367 - INFO - AUTH_SUCCESS Nader
2026-04-17 09:49:09.368565 | AUTH_SUCCESS | Nader
2026-04-17 09:49:09,627 - INFO - AUTH_SUCCESS Nader
2026-04-17 09:49:09.627302 | AUTH_SUCCESS | Nader
2026-04-17 09:49:09,878 - INFO - AUTH_SUCCESS Nader
2026-04-17 09:49:09.879358 | AUTH_SUCCESS | Nader
2026-04-17 09:49:10,135 - INFO - AUTH_SUCCESS Nader
2026-04-17 09:49:10.135029 | AUTH_SUCCESS | Nader
2026-04-17 09:49:10,383 - INFO - AUTH_SUCCESS Nader
2026-04-17 09:49:10.384174 | AUTH_SUCCESS | Nader
2026-04-17 09:49:10,638 - INFO - AUTH_SUCCESS Nader
2026-04-17 09:49:10.638556 | AUTH_SUCCESS | Nader
2026-04-17 09:49:10,890 - INFO - AUTH_SUCCESS Nader
2026-04-17 09:49:10.890217 | AUTH_SUCCESS | Nader
2026-04-17 09:49:11,154 - INFO - AUTH_SUCCESS Nader
2026-04-17 09:49:11.154727 | AUTH_SUCCESS | Nader
2026-04-17 09:49:11,404 - INFO - AUTH_SUCCESS Nader
2026-04-17 09:49:11.404317 | AUTH_SUCCESS | Nader
2026-04-17 09:49:11,655 - INFO - AUTH_SUCCESS Nader
2026-04-17 09:49:11.655510 | AUTH_SUCCESS | Nader
2026-04-17 09:49:11,903 - INFO - AUTH_SUCCESS Nader
2026-04-17 09:49:11.904417 | AUTH_SUCCESS | Nader
2026-04-17 09:49:12,160 - INFO - AUTH_SUCCESS Nader
2026-04-17 09:49:12.161799 | AUTH_SUCCESS | Nader
2026-04-17 09:49:12,404 - INFO - AUTH_SUCCESS Nader
2026-04-17 09:49:12.405275 | AUTH_SUCCESS | Nader
2026-04-17 09:49:12,651 - INFO - AUTH_SUCCESS Nader
2026-04-17 09:49:12.651063 | AUTH_SUCCESS | Nader
2026-04-17 09:49:12,910 - INFO - AUTH_SUCCESS Nader
2026-04-17 09:49:12.910178 | AUTH_SUCCESS | Nader
2026-04-17 09:49:13,168 - INFO - AUTH_SUCCESS Nader
2026-04-17 09:49:13.168022 | AUTH_SUCCESS | Nader
2026-04-17 09:49:13,172 - INFO - DELETE_SUCCESS Nader
2026-04-17 09:49:13.172028 | DELETE | Nader
2026-04-17 09:49:13,457 - INFO - AUTH_FAIL ANONYMOUS
2026-04-17 09:49:13.458203 | AUTH_FAIL | UNKNOWN
2026-04-17 09:49:13,715 - INFO - AUTH_FAIL ANONYMOUS
2026-04-17 09:49:13.716048 | AUTH_FAIL | UNKNOWN
2026-04-17 09:49:13,960 - INFO - AUTH_FAIL ANONYMOUS
2026-04-17 09:49:13.961152 | AUTH_FAIL | UNKNOWN
2026-04-17 09:49:14,213 - INFO - AUTH_FAIL ANONYMOUS
2026-04-17 09:49:14.214196 | AUTH_FAIL | UNKNOWN
2026-04-17 09:49:14,459 - INFO - AUTH_FAIL ANONYMOUS
2026-04-17 09:49:14.460409 | AUTH_FAIL | UNKNOWN
2026-04-17 09:49:14,706 - INFO - AUTH_FAIL ANONYMOUS
2026-04-17 09:49:14.708404 | AUTH_FAIL | UNKNOWN
2026-04-17 09:49:14,955 - INFO - AUTH_FAIL ANONYMOUS
2026-04-17 09:49:14.955092 | AUTH_FAIL | UNKNOWN
2026-04-17 09:49:15,212 - INFO - AUTH_FAIL ANONYMOUS
2026-04-17 09:49:15.213827 | AUTH_FAIL | UNKNOWN
2026-04-17 09:49:15,462 - INFO - AUTH_FAIL ANONYMOUS
2026-04-17 09:49:15.462201 | AUTH_FAIL | UNKNOWN
2026-04-17 09:49:15,711 - INFO - AUTH_FAIL ANONYMOUS
2026-04-17 09:49:15.712081 | AUTH_FAIL | UNKNOWN
2026-04-17 09:49:15,960 - INFO - AUTH_FAIL ANONYMOUS
2026-04-17 09:49:15.960240 | AUTH_FAIL | UNKNOWN
2026-04-17 09:49:16,215 - INFO - AUTH_FAIL ANONYMOUS
2026-04-17 09:49:16.215317 | AUTH_FAIL | UNKNOWN
2026-04-17 09:49:16,468 - INFO - AUTH_FAIL ANONYMOUS
2026-04-17 09:49:16.468941 | AUTH_FAIL | UNKNOWN
2026-04-17 09:49:16,723 - INFO - AUTH_FAIL ANONYMOUS
2026-04-17 09:49:16.723939 | AUTH_FAIL | UNKNOWN
2026-04-17 09:49:16,976 - INFO - AUTH_FAIL ANONYMOUS
2026-04-17 09:49:16.977280 | AUTH_FAIL | UNKNOWN
2026-04-17 09:49:17,229 - INFO - AUTH_FAIL ANONYMOUS
2026-04-17 09:49:17.230759 | AUTH_FAIL | UNKNOWN
2026-04-17 09:49:17.486791 | ENROLL | Nader
2026-04-17 09:49:17,487 - INFO - ENROLL_SUCCESS Nader
2026-04-17 09:49:17,758 - INFO - AUTH_SUCCESS Nader
2026-04-17 09:49:17.758295 | AUTH_SUCCESS | Nader
2026-04-17 09:49:18,023 - INFO - AUTH_SUCCESS Nader
2026-04-17 09:49:18.024900 | AUTH_SUCCESS | Nader
2026-04-17 09:49:18,281 - INFO - AUTH_SUCCESS Nader
2026-04-17 09:49:18.282981 | AUTH_SUCCESS | Nader
2026-04-17 09:49:18,540 - INFO - AUTH_SUCCESS Nader
2026-04-17 09:49:18.540190 | AUTH_SUCCESS | Nader
2026-04-17 09:49:18,794 - INFO - AUTH_SUCCESS Nader
2026-04-17 09:49:18.795774 | AUTH_SUCCESS | Nader
2026-04-17 09:49:19,050 - INFO - AUTH_SUCCESS Nader
2026-04-17 09:49:19.051385 | AUTH_SUCCESS | Nader
2026-04-17 09:49:19,305 - INFO - AUTH_SUCCESS Nader
2026-04-17 09:49:19.305042 | AUTH_SUCCESS | Nader
2026-04-17 09:49:19,552 - INFO - AUTH_SUCCESS Nader
2026-04-17 09:49:19.552382 | AUTH_SUCCESS | Nader
2026-04-17 09:49:19,801 - INFO - AUTH_SUCCESS Nader
2026-04-17 09:49:19.801913 | AUTH_SUCCESS | Nader
2026-04-17 09:49:20,056 - INFO - AUTH_SUCCESS Nader
2026-04-17 09:49:20.057639 | AUTH_SUCCESS | Nader
2026-04-17 09:49:20,312 - INFO - AUTH_SUCCESS Nader
2026-04-17 09:49:20.312908 | AUTH_SUCCESS | Nader
2026-04-17 09:49:20,574 - INFO - AUTH_SUCCESS Nader
2026-04-17 09:49:20.574216 | AUTH_SUCCESS | Nader
2026-04-17 09:49:20,826 - INFO - AUTH_SUCCESS Nader
2026-04-17 09:49:20.827937 | AUTH_SUCCESS | Nader
2026-04-17 09:49:20.841193 | EXPORT_PDF | Nader
2026-04-17 09:49:21,120 - INFO - AUTH_SUCCESS Nader
2026-04-17 09:49:21.120906 | AUTH_SUCCESS | Nader
2026-04-17 09:49:21,376 - INFO - AUTH_SUCCESS Nader
2026-04-17 09:49:21.376715 | AUTH_SUCCESS | Nader
2026-04-17 09:49:21,624 - INFO - AUTH_SUCCESS Nader
2026-04-17 09:49:21.624228 | AUTH_SUCCESS | Nader
2026-04-17 09:49:21,871 - INFO - AUTH_SUCCESS Nader
2026-04-17 09:49:21.872135 | AUTH_SUCCESS | Nader
2026-04-17 09:49:22,129 - INFO - AUTH_SUCCESS Nader
2026-04-17 09:49:22.130448 | AUTH_SUCCESS | Nader
2026-04-17 09:49:22,380 - INFO - AUTH_SUCCESS Nader
2026-04-17 09:49:22.381893 | AUTH_SUCCESS | Nader
2026-04-17 09:49:22,626 - INFO - AUTH_SUCCESS Nader
2026-04-17 09:49:22.626843 | AUTH_SUCCESS | Nader
2026-04-17 09:49:22,874 - INFO - AUTH_SUCCESS Nader
2026-04-17 09:49:22.875095 | AUTH_SUCCESS | Nader
2026-04-17 09:49:23,130 - INFO - AUTH_SUCCESS Nader
2026-04-17 09:49:23.130590 | AUTH_SUCCESS | Nader
2026-04-17 09:49:23,383 - INFO - AUTH_SUCCESS Nader
2026-04-17 09:49:23.383788 | AUTH_SUCCESS | Nader
2026-04-17 09:49:23,636 - INFO - AUTH_SUCCESS Nader
2026-04-17 09:49:23.637622 | AUTH_SUCCESS | Nader
2026-04-17 09:49:23,887 - INFO - AUTH_SUCCESS Nader
2026-04-17 09:49:23.888040 | AUTH_SUCCESS | Nader
2026-04-17 09:49:23.909879 | EXPORT_PDF | Nader
2026-04-17 09:49:24,173 - INFO - AUTH_SUCCESS Nader
2026-04-17 09:49:24.173718 | AUTH_SUCCESS | Nader
2026-04-17 09:49:24,429 - INFO - AUTH_SUCCESS Nader
2026-04-17 09:49:24.430904 | AUTH_SUCCESS | Nader
2026-04-17 09:49:24,677 - INFO - AUTH_SUCCESS Nader
2026-04-17 09:49:24.677638 | AUTH_SUCCESS | Nader
2026-04-17 09:49:24,940 - INFO - AUTH_SUCCESS Nader
2026-04-17 09:49:24.940636 | AUTH_SUCCESS | Nader
2026-04-17 09:49:25,196 - INFO - AUTH_SUCCESS Nader
2026-04-17 09:49:25.197046 | AUTH_SUCCESS | Nader
2026-04-17 09:49:25,449 - INFO - AUTH_SUCCESS Nader
2026-04-17 09:49:25.449430 | AUTH_SUCCESS | Nader
2026-04-17 09:49:25,696 - INFO - AUTH_SUCCESS Nader
2026-04-17 09:49:25.696233 | AUTH_SUCCESS | Nader
2026-04-17 09:49:25,949 - INFO - AUTH_SUCCESS Nader
2026-04-17 09:49:25.950501 | AUTH_SUCCESS | Nader
2026-04-17 09:49:26,200 - INFO - AUTH_SUCCESS Nader
2026-04-17 09:49:26.201767 | AUTH_SUCCESS | Nader
2026-04-17 09:49:26,458 - INFO - AUTH_SUCCESS Nader
2026-04-17 09:49:26.458353 | AUTH_SUCCESS | Nader
2026-04-17 09:49:26,703 - INFO - AUTH_SUCCESS Nader
2026-04-17 09:49:26.704161 | AUTH_SUCCESS | Nader
2026-04-17 09:49:26,954 - INFO - AUTH_SUCCESS Nader
2026-04-17 09:49:26.955420 | AUTH_SUCCESS | Nader
2026-04-17 09:49:27,221 - INFO - AUTH_SUCCESS Nader
2026-04-17 09:49:27.221238 | AUTH_SUCCESS | Nader
2026-04-17 09:49:27,483 - INFO - AUTH_SUCCESS Nader
2026-04-17 09:49:27.483388 | AUTH_SUCCESS | Nader
2026-04-17 09:49:27,739 - INFO - AUTH_SUCCESS Nader
2026-04-17 09:49:27.739160 | AUTH_SUCCESS | Nader
2026-04-17 09:49:27,993 - INFO - AUTH_SUCCESS Nader
2026-04-17 09:49:27.994323 | AUTH_SUCCESS | Nader
2026-04-17 09:49:28,243 - INFO - AUTH_SUCCESS Nader
2026-04-17 09:49:28.244664 | AUTH_SUCCESS | Nader
2026-04-17 09:49:28,493 - INFO - AUTH_SUCCESS Nader
2026-04-17 09:49:28.493751 | AUTH_SUCCESS | Nader
2026-04-17 09:49:28,741 - INFO - AUTH_SUCCESS Nader
2026-04-17 09:49:28.742472 | AUTH_SUCCESS | Nader
2026-04-17 09:49:28,998 - INFO - AUTH_SUCCESS Nader
2026-04-17 09:49:28.998156 | AUTH_SUCCESS | Nader
2026-04-17 09:49:29,252 - INFO - AUTH_SUCCESS Nader
2026-04-17 09:49:29.252909 | AUTH_SUCCESS | Nader
2026-04-17 09:49:29,502 - INFO - AUTH_SUCCESS Nader
2026-04-17 09:49:29.503518 | AUTH_SUCCESS | Nader
2026-04-17 09:49:29.513520 | EXPORT_JSON | Nader
2026-04-17 09:49:29,771 - INFO - AUTH_SUCCESS Nader
2026-04-17 09:49:29.771588 | AUTH_SUCCESS | Nader
2026-04-17 09:49:30,029 - INFO - AUTH_SUCCESS Nader
2026-04-17 09:49:30.029964 | AUTH_SUCCESS | Nader
2026-04-17 09:49:30,293 - INFO - AUTH_SUCCESS Nader
2026-04-17 09:49:30.293420 | AUTH_SUCCESS | Nader
2026-04-17 09:49:30,546 - INFO - AUTH_SUCCESS Nader
2026-04-17 09:49:30.546946 | AUTH_SUCCESS | Nader
2026-04-17 09:49:30,809 - INFO - AUTH_SUCCESS Nader
2026-04-17 09:49:30.809462 | AUTH_SUCCESS | Nader
2026-04-17 09:49:31,060 - INFO - AUTH_SUCCESS Nader
2026-04-17 09:49:31.061109 | AUTH_SUCCESS | Nader
2026-04-17 09:49:31,319 - INFO - AUTH_SUCCESS Nader
2026-04-17 09:49:31.320936 | AUTH_SUCCESS | Nader
2026-04-17 09:49:31,577 - INFO - AUTH_SUCCESS Nader
2026-04-17 09:49:31.577822 | AUTH_SUCCESS | Nader
2026-04-17 09:49:31,829 - INFO - AUTH_SUCCESS Nader
2026-04-17 09:49:31.830578 | AUTH_SUCCESS | Nader
2026-04-17 09:49:31.850152 | EXPORT_CSV | nt
2026-04-17 09:49:32,127 - INFO - AUTH_SUCCESS Nader
2026-04-17 09:49:32.128136 | AUTH_SUCCESS | Nader
2026-04-17 09:49:32,382 - INFO - AUTH_SUCCESS Nader
2026-04-17 09:49:32.383636 | AUTH_SUCCESS | Nader
2026-04-17 09:49:32,642 - INFO - AUTH_SUCCESS Nader
2026-04-17 09:49:32.642218 | AUTH_SUCCESS | Nader
2026-04-17 09:49:32,907 - INFO - AUTH_SUCCESS Nader
2026-04-17 09:49:32.908052 | AUTH_SUCCESS | Nader
2026-04-17 09:49:33,217 - INFO - AUTH_SUCCESS Nader
2026-04-17 09:49:33.218962 | AUTH_SUCCESS | Nader
2026-04-17 09:49:33,560 - INFO - AUTH_SUCCESS Nader
2026-04-17 09:49:33.561718 | AUTH_SUCCESS | Nader
2026-04-17 09:49:34,079 - INFO - AUTH_SUCCESS Nader
2026-04-17 09:49:34.079387 | AUTH_SUCCESS | Nader
2026-04-17 09:49:34,511 - INFO - AUTH_SUCCESS Nader
2026-04-17 09:49:34.512883 | AUTH_SUCCESS | Nader
2026-04-17 09:49:34,830 - INFO - AUTH_SUCCESS Nader
2026-04-17 09:49:34.831717 | AUTH_SUCCESS | Nader
2026-04-17 09:49:35,251 - INFO - AUTH_SUCCESS Nader
2026-04-17 09:49:35.251167 | AUTH_SUCCESS | Nader
2026-04-17 09:49:35,590 - INFO - AUTH_SUCCESS Nader
2026-04-17 09:49:35.591425 | AUTH_SUCCESS | Nader
2026-04-17 10:00:54,426 - INFO - AUTH_SUCCESS Nader
2026-04-17 10:00:54.427770 | AUTH_SUCCESS | Nader
2026-04-17 10:00:54,764 - INFO - AUTH_SUCCESS Nader
2026-04-17 10:00:54.765911 | AUTH_SUCCESS | Nader
2026-04-17 10:00:55,014 - INFO - AUTH_SUCCESS Nader
2026-04-17 10:00:55.014059 | AUTH_SUCCESS | Nader
2026-04-17 10:00:55,262 - INFO - AUTH_SUCCESS Nader
2026-04-17 10:00:55.263253 | AUTH_SUCCESS | Nader
2026-04-17 10:00:55,526 - INFO - AUTH_SUCCESS Nader
2026-04-17 10:00:55.527404 | AUTH_SUCCESS | Nader
2026-04-17 10:00:55,778 - INFO - AUTH_SUCCESS Nader
2026-04-17 10:00:55.778090 | AUTH_SUCCESS | Nader
2026-04-17 10:00:56,040 - INFO - AUTH_SUCCESS Nader
2026-04-17 10:00:56.040228 | AUTH_SUCCESS | Nader
2026-04-17 10:00:56,290 - INFO - AUTH_SUCCESS Nader
2026-04-17 10:00:56.291217 | AUTH_SUCCESS | Nader
2026-04-17 10:00:56,550 - INFO - AUTH_SUCCESS Nader
2026-04-17 10:00:56.550076 | AUTH_SUCCESS | Nader
2026-04-17 10:00:56,794 - INFO - AUTH_SUCCESS Nader
2026-04-17 10:00:56.794549 | AUTH_SUCCESS | Nader
2026-04-17 10:00:57,051 - INFO - AUTH_SUCCESS Nader
2026-04-17 10:00:57.052257 | AUTH_SUCCESS | Nader
2026-04-17 10:00:57,334 - INFO - AUTH_SUCCESS Nader
2026-04-17 10:00:57.334531 | AUTH_SUCCESS | Nader
2026-04-17 10:00:57,593 - INFO - AUTH_SUCCESS Nader
2026-04-17 10:00:57.593610 | AUTH_SUCCESS | Nader
2026-04-17 10:00:57,837 - INFO - AUTH_SUCCESS Nader
2026-04-17 10:00:57.842059 | AUTH_SUCCESS | Nader
2026-04-17 10:00:58,092 - INFO - AUTH_SUCCESS Nader
2026-04-17 10:00:58.093659 | AUTH_SUCCESS | Nader
2026-04-17 10:00:58,337 - INFO - AUTH_SUCCESS Nader
2026-04-17 10:00:58.338668 | AUTH_SUCCESS | Nader
2026-04-17 10:00:58,583 - INFO - AUTH_SUCCESS Nader
2026-04-17 10:00:58.583335 | AUTH_SUCCESS | Nader
2026-04-17 10:01:03,246 - INFO - AUTH_SUCCESS Nader
2026-04-17 10:01:03.247489 | AUTH_SUCCESS | Nader
2026-04-17 10:01:03,332 - INFO - AUTH_FAIL_NO_FACE ANONYMOUS
2026-04-17 10:01:34,406 - INFO - AUTH_SUCCESS Nader
2026-04-17 10:01:34.407710 | AUTH_SUCCESS | Nader
2026-04-17 10:01:34,668 - INFO - AUTH_SUCCESS Nader
2026-04-17 10:01:34.669413 | AUTH_SUCCESS | Nader
2026-04-17 10:01:34,916 - INFO - AUTH_SUCCESS Nader
2026-04-17 10:01:34.916018 | AUTH_SUCCESS | Nader
2026-04-17 10:01:35,175 - INFO - AUTH_SUCCESS Nader
2026-04-17 10:01:35.176281 | AUTH_SUCCESS | Nader
2026-04-17 10:01:35,421 - INFO - AUTH_SUCCESS Nader
2026-04-17 10:01:35.421620 | AUTH_SUCCESS | Nader
2026-04-17 10:01:35,668 - INFO - AUTH_SUCCESS Nader
2026-04-17 10:01:35.669966 | AUTH_SUCCESS | Nader
2026-04-17 10:01:35,915 - INFO - AUTH_SUCCESS Nader
2026-04-17 10:01:35.916040 | AUTH_SUCCESS | Nader
2026-04-17 10:01:36,168 - INFO - AUTH_SUCCESS Nader
2026-04-17 10:01:36.169031 | AUTH_SUCCESS | Nader
2026-04-17 10:01:36,417 - INFO - AUTH_SUCCESS Nader
2026-04-17 10:01:36.418649 | AUTH_SUCCESS | Nader
2026-04-17 10:01:36,667 - INFO - AUTH_SUCCESS Nader
2026-04-17 10:01:36.668602 | AUTH_SUCCESS | Nader
2026-04-17 10:01:36,921 - INFO - AUTH_SUCCESS Nader
2026-04-17 10:01:36.922091 | AUTH_SUCCESS | Nader
2026-04-17 10:01:37,170 - INFO - AUTH_SUCCESS Nader
2026-04-17 10:01:37.170886 | AUTH_SUCCESS | Nader
2026-04-17 10:01:37,417 - INFO - AUTH_SUCCESS Nader
2026-04-17 10:01:37.418346 | AUTH_SUCCESS | Nader
2026-04-17 10:01:37,664 - INFO - AUTH_SUCCESS Nader
2026-04-17 10:01:37.665058 | AUTH_SUCCESS | Nader
2026-04-17 10:01:37,983 - INFO - AUTH_SUCCESS Nader
2026-04-17 10:01:37.984787 | AUTH_SUCCESS | Nader
2026-04-17 10:01:38,462 - INFO - AUTH_SUCCESS Nader
2026-04-17 10:01:38.463144 | AUTH_SUCCESS | Nader
2026-04-17 10:01:38,940 - INFO - AUTH_SUCCESS Nader
2026-04-17 10:01:38.941466 | AUTH_SUCCESS | Nader
2026-04-17 10:01:39,426 - INFO - AUTH_SUCCESS Nader
2026-04-17 10:01:39.427682 | AUTH_SUCCESS | Nader
2026-04-17 10:01:39,914 - INFO - AUTH_SUCCESS Nader
2026-04-17 10:01:39.914683 | AUTH_SUCCESS | Nader
2026-04-17 10:01:40,384 - INFO - AUTH_SUCCESS Nader
2026-04-17 10:01:40.384553 | AUTH_SUCCESS | Nader
2026-04-17 10:01:40,860 - INFO - AUTH_SUCCESS Nader
2026-04-17 10:01:40.860606 | AUTH_SUCCESS | Nader
2026-04-17 10:01:41,339 - INFO - AUTH_SUCCESS Nader
2026-04-17 10:01:41.340431 | AUTH_SUCCESS | Nader
2026-04-17 10:01:41,806 - INFO - AUTH_SUCCESS Nader
2026-04-17 10:01:41.807776 | AUTH_SUCCESS | Nader
2026-04-17 10:01:42,755 - INFO - AUTH_SUCCESS Nader
2026-04-17 10:01:42.755488 | AUTH_SUCCESS | Nader
2026-04-17 10:01:43,222 - INFO - AUTH_SUCCESS Nader
2026-04-17 10:01:43.224011 | AUTH_SUCCESS | Nader
2026-04-17 10:01:43,889 - INFO - AUTH_SUCCESS Nader
2026-04-17 10:01:43.889552 | AUTH_SUCCESS | Nader
2026-04-17 10:01:44,368 - INFO - AUTH_SUCCESS Nader
2026-04-17 10:01:44.369641 | AUTH_SUCCESS | Nader
2026-04-17 10:01:44,853 - INFO - AUTH_SUCCESS Nader
2026-04-17 10:01:44.853828 | AUTH_SUCCESS | Nader
2026-04-17 10:01:45,328 - INFO - AUTH_SUCCESS Nader
2026-04-17 10:01:45.328961 | AUTH_SUCCESS | Nader
2026-04-17 10:01:45,809 - INFO - AUTH_SUCCESS Nader
2026-04-17 10:01:45.809997 | AUTH_SUCCESS | Nader
2026-04-17 10:01:46,381 - INFO - AUTH_SUCCESS Nader
2026-04-17 10:01:46.381725 | AUTH_SUCCESS | Nader
2026-04-17 10:01:46,918 - INFO - AUTH_SUCCESS Nader
2026-04-17 10:01:46.919874 | AUTH_SUCCESS | Nader
2026-04-17 10:01:47,479 - INFO - AUTH_SUCCESS Nader
2026-04-17 10:01:47.480470 | AUTH_SUCCESS | Nader
2026-04-17 10:01:48,021 - INFO - AUTH_SUCCESS Nader
2026-04-17 10:01:48.022972 | AUTH_SUCCESS | Nader
2026-04-17 10:01:48,594 - INFO - AUTH_SUCCESS Nader
2026-04-17 10:01:48.595422 | AUTH_SUCCESS | Nader
2026-04-17 10:01:49,106 - INFO - AUTH_SUCCESS Nader
2026-04-17 10:01:49.107175 | AUTH_SUCCESS | Nader
2026-04-17 10:01:49,594 - INFO - AUTH_SUCCESS Nader
2026-04-17 10:01:49.595111 | AUTH_SUCCESS | Nader
2026-04-17 10:01:50,110 - INFO - AUTH_SUCCESS Nader
2026-04-17 10:01:50.110321 | AUTH_SUCCESS | Nader
2026-04-17 10:01:50,414 - INFO - AUTH_SUCCESS Nader
2026-04-17 10:01:50.415739 | AUTH_SUCCESS | Nader
2026-04-17 10:01:50,675 - INFO - AUTH_SUCCESS Nader
2026-04-17 10:01:50.675953 | AUTH_SUCCESS | Nader
2026-04-17 10:01:50,928 - INFO - AUTH_SUCCESS Nader
2026-04-17 10:01:50.928796 | AUTH_SUCCESS | Nader
2026-04-17 10:01:51,182 - INFO - AUTH_SUCCESS Nader
2026-04-17 10:01:51.183655 | AUTH_SUCCESS | Nader
2026-04-17 10:01:51,469 - INFO - AUTH_SUCCESS Nader
2026-04-17 10:01:51.469150 | AUTH_SUCCESS | Nader
2026-04-17 10:01:51,731 - INFO - AUTH_SUCCESS Nader
2026-04-17 10:01:51.731534 | AUTH_SUCCESS | Nader
2026-04-17 10:01:51,986 - INFO - AUTH_SUCCESS Nader
2026-04-17 10:01:51.986875 | AUTH_SUCCESS | Nader
2026-04-17 10:01:52,258 - INFO - AUTH_SUCCESS Nader
2026-04-17 10:01:52.258524 | AUTH_SUCCESS | Nader
2026-04-17 10:01:52,522 - INFO - AUTH_SUCCESS Nader
2026-04-17 10:01:52.522334 | AUTH_SUCCESS | Nader
2026-04-17 10:01:52,786 - INFO - AUTH_SUCCESS Nader
2026-04-17 10:01:52.786234 | AUTH_SUCCESS | Nader
2026-04-17 10:01:53,067 - INFO - AUTH_SUCCESS Nader
2026-04-17 10:01:53.067197 | AUTH_SUCCESS | Nader
2026-04-17 10:01:53,337 - INFO - AUTH_SUCCESS Nader
2026-04-17 10:01:53.337124 | AUTH_SUCCESS | Nader
2026-04-17 10:01:53,712 - INFO - AUTH_SUCCESS Nader
2026-04-17 10:01:53.712419 | AUTH_SUCCESS | Nader
2026-04-17 10:01:53,981 - INFO - AUTH_SUCCESS Nader
2026-04-17 10:01:53.981477 | AUTH_SUCCESS | Nader
2026-04-17 10:01:54,257 - INFO - AUTH_SUCCESS Nader
2026-04-17 10:01:54.257236 | AUTH_SUCCESS | Nader
2026-04-17 10:01:54,527 - INFO - AUTH_SUCCESS Nader
2026-04-17 10:01:54.528471 | AUTH_SUCCESS | Nader
2026-04-17 10:01:54,787 - INFO - AUTH_SUCCESS Nader
2026-04-17 10:01:54.787822 | AUTH_SUCCESS | Nader
2026-04-17 10:01:55,058 - INFO - AUTH_SUCCESS Nader
2026-04-17 10:01:55.058380 | AUTH_SUCCESS | Nader
2026-04-17 10:01:55,360 - INFO - AUTH_SUCCESS Nader
2026-04-17 10:01:55.361677 | AUTH_SUCCESS | Nader
2026-04-17 10:01:55,661 - INFO - AUTH_SUCCESS Nader
2026-04-17 10:01:55.662786 | AUTH_SUCCESS | Nader
2026-04-17 10:01:55,915 - INFO - AUTH_SUCCESS Nader
2026-04-17 10:01:55.915103 | AUTH_SUCCESS | Nader
2026-04-17 10:01:56,167 - INFO - AUTH_SUCCESS Nader
2026-04-17 10:01:56.167098 | AUTH_SUCCESS | Nader
2026-04-17 10:01:56,425 - INFO - AUTH_SUCCESS Nader
2026-04-17 10:01:56.425159 | AUTH_SUCCESS | Nader
2026-04-17 10:01:56,679 - INFO - AUTH_SUCCESS Nader
2026-04-17 10:01:56.680341 | AUTH_SUCCESS | Nader
2026-04-17 10:01:56,928 - INFO - AUTH_SUCCESS Nader
2026-04-17 10:01:56.929799 | AUTH_SUCCESS | Nader
2026-04-17 10:01:57,189 - INFO - AUTH_SUCCESS Nader
2026-04-17 10:01:57.189363 | AUTH_SUCCESS | Nader
2026-04-17 10:01:57,441 - INFO - AUTH_SUCCESS Nader
2026-04-17 10:01:57.441953 | AUTH_SUCCESS | Nader
2026-04-17 10:01:57,717 - INFO - AUTH_SUCCESS Nader
2026-04-17 10:01:57.717818 | AUTH_SUCCESS | Nader
2026-04-17 10:01:57,966 - INFO - AUTH_SUCCESS Nader
2026-04-17 10:01:57.967104 | AUTH_SUCCESS | Nader
2026-04-17 10:01:58,259 - INFO - AUTH_SUCCESS Nader
2026-04-17 10:01:58.259710 | AUTH_SUCCESS | Nader
2026-04-17 10:01:58,525 - INFO - AUTH_SUCCESS Nader
2026-04-17 10:01:58.525590 | AUTH_SUCCESS | Nader
2026-04-17 10:01:58,779 - INFO - AUTH_SUCCESS Nader
2026-04-17 10:01:58.780229 | AUTH_SUCCESS | Nader
2026-04-17 10:01:59,038 - INFO - AUTH_SUCCESS Nader
2026-04-17 10:01:59.039963 | AUTH_SUCCESS | Nader
2026-04-17 10:01:59,292 - INFO - AUTH_SUCCESS Nader
2026-04-17 10:01:59.293766 | AUTH_SUCCESS | Nader
2026-04-17 10:01:59,537 - INFO - AUTH_SUCCESS Nader
2026-04-17 10:01:59.537820 | AUTH_SUCCESS | Nader
2026-04-17 10:01:59,791 - INFO - AUTH_SUCCESS Nader
2026-04-17 10:01:59.792731 | AUTH_SUCCESS | Nader
2026-04-17 10:02:00,045 - INFO - AUTH_SUCCESS Nader
2026-04-17 10:02:00.045729 | AUTH_SUCCESS | Nader
2026-04-17 10:02:00,299 - INFO - AUTH_SUCCESS Nader
2026-04-17 10:02:00.299599 | AUTH_SUCCESS | Nader
2026-04-17 10:02:00,814 - INFO - AUTH_SUCCESS Nader
2026-04-17 10:02:00.814551 | AUTH_SUCCESS | Nader
2026-04-17 10:02:01,078 - INFO - AUTH_SUCCESS Nader
2026-04-17 10:02:01.079159 | AUTH_SUCCESS | Nader
2026-04-17 10:02:01,338 - INFO - AUTH_SUCCESS Nader
2026-04-17 10:02:01.339600 | AUTH_SUCCESS | Nader
2026-04-17 10:02:01,589 - INFO - AUTH_SUCCESS Nader
2026-04-17 10:02:01.589030 | AUTH_SUCCESS | Nader
2026-04-17 10:08:10,892 - INFO - AUTH_SUCCESS Nader
2026-04-17 10:08:10.893922 | AUTH_SUCCESS | Nader
2026-04-17 10:08:11,181 - INFO - AUTH_SUCCESS Nader
2026-04-17 10:08:11.182484 | AUTH_SUCCESS | Nader
2026-04-17 10:08:11,477 - INFO - AUTH_SUCCESS Nader
2026-04-17 10:08:11.477210 | AUTH_SUCCESS | Nader
2026-04-17 10:08:11,737 - INFO - AUTH_SUCCESS Nader
2026-04-17 10:08:11.738416 | AUTH_SUCCESS | Nader
2026-04-17 10:08:11,994 - INFO - AUTH_SUCCESS Nader
2026-04-17 10:08:11.994216 | AUTH_SUCCESS | Nader
2026-04-17 10:08:12,266 - INFO - AUTH_SUCCESS Nader
2026-04-17 10:08:12.266436 | AUTH_SUCCESS | Nader
2026-04-17 10:08:12,534 - INFO - AUTH_SUCCESS Nader
2026-04-17 10:08:12.535339 | AUTH_SUCCESS | Nader
2026-04-17 10:08:12,784 - INFO - AUTH_SUCCESS Nader
2026-04-17 10:08:12.784568 | AUTH_SUCCESS | Nader
2026-04-17 10:08:13,044 - INFO - AUTH_SUCCESS Nader
2026-04-17 10:08:13.044850 | AUTH_SUCCESS | Nader
2026-04-17 10:08:13,299 - INFO - AUTH_SUCCESS Nader
2026-04-17 10:08:13.299374 | AUTH_SUCCESS | Nader
2026-04-17 10:08:13,554 - INFO - AUTH_SUCCESS Nader
2026-04-17 10:08:13.554727 | AUTH_SUCCESS | Nader
2026-04-17 10:08:13,812 - INFO - AUTH_SUCCESS Nader
2026-04-17 10:08:13.813223 | AUTH_SUCCESS | Nader
2026-04-17 10:08:14,066 - INFO - AUTH_SUCCESS Nader
2026-04-17 10:08:14.066563 | AUTH_SUCCESS | Nader
2026-04-17 10:08:14,335 - INFO - AUTH_SUCCESS Nader
2026-04-17 10:08:14.335854 | AUTH_SUCCESS | Nader
2026-04-17 10:08:14,587 - INFO - AUTH_SUCCESS Nader
2026-04-17 10:08:14.587841 | AUTH_SUCCESS | Nader
2026-04-17 10:08:14,838 - INFO - AUTH_SUCCESS Nader
2026-04-17 10:08:14.838355 | AUTH_SUCCESS | Nader
2026-04-17 10:08:15,100 - INFO - AUTH_SUCCESS Nader
2026-04-17 10:08:15.101755 | AUTH_SUCCESS | Nader
2026-04-17 10:08:15,352 - INFO - AUTH_SUCCESS Nader
2026-04-17 10:08:15.352337 | AUTH_SUCCESS | Nader
2026-04-17 10:08:15,604 - INFO - AUTH_SUCCESS Nader
2026-04-17 10:08:15.604698 | AUTH_SUCCESS | Nader
2026-04-17 10:08:15,854 - INFO - AUTH_SUCCESS Nader
2026-04-17 10:08:15.854845 | AUTH_SUCCESS | Nader
2026-04-17 10:08:16,108 - INFO - AUTH_SUCCESS Nader
2026-04-17 10:08:16.109645 | AUTH_SUCCESS | Nader
2026-04-17 10:08:16,353 - INFO - AUTH_SUCCESS Nader
2026-04-17 10:08:16.354238 | AUTH_SUCCESS | Nader
2026-04-17 10:08:16,613 - INFO - AUTH_SUCCESS Nader
2026-04-17 10:08:16.613828 | AUTH_SUCCESS | Nader
2026-04-17 10:08:16,867 - INFO - AUTH_SUCCESS Nader
2026-04-17 10:08:16.868454 | AUTH_SUCCESS | Nader
2026-04-17 10:08:17,132 - INFO - AUTH_SUCCESS Nader
2026-04-17 10:08:17.132487 | AUTH_SUCCESS | Nader
2026-04-17 10:08:17,381 - INFO - AUTH_SUCCESS Nader
2026-04-17 10:08:17.382145 | AUTH_SUCCESS | Nader
2026-04-17 10:08:17,648 - INFO - AUTH_SUCCESS Nader
2026-04-17 10:08:17.649787 | AUTH_SUCCESS | Nader
2026-04-17 10:08:17,897 - INFO - AUTH_SUCCESS Nader
2026-04-17 10:08:17.898395 | AUTH_SUCCESS | Nader
2026-04-17 10:08:18,156 - INFO - AUTH_SUCCESS Nader
2026-04-17 10:08:18.156155 | AUTH_SUCCESS | Nader
2026-04-17 10:08:18,404 - INFO - AUTH_SUCCESS Nader
2026-04-17 10:08:18.405155 | AUTH_SUCCESS | Nader
2026-04-17 10:08:18,687 - INFO - AUTH_SUCCESS Nader
2026-04-17 10:08:18.688755 | AUTH_SUCCESS | Nader
2026-04-17 10:08:18,945 - INFO - AUTH_SUCCESS Nader
2026-04-17 10:08:18.945538 | AUTH_SUCCESS | Nader
2026-04-17 10:08:19,205 - INFO - AUTH_SUCCESS Nader
2026-04-17 10:08:19.206079 | AUTH_SUCCESS | Nader
2026-04-17 10:08:19,454 - INFO - AUTH_SUCCESS Nader
2026-04-17 10:08:19.454153 | AUTH_SUCCESS | Nader
2026-04-17 10:08:19,712 - INFO - AUTH_SUCCESS Nader
2026-04-17 10:08:19.712174 | AUTH_SUCCESS | Nader
2026-04-17 10:08:19,961 - INFO - AUTH_SUCCESS Nader
2026-04-17 10:08:19.962019 | AUTH_SUCCESS | Nader
2026-04-17 10:08:20,227 - INFO - AUTH_SUCCESS Nader
2026-04-17 10:08:20.227711 | AUTH_SUCCESS | Nader
2026-04-17 10:08:20,484 - INFO - AUTH_SUCCESS Nader
2026-04-17 10:08:20.484584 | AUTH_SUCCESS | Nader
2026-04-17 10:08:20,744 - INFO - AUTH_SUCCESS Nader
2026-04-17 10:08:20.744711 | AUTH_SUCCESS | Nader
2026-04-17 10:08:20,995 - INFO - AUTH_SUCCESS Nader
2026-04-17 10:08:20.996675 | AUTH_SUCCESS | Nader
2026-04-17 10:08:21,255 - INFO - AUTH_SUCCESS Nader
2026-04-17 10:08:21.255490 | AUTH_SUCCESS | Nader
2026-04-17 10:08:21,504 - INFO - AUTH_SUCCESS Nader
2026-04-17 10:08:21.505798 | AUTH_SUCCESS | Nader
2026-04-17 10:08:21,796 - INFO - AUTH_SUCCESS Nader
2026-04-17 10:08:21.796271 | AUTH_SUCCESS | Nader
2026-04-17 10:08:22,054 - INFO - AUTH_SUCCESS Nader
2026-04-17 10:08:22.054241 | AUTH_SUCCESS | Nader
2026-04-17 10:08:22,339 - INFO - AUTH_SUCCESS Nader
2026-04-17 10:08:22.340267 | AUTH_SUCCESS | Nader
2026-04-17 10:08:22,593 - INFO - AUTH_SUCCESS Nader
2026-04-17 10:08:22.594511 | AUTH_SUCCESS | Nader
2026-04-17 10:08:22,852 - INFO - AUTH_SUCCESS Nader
2026-04-17 10:08:22.853087 | AUTH_SUCCESS | Nader
2026-04-17 10:08:23,106 - INFO - AUTH_SUCCESS Nader
2026-04-17 10:08:23.107649 | AUTH_SUCCESS | Nader
2026-04-17 10:08:23,357 - INFO - AUTH_SUCCESS Nader
2026-04-17 10:08:23.357416 | AUTH_SUCCESS | Nader
2026-04-17 10:08:23,609 - INFO - AUTH_SUCCESS Nader
2026-04-17 10:08:23.610337 | AUTH_SUCCESS | Nader
2026-04-17 10:08:23,862 - INFO - AUTH_SUCCESS Nader
2026-04-17 10:08:23.862796 | AUTH_SUCCESS | Nader
2026-04-17 10:08:24,120 - INFO - AUTH_SUCCESS Nader
2026-04-17 10:08:24.121933 | AUTH_SUCCESS | Nader
2026-04-17 10:08:24,373 - INFO - AUTH_SUCCESS Nader
2026-04-17 10:08:24.373212 | AUTH_SUCCESS | Nader
2026-04-17 10:08:24,622 - INFO - AUTH_SUCCESS Nader
2026-04-17 10:08:24.622831 | AUTH_SUCCESS | Nader
2026-04-17 10:08:24,873 - INFO - AUTH_SUCCESS Nader
2026-04-17 10:08:24.874672 | AUTH_SUCCESS | Nader
2026-04-17 10:08:25,127 - INFO - AUTH_SUCCESS Nader
2026-04-17 10:08:25.128017 | AUTH_SUCCESS | Nader
2026-04-17 10:08:25,382 - INFO - AUTH_SUCCESS Nader
2026-04-17 10:08:25.383302 | AUTH_SUCCESS | Nader
2026-04-17 10:08:25,633 - INFO - AUTH_SUCCESS Nader
2026-04-17 10:08:25.633806 | AUTH_SUCCESS | Nader
2026-04-17 10:08:25,887 - INFO - AUTH_SUCCESS Nader
2026-04-17 10:08:25.887826 | AUTH_SUCCESS | Nader
2026-04-17 10:08:26,140 - INFO - AUTH_SUCCESS Nader
2026-04-17 10:08:26.140882 | AUTH_SUCCESS | Nader
2026-04-17 10:08:26,396 - INFO - AUTH_SUCCESS Nader
2026-04-17 10:08:26.397206 | AUTH_SUCCESS | Nader
2026-04-17 10:08:26,649 - INFO - AUTH_SUCCESS Nader
2026-04-17 10:08:26.649566 | AUTH_SUCCESS | Nader
2026-04-17 10:08:26,903 - INFO - AUTH_SUCCESS Nader
2026-04-17 10:08:26.904523 | AUTH_SUCCESS | Nader
2026-04-17 10:08:27,170 - INFO - AUTH_SUCCESS Nader
2026-04-17 10:08:27.170258 | AUTH_SUCCESS | Nader
2026-04-17 10:08:27,425 - INFO - AUTH_SUCCESS Nader
2026-04-17 10:08:27.426922 | AUTH_SUCCESS | Nader
2026-04-17 10:08:27,681 - INFO - AUTH_SUCCESS Nader
2026-04-17 10:08:27.681739 | AUTH_SUCCESS | Nader
2026-04-17 10:08:27,938 - INFO - AUTH_SUCCESS Nader
2026-04-17 10:08:27.939835 | AUTH_SUCCESS | Nader
2026-04-17 10:08:28,207 - INFO - AUTH_SUCCESS Nader
2026-04-17 10:08:28.208844 | AUTH_SUCCESS | Nader
2026-04-17 10:08:28,464 - INFO - AUTH_SUCCESS Nader
2026-04-17 10:08:28.465819 | AUTH_SUCCESS | Nader
2026-04-17 10:08:28,718 - INFO - AUTH_SUCCESS Nader
2026-04-17 10:08:28.718298 | AUTH_SUCCESS | Nader
2026-04-17 10:08:28,974 - INFO - AUTH_SUCCESS Nader
2026-04-17 10:08:28.974973 | AUTH_SUCCESS | Nader
2026-04-17 10:08:29,233 - INFO - AUTH_SUCCESS Nader
2026-04-17 10:08:29.233951 | AUTH_SUCCESS | Nader
2026-04-17 10:08:29,486 - INFO - AUTH_SUCCESS Nader
2026-04-17 10:08:29.486624 | AUTH_SUCCESS | Nader
2026-04-17 10:08:29,740 - INFO - AUTH_SUCCESS Nader
2026-04-17 10:08:29.741515 | AUTH_SUCCESS | Nader
2026-04-17 10:08:30,014 - INFO - AUTH_SUCCESS Nader
2026-04-17 10:08:30.014491 | AUTH_SUCCESS | Nader
2026-04-17 10:08:30,271 - INFO - AUTH_SUCCESS Nader
2026-04-17 10:08:30.271622 | AUTH_SUCCESS | Nader
2026-04-17 10:08:30,528 - INFO - AUTH_SUCCESS Nader
2026-04-17 10:08:30.529916 | AUTH_SUCCESS | Nader
2026-04-17 10:08:30,779 - INFO - AUTH_SUCCESS Nader
2026-04-17 10:08:30.780539 | AUTH_SUCCESS | Nader
2026-04-17 10:08:31,038 - INFO - AUTH_SUCCESS Nader
2026-04-17 10:08:31.038200 | AUTH_SUCCESS | Nader
2026-04-17 10:08:31,288 - INFO - AUTH_SUCCESS Nader
2026-04-17 10:08:31.288187 | AUTH_SUCCESS | Nader
2026-04-17 10:08:31,545 - INFO - AUTH_SUCCESS Nader
2026-04-17 10:08:31.546863 | AUTH_SUCCESS | Nader
2026-04-17 10:08:31,797 - INFO - AUTH_SUCCESS Nader
2026-04-17 10:08:31.798221 | AUTH_SUCCESS | Nader
2026-04-17 10:08:32,056 - INFO - AUTH_SUCCESS Nader
2026-04-17 10:08:32.057407 | AUTH_SUCCESS | Nader
2026-04-17 10:08:32,304 - INFO - AUTH_SUCCESS Nader
2026-04-17 10:08:32.304038 | AUTH_SUCCESS | Nader
2026-04-17 10:08:32,559 - INFO - AUTH_SUCCESS Nader
2026-04-17 10:08:32.560013 | AUTH_SUCCESS | Nader
2026-04-17 10:08:32,807 - INFO - AUTH_SUCCESS Nader
2026-04-17 10:08:32.807809 | AUTH_SUCCESS | Nader
2026-04-17 10:08:33,072 - INFO - AUTH_SUCCESS Nader
2026-04-17 10:08:33.072274 | AUTH_SUCCESS | Nader
2026-04-17 10:08:33,318 - INFO - AUTH_SUCCESS Nader
2026-04-17 10:08:33.318870 | AUTH_SUCCESS | Nader
2026-04-17 10:08:33,583 - INFO - AUTH_SUCCESS Nader
2026-04-17 10:08:33.583647 | AUTH_SUCCESS | Nader
2026-04-17 10:08:33,831 - INFO - AUTH_SUCCESS Nader
2026-04-17 10:08:33.832260 | AUTH_SUCCESS | Nader
2026-04-17 10:08:34,092 - INFO - AUTH_SUCCESS Nader
2026-04-17 10:08:34.092721 | AUTH_SUCCESS | Nader
2026-04-17 10:08:34,347 - INFO - AUTH_SUCCESS Nader
2026-04-17 10:08:34.347485 | AUTH_SUCCESS | Nader
2026-04-17 10:08:34,605 - INFO - AUTH_SUCCESS Nader
2026-04-17 10:08:34.606811 | AUTH_SUCCESS | Nader
2026-04-17 10:08:34,854 - INFO - AUTH_SUCCESS Nader
2026-04-17 10:08:34.855069 | AUTH_SUCCESS | Nader
2026-04-17 10:08:35,108 - INFO - AUTH_SUCCESS Nader
2026-04-17 10:08:35.109862 | AUTH_SUCCESS | Nader
2026-04-17 10:08:35,361 - INFO - AUTH_SUCCESS Nader
2026-04-17 10:08:35.362498 | AUTH_SUCCESS | Nader
2026-04-17 10:08:35,618 - INFO - AUTH_SUCCESS Nader
2026-04-17 10:08:35.618435 | AUTH_SUCCESS | Nader
2026-04-17 10:08:35,867 - INFO - AUTH_SUCCESS Nader
2026-04-17 10:08:35.867927 | AUTH_SUCCESS | Nader
2026-04-17 10:08:36,131 - INFO - AUTH_SUCCESS Nader
2026-04-17 10:08:36.131376 | AUTH_SUCCESS | Nader
2026-04-17 10:08:36,381 - INFO - AUTH_SUCCESS Nader
2026-04-17 10:08:36.381143 | AUTH_SUCCESS | Nader
2026-04-17 10:08:36,645 - INFO - AUTH_SUCCESS Nader
2026-04-17 10:08:36.645227 | AUTH_SUCCESS | Nader
2026-04-17 10:08:36,894 - INFO - AUTH_SUCCESS Nader
2026-04-17 10:08:36.895602 | AUTH_SUCCESS | Nader
2026-04-17 10:08:37,166 - INFO - AUTH_SUCCESS Nader
2026-04-17 10:08:37.166100 | AUTH_SUCCESS | Nader
2026-04-17 10:08:37,416 - INFO - AUTH_SUCCESS Nader
2026-04-17 10:08:37.416522 | AUTH_SUCCESS | Nader
2026-04-17 10:08:37,672 - INFO - AUTH_SUCCESS Nader
2026-04-17 10:08:37.672140 | AUTH_SUCCESS | Nader
2026-04-17 10:08:37,923 - INFO - AUTH_SUCCESS Nader
2026-04-17 10:08:37.924894 | AUTH_SUCCESS | Nader
2026-04-17 10:08:38,191 - INFO - AUTH_SUCCESS Nader
2026-04-17 10:08:38.191490 | AUTH_SUCCESS | Nader
2026-04-17 10:08:38,441 - INFO - AUTH_SUCCESS Nader
2026-04-17 10:08:38.442973 | AUTH_SUCCESS | Nader
2026-04-17 10:08:38,695 - INFO - AUTH_SUCCESS Nader
2026-04-17 10:08:38.695683 | AUTH_SUCCESS | Nader
2026-04-17 10:08:38,945 - INFO - AUTH_SUCCESS Nader
2026-04-17 10:08:38.946851 | AUTH_SUCCESS | Nader
2026-04-17 10:08:39,208 - INFO - AUTH_SUCCESS Nader
2026-04-17 10:08:39.209659 | AUTH_SUCCESS | Nader
2026-04-17 10:08:39,460 - INFO - AUTH_SUCCESS Nader
2026-04-17 10:08:39.460632 | AUTH_SUCCESS | Nader
2026-04-17 10:08:39,714 - INFO - AUTH_SUCCESS Nader
2026-04-17 10:08:39.714621 | AUTH_SUCCESS | Nader
2026-04-17 10:08:39,966 - INFO - AUTH_SUCCESS Nader
2026-04-17 10:08:39.966149 | AUTH_SUCCESS | Nader
2026-04-17 10:08:40,221 - INFO - AUTH_SUCCESS Nader
2026-04-17 10:08:40.221590 | AUTH_SUCCESS | Nader
2026-04-17 10:08:40,472 - INFO - AUTH_SUCCESS Nader
2026-04-17 10:08:40.473044 | AUTH_SUCCESS | Nader
2026-04-17 10:08:40,723 - INFO - AUTH_SUCCESS Nader
2026-04-17 10:08:40.723492 | AUTH_SUCCESS | Nader
2026-04-17 10:08:40,972 - INFO - AUTH_SUCCESS Nader
2026-04-17 10:08:40.973493 | AUTH_SUCCESS | Nader
2026-04-17 10:08:41,219 - INFO - AUTH_SUCCESS Nader
2026-04-17 10:08:41.219892 | AUTH_SUCCESS | Nader
2026-04-17 10:08:41,464 - INFO - AUTH_SUCCESS Nader
2026-04-17 10:08:41.464319 | AUTH_SUCCESS | Nader
2026-04-17 10:08:41,713 - INFO - AUTH_SUCCESS Nader
2026-04-17 10:08:41.713714 | AUTH_SUCCESS | Nader
2026-04-17 10:08:41,955 - INFO - AUTH_SUCCESS Nader
2026-04-17 10:08:41.955873 | AUTH_SUCCESS | Nader
2026-04-17 10:08:42,208 - INFO - AUTH_SUCCESS Nader
2026-04-17 10:08:42.209580 | AUTH_SUCCESS | Nader
2026-04-17 10:08:42,457 - INFO - AUTH_SUCCESS Nader
2026-04-17 10:08:42.457930 | AUTH_SUCCESS | Nader
2026-04-17 10:08:42,707 - INFO - AUTH_SUCCESS Nader
2026-04-17 10:08:42.707617 | AUTH_SUCCESS | Nader
2026-04-17 10:08:42,948 - INFO - AUTH_SUCCESS Nader
2026-04-17 10:08:42.949932 | AUTH_SUCCESS | Nader
2026-04-17 10:08:43,201 - INFO - AUTH_SUCCESS Nader
2026-04-17 10:08:43.201154 | AUTH_SUCCESS | Nader
2026-04-17 10:08:43,443 - INFO - AUTH_SUCCESS Nader
2026-04-17 10:08:43.443402 | AUTH_SUCCESS | Nader
2026-04-17 10:08:43,688 - INFO - AUTH_SUCCESS Nader
2026-04-17 10:08:43.688818 | AUTH_SUCCESS | Nader
2026-04-17 10:08:43,930 - INFO - AUTH_SUCCESS Nader
2026-04-17 10:08:43.931213 | AUTH_SUCCESS | Nader
2026-04-17 10:08:44,180 - INFO - AUTH_SUCCESS Nader
2026-04-17 10:08:44.180981 | AUTH_SUCCESS | Nader
2026-04-17 10:08:44,427 - INFO - AUTH_SUCCESS Nader
2026-04-17 10:08:44.428611 | AUTH_SUCCESS | Nader
2026-04-17 10:08:44,678 - INFO - AUTH_SUCCESS Nader
2026-04-17 10:08:44.679018 | AUTH_SUCCESS | Nader
2026-04-17 10:08:44,925 - INFO - AUTH_SUCCESS Nader
2026-04-17 10:08:44.925356 | AUTH_SUCCESS | Nader
2026-04-17 10:08:45,185 - INFO - AUTH_SUCCESS Nader
2026-04-17 10:08:45.185749 | AUTH_SUCCESS | Nader
2026-04-17 10:08:45,430 - INFO - AUTH_SUCCESS Nader
2026-04-17 10:08:45.431808 | AUTH_SUCCESS | Nader
2026-04-17 10:08:45,678 - INFO - AUTH_SUCCESS Nader
2026-04-17 10:08:45.679791 | AUTH_SUCCESS | Nader
2026-04-17 10:08:45,919 - INFO - AUTH_SUCCESS Nader
2026-04-17 10:08:45.919227 | AUTH_SUCCESS | Nader
2026-04-17 10:08:46,172 - INFO - AUTH_SUCCESS Nader
2026-04-17 10:08:46.172052 | AUTH_SUCCESS | Nader
2026-04-17 10:08:46,414 - INFO - AUTH_SUCCESS Nader
2026-04-17 10:08:46.414856 | AUTH_SUCCESS | Nader
2026-04-17 10:08:46,659 - INFO - AUTH_SUCCESS Nader
2026-04-17 10:08:46.660446 | AUTH_SUCCESS | Nader
2026-04-17 10:08:46,908 - INFO - AUTH_SUCCESS Nader
2026-04-17 10:08:46.908942 | AUTH_SUCCESS | Nader
2026-04-17 10:08:47,164 - INFO - AUTH_SUCCESS Nader
2026-04-17 10:08:47.165545 | AUTH_SUCCESS | Nader
2026-04-17 10:08:47,413 - INFO - AUTH_SUCCESS Nader
2026-04-17 10:08:47.413063 | AUTH_SUCCESS | Nader
2026-04-17 10:08:47,662 - INFO - AUTH_SUCCESS Nader
2026-04-17 10:08:47.663597 | AUTH_SUCCESS | Nader
2026-04-17 10:08:47,910 - INFO - AUTH_SUCCESS Nader
2026-04-17 10:08:47.910950 | AUTH_SUCCESS | Nader
2026-04-17 10:08:48,165 - INFO - AUTH_SUCCESS Nader
2026-04-17 10:08:48.165279 | AUTH_SUCCESS | Nader
2026-04-17 10:08:48,411 - INFO - AUTH_SUCCESS Nader
2026-04-17 10:08:48.412874 | AUTH_SUCCESS | Nader
2026-04-17 10:08:48,661 - INFO - AUTH_SUCCESS Nader
2026-04-17 10:08:48.661824 | AUTH_SUCCESS | Nader
2026-04-17 10:08:48,912 - INFO - AUTH_SUCCESS Nader
2026-04-17 10:08:48.913157 | AUTH_SUCCESS | Nader
2026-04-17 10:08:49,166 - INFO - AUTH_SUCCESS Nader
2026-04-17 10:08:49.166582 | AUTH_SUCCESS | Nader
2026-04-17 10:08:49,411 - INFO - AUTH_SUCCESS Nader
2026-04-17 10:08:49.411095 | AUTH_SUCCESS | Nader
2026-04-17 10:08:49,659 - INFO - AUTH_SUCCESS Nader
2026-04-17 10:08:49.660922 | AUTH_SUCCESS | Nader
2026-04-17 10:08:49,912 - INFO - AUTH_SUCCESS Nader
2026-04-17 10:08:49.913087 | AUTH_SUCCESS | Nader
2026-04-17 10:08:50,163 - INFO - AUTH_SUCCESS Nader
2026-04-17 10:08:50.163893 | AUTH_SUCCESS | Nader
2026-04-17 10:08:50,415 - INFO - AUTH_SUCCESS Nader
2026-04-17 10:08:50.416188 | AUTH_SUCCESS | Nader
2026-04-17 10:08:50,680 - INFO - AUTH_SUCCESS Nader
2026-04-17 10:08:50.681442 | AUTH_SUCCESS | Nader
2026-04-17 10:08:50,932 - INFO - AUTH_SUCCESS Nader
2026-04-17 10:08:50.932363 | AUTH_SUCCESS | Nader
2026-04-17 10:08:51,182 - INFO - AUTH_SUCCESS Nader
2026-04-17 10:08:51.183531 | AUTH_SUCCESS | Nader
2026-04-17 10:08:51,436 - INFO - AUTH_SUCCESS Nader
2026-04-17 10:08:51.437322 | AUTH_SUCCESS | Nader
2026-04-17 10:08:51,684 - INFO - AUTH_SUCCESS Nader
2026-04-17 10:08:51.685863 | AUTH_SUCCESS | Nader
2026-04-17 10:08:51,712 - INFO - AUTH_FAIL_NO_FACE ANONYMOUS
2026-04-17 10:08:51,979 - INFO - AUTH_SUCCESS Nader
2026-04-17 10:08:51.980049 | AUTH_SUCCESS | Nader
2026-04-17 10:08:52,238 - INFO - AUTH_SUCCESS Nader
2026-04-17 10:08:52.238467 | AUTH_SUCCESS | Nader
2026-04-17 10:08:52,491 - INFO - AUTH_SUCCESS Nader
2026-04-17 10:08:52.491151 | AUTH_SUCCESS | Nader
2026-04-17 10:08:52,738 - INFO - AUTH_SUCCESS Nader
2026-04-17 10:08:52.739565 | AUTH_SUCCESS | Nader
2026-04-17 10:08:52,991 - INFO - AUTH_SUCCESS Nader
2026-04-17 10:08:52.991799 | AUTH_SUCCESS | Nader
2026-04-17 10:08:53,243 - INFO - AUTH_SUCCESS Nader
2026-04-17 10:08:53.243401 | AUTH_SUCCESS | Nader
2026-04-17 10:08:53,499 - INFO - AUTH_SUCCESS Nader
2026-04-17 10:08:53.499138 | AUTH_SUCCESS | Nader
2026-04-17 10:08:53,747 - INFO - AUTH_SUCCESS Nader
2026-04-17 10:08:53.747357 | AUTH_SUCCESS | Nader
2026-04-17 10:08:53,998 - INFO - AUTH_SUCCESS Nader
2026-04-17 10:08:53.999043 | AUTH_SUCCESS | Nader
2026-04-17 10:08:54,266 - INFO - AUTH_SUCCESS Nader
2026-04-17 10:08:54.267361 | AUTH_SUCCESS | Nader
2026-04-17 10:08:54,517 - INFO - AUTH_SUCCESS Nader
2026-04-17 10:08:54.517489 | AUTH_SUCCESS | Nader
2026-04-17 10:08:54,765 - INFO - AUTH_SUCCESS Nader
2026-04-17 10:08:54.765753 | AUTH_SUCCESS | Nader
2026-04-17 10:17:01,372 - INFO - AUTH_SUCCESS Nader
2026-04-17 10:17:01.372307 | AUTH_SUCCESS | Nader
2026-04-17 10:17:01,670 - INFO - AUTH_SUCCESS Nader
2026-04-17 10:17:01.670971 | AUTH_SUCCESS | Nader
2026-04-17 10:17:01,939 - INFO - AUTH_SUCCESS Nader
2026-04-17 10:17:01.939639 | AUTH_SUCCESS | Nader
2026-04-17 10:17:02,223 - INFO - AUTH_SUCCESS Nader
2026-04-17 10:17:02.223497 | AUTH_SUCCESS | Nader
2026-04-17 10:17:02,503 - INFO - AUTH_SUCCESS Nader
2026-04-17 10:17:02.503347 | AUTH_SUCCESS | Nader
2026-04-17 10:17:02,772 - INFO - AUTH_SUCCESS Nader
2026-04-17 10:17:02.772982 | AUTH_SUCCESS | Nader
2026-04-17 10:17:03,047 - INFO - AUTH_SUCCESS Nader
2026-04-17 10:17:03.047042 | AUTH_SUCCESS | Nader
2026-04-17 10:17:03,301 - INFO - AUTH_SUCCESS Nader
2026-04-17 10:17:03.301270 | AUTH_SUCCESS | Nader
2026-04-17 10:17:03,559 - INFO - AUTH_SUCCESS Nader
2026-04-17 10:17:03.560853 | AUTH_SUCCESS | Nader
2026-04-17 10:17:03,811 - INFO - AUTH_SUCCESS Nader
2026-04-17 10:17:03.811764 | AUTH_SUCCESS | Nader
2026-04-17 10:17:04,078 - INFO - AUTH_SUCCESS Nader
2026-04-17 10:17:04.078602 | AUTH_SUCCESS | Nader
2026-04-17 10:17:04,343 - INFO - AUTH_SUCCESS Nader
2026-04-17 10:17:04.343017 | AUTH_SUCCESS | Nader
2026-04-17 10:17:04,625 - INFO - AUTH_SUCCESS Nader
2026-04-17 10:17:04.626999 | AUTH_SUCCESS | Nader
2026-04-17 10:17:04,875 - INFO - AUTH_SUCCESS Nader
2026-04-17 10:17:04.876642 | AUTH_SUCCESS | Nader
2026-04-17 10:17:05,145 - INFO - AUTH_SUCCESS Nader
2026-04-17 10:17:05.145737 | AUTH_SUCCESS | Nader
2026-04-17 10:17:05,417 - INFO - AUTH_SUCCESS Nader
2026-04-17 10:17:05.418142 | AUTH_SUCCESS | Nader
2026-04-17 10:17:05,690 - INFO - AUTH_SUCCESS Nader
2026-04-17 10:17:05.691013 | AUTH_SUCCESS | Nader
2026-04-17 10:17:05,959 - INFO - AUTH_SUCCESS Nader
2026-04-17 10:17:05.960451 | AUTH_SUCCESS | Nader
2026-04-17 10:17:06,224 - INFO - AUTH_SUCCESS Nader
2026-04-17 10:17:06.225922 | AUTH_SUCCESS | Nader
2026-04-17 10:17:06,496 - INFO - AUTH_SUCCESS Nader
2026-04-17 10:17:06.496260 | AUTH_SUCCESS | Nader
2026-04-17 10:17:06,759 - INFO - AUTH_SUCCESS Nader
2026-04-17 10:17:06.759190 | AUTH_SUCCESS | Nader
2026-04-17 10:17:07,022 - INFO - AUTH_SUCCESS Nader
2026-04-17 10:17:07.022024 | AUTH_SUCCESS | Nader
2026-04-17 10:17:07,286 - INFO - AUTH_SUCCESS Nader
2026-04-17 10:17:07.286292 | AUTH_SUCCESS | Nader
2026-04-17 10:17:07,588 - INFO - AUTH_SUCCESS Nader
2026-04-17 10:17:07.588960 | AUTH_SUCCESS | Nader
2026-04-17 10:17:07,845 - INFO - AUTH_SUCCESS Nader
2026-04-17 10:17:07.845584 | AUTH_SUCCESS | Nader
2026-04-17 10:17:08,106 - INFO - AUTH_SUCCESS Nader
2026-04-17 10:17:08.107883 | AUTH_SUCCESS | Nader
2026-04-17 10:17:08,361 - INFO - AUTH_SUCCESS Nader
2026-04-17 10:17:08.361055 | AUTH_SUCCESS | Nader
2026-04-17 10:17:08,619 - INFO - AUTH_SUCCESS Nader
2026-04-17 10:17:08.620091 | AUTH_SUCCESS | Nader
2026-04-17 10:17:08,869 - INFO - AUTH_SUCCESS Nader
2026-04-17 10:17:08.870119 | AUTH_SUCCESS | Nader
2026-04-17 10:17:09,131 - INFO - AUTH_SUCCESS Nader
2026-04-17 10:17:09.131060 | AUTH_SUCCESS | Nader
2026-04-17 10:17:09,379 - INFO - AUTH_SUCCESS Nader
2026-04-17 10:17:09.379585 | AUTH_SUCCESS | Nader
2026-04-17 10:17:09,846 - INFO - AUTH_SUCCESS Nader
2026-04-17 10:17:09.846530 | AUTH_SUCCESS | Nader
2026-04-17 10:17:10,128 - INFO - AUTH_SUCCESS Nader
2026-04-17 10:17:10.129796 | AUTH_SUCCESS | Nader
2026-04-17 10:17:10,386 - INFO - AUTH_SUCCESS Nader
2026-04-17 10:17:10.387985 | AUTH_SUCCESS | Nader
2026-04-17 10:17:10,638 - INFO - AUTH_SUCCESS Nader
2026-04-17 10:17:10.639135 | AUTH_SUCCESS | Nader
2026-04-17 10:17:10,892 - INFO - AUTH_SUCCESS Nader
2026-04-17 10:17:10.893721 | AUTH_SUCCESS | Nader
2026-04-17 10:17:11,351 - INFO - AUTH_SUCCESS Nader
2026-04-17 10:17:11.352904 | AUTH_SUCCESS | Nader
2026-04-17 10:17:11,614 - INFO - AUTH_SUCCESS Nader
2026-04-17 10:17:11.614092 | AUTH_SUCCESS | Nader
2026-04-17 10:17:11,867 - INFO - AUTH_SUCCESS Nader
2026-04-17 10:17:11.868464 | AUTH_SUCCESS | Nader
2026-04-17 10:17:12,137 - INFO - AUTH_SUCCESS Nader
2026-04-17 10:17:12.137521 | AUTH_SUCCESS | Nader
2026-04-17 10:17:12,430 - INFO - AUTH_SUCCESS Nader
2026-04-17 10:17:12.430416 | AUTH_SUCCESS | Nader
2026-04-17 10:17:12,692 - INFO - AUTH_SUCCESS Nader
2026-04-17 10:17:12.693734 | AUTH_SUCCESS | Nader
2026-04-17 10:17:12,946 - INFO - AUTH_SUCCESS Nader
2026-04-17 10:17:12.947639 | AUTH_SUCCESS | Nader
2026-04-17 10:17:13,219 - INFO - AUTH_SUCCESS Nader
2026-04-17 10:17:13.219239 | AUTH_SUCCESS | Nader
2026-04-17 10:17:13,483 - INFO - AUTH_SUCCESS Nader
2026-04-17 10:17:13.483732 | AUTH_SUCCESS | Nader
2026-04-17 10:17:13,743 - INFO - AUTH_SUCCESS Nader
2026-04-17 10:17:13.743401 | AUTH_SUCCESS | Nader
2026-04-17 10:17:13,994 - INFO - AUTH_SUCCESS Nader
2026-04-17 10:17:13.994796 | AUTH_SUCCESS | Nader
2026-04-17 10:17:14,290 - INFO - AUTH_SUCCESS Nader
2026-04-17 10:17:14.290864 | AUTH_SUCCESS | Nader
2026-04-17 10:17:14,551 - INFO - AUTH_SUCCESS Nader
2026-04-17 10:17:14.551947 | AUTH_SUCCESS | Nader
2026-04-17 10:17:14,817 - INFO - AUTH_SUCCESS Nader
2026-04-17 10:17:14.817550 | AUTH_SUCCESS | Nader
2026-04-17 10:17:15,074 - INFO - AUTH_SUCCESS Nader
2026-04-17 10:17:15.074832 | AUTH_SUCCESS | Nader
2026-04-17 10:17:15,328 - INFO - AUTH_SUCCESS Nader
2026-04-17 10:17:15.329034 | AUTH_SUCCESS | Nader
2026-04-17 10:17:15,582 - INFO - AUTH_SUCCESS Nader
2026-04-17 10:17:15.583108 | AUTH_SUCCESS | Nader
2026-04-17 10:17:15,848 - INFO - AUTH_SUCCESS Nader
2026-04-17 10:17:15.849211 | AUTH_SUCCESS | Nader
2026-04-17 10:17:16,131 - INFO - AUTH_SUCCESS Nader
2026-04-17 10:17:16.131438 | AUTH_SUCCESS | Nader
2026-04-17 10:17:16,384 - INFO - AUTH_SUCCESS Nader
2026-04-17 10:17:16.385220 | AUTH_SUCCESS | Nader
2026-04-17 10:17:16,652 - INFO - AUTH_SUCCESS Nader
2026-04-17 10:17:16.653534 | AUTH_SUCCESS | Nader
2026-04-17 10:17:16,905 - INFO - AUTH_SUCCESS Nader
2026-04-17 10:17:16.906287 | AUTH_SUCCESS | Nader
2026-04-17 10:17:17,177 - INFO - AUTH_SUCCESS Nader
2026-04-17 10:17:17.178051 | AUTH_SUCCESS | Nader
2026-04-17 10:17:17,436 - INFO - AUTH_SUCCESS Nader
2026-04-17 10:17:17.436374 | AUTH_SUCCESS | Nader
2026-04-17 10:17:17,693 - INFO - AUTH_SUCCESS Nader
2026-04-17 10:17:17.693373 | AUTH_SUCCESS | Nader
2026-04-17 10:17:17,948 - INFO - AUTH_SUCCESS Nader
2026-04-17 10:17:17.949363 | AUTH_SUCCESS | Nader
2026-04-17 10:17:18,236 - INFO - AUTH_SUCCESS Nader
2026-04-17 10:17:18.236266 | AUTH_SUCCESS | Nader
2026-04-17 10:17:18,486 - INFO - AUTH_SUCCESS Nader
2026-04-17 10:17:18.486073 | AUTH_SUCCESS | Nader
2026-04-17 10:17:18,743 - INFO - AUTH_SUCCESS Nader
2026-04-17 10:17:18.743865 | AUTH_SUCCESS | Nader
2026-04-17 10:17:18,996 - INFO - AUTH_SUCCESS Nader
2026-04-17 10:17:18.997025 | AUTH_SUCCESS | Nader
2026-04-17 10:17:19,251 - INFO - AUTH_SUCCESS Nader
2026-04-17 10:17:19.251627 | AUTH_SUCCESS | Nader
2026-04-17 10:17:19,501 - INFO - AUTH_SUCCESS Nader
2026-04-17 10:17:19.502330 | AUTH_SUCCESS | Nader
2026-04-17 10:17:19,763 - INFO - AUTH_SUCCESS Nader
2026-04-17 10:17:19.763577 | AUTH_SUCCESS | Nader
2026-04-17 10:17:20,016 - INFO - AUTH_SUCCESS Nader
2026-04-17 10:17:20.016736 | AUTH_SUCCESS | Nader
2026-04-17 10:17:20,277 - INFO - AUTH_SUCCESS Nader
2026-04-17 10:17:20.277191 | AUTH_SUCCESS | Nader
2026-04-17 10:17:20,534 - INFO - AUTH_SUCCESS Nader
2026-04-17 10:17:20.535545 | AUTH_SUCCESS | Nader
2026-04-17 10:17:20,791 - INFO - AUTH_SUCCESS Nader
2026-04-17 10:17:20.791346 | AUTH_SUCCESS | Nader
2026-04-17 10:17:21,048 - INFO - AUTH_SUCCESS Nader
2026-04-17 10:17:21.048471 | AUTH_SUCCESS | Nader
2026-04-17 10:17:21,434 - INFO - AUTH_SUCCESS Nader
2026-04-17 10:17:21.435659 | AUTH_SUCCESS | Nader
2026-04-17 10:17:21,698 - INFO - AUTH_SUCCESS Nader
2026-04-17 10:17:21.699983 | AUTH_SUCCESS | Nader
2026-04-17 10:17:21,957 - INFO - AUTH_SUCCESS Nader
2026-04-17 10:17:21.957635 | AUTH_SUCCESS | Nader
2026-04-17 10:17:22,227 - INFO - AUTH_SUCCESS Nader
2026-04-17 10:17:22.228202 | AUTH_SUCCESS | Nader
2026-04-17 10:17:22,480 - INFO - AUTH_SUCCESS Nader
2026-04-17 10:17:22.480953 | AUTH_SUCCESS | Nader
2026-04-17 10:17:22,731 - INFO - AUTH_SUCCESS Nader
2026-04-17 10:17:22.732194 | AUTH_SUCCESS | Nader
2026-04-17 10:17:22,985 - INFO - AUTH_SUCCESS Nader
2026-04-17 10:17:22.986617 | AUTH_SUCCESS | Nader
2026-04-17 10:17:23,240 - INFO - AUTH_SUCCESS Nader
2026-04-17 10:17:23.240096 | AUTH_SUCCESS | Nader
2026-04-17 10:17:23,506 - INFO - AUTH_SUCCESS Nader
2026-04-17 10:17:23.506657 | AUTH_SUCCESS | Nader
2026-04-17 10:17:23,759 - INFO - AUTH_SUCCESS Nader
2026-04-17 10:17:23.760813 | AUTH_SUCCESS | Nader
2026-04-17 10:17:24,012 - INFO - AUTH_SUCCESS Nader
2026-04-17 10:17:24.012959 | AUTH_SUCCESS | Nader
2026-04-17 10:17:24,288 - INFO - AUTH_SUCCESS Nader
2026-04-17 10:17:24.288644 | AUTH_SUCCESS | Nader
2026-04-17 10:17:24,539 - INFO - AUTH_SUCCESS Nader
2026-04-17 10:17:24.539232 | AUTH_SUCCESS | Nader
2026-04-17 10:17:24,796 - INFO - AUTH_SUCCESS Nader
2026-04-17 10:17:24.797730 | AUTH_SUCCESS | Nader
2026-04-17 10:17:25,056 - INFO - AUTH_SUCCESS Nader
2026-04-17 10:17:25.057335 | AUTH_SUCCESS | Nader
2026-04-17 10:17:25,309 - INFO - AUTH_SUCCESS Nader
2026-04-17 10:17:25.309525 | AUTH_SUCCESS | Nader
2026-04-17 10:17:25,564 - INFO - AUTH_SUCCESS Nader
2026-04-17 10:17:25.565060 | AUTH_SUCCESS | Nader
2026-04-17 10:17:25,815 - INFO - AUTH_SUCCESS Nader
2026-04-17 10:17:25.816020 | AUTH_SUCCESS | Nader
2026-04-17 10:17:26,082 - INFO - AUTH_SUCCESS Nader
2026-04-17 10:17:26.082233 | AUTH_SUCCESS | Nader
2026-04-17 10:17:26,366 - INFO - AUTH_SUCCESS Nader
2026-04-17 10:17:26.367554 | AUTH_SUCCESS | Nader
2026-04-17 10:17:26,621 - INFO - AUTH_SUCCESS Nader
2026-04-17 10:17:26.622838 | AUTH_SUCCESS | Nader
2026-04-17 10:17:26,872 - INFO - AUTH_SUCCESS Nader
2026-04-17 10:17:26.872966 | AUTH_SUCCESS | Nader
2026-04-17 10:17:27,139 - INFO - AUTH_SUCCESS Nader
2026-04-17 10:17:27.139472 | AUTH_SUCCESS | Nader
2026-04-17 10:17:27,390 - INFO - AUTH_SUCCESS Nader
2026-04-17 10:17:27.390268 | AUTH_SUCCESS | Nader
2026-04-17 10:17:27,641 - INFO - AUTH_SUCCESS Nader
2026-04-17 10:17:27.642611 | AUTH_SUCCESS | Nader
2026-04-17 10:17:27,905 - INFO - AUTH_SUCCESS Nader
2026-04-17 10:17:27.906969 | AUTH_SUCCESS | Nader
2026-04-17 10:17:28,171 - INFO - AUTH_SUCCESS Nader
2026-04-17 10:17:28.171824 | AUTH_SUCCESS | Nader
2026-04-17 10:17:28,428 - INFO - AUTH_SUCCESS Nader
2026-04-17 10:17:28.428392 | AUTH_SUCCESS | Nader
2026-04-17 10:17:28,676 - INFO - AUTH_SUCCESS Nader
2026-04-17 10:17:28.676517 | AUTH_SUCCESS | Nader
2026-04-17 10:17:28,926 - INFO - AUTH_SUCCESS Nader
2026-04-17 10:17:28.927725 | AUTH_SUCCESS | Nader
2026-04-17 10:17:29,187 - INFO - AUTH_SUCCESS Nader
2026-04-17 10:17:29.187287 | AUTH_SUCCESS | Nader
2026-04-17 10:17:29,440 - INFO - AUTH_SUCCESS Nader
2026-04-17 10:17:29.440757 | AUTH_SUCCESS | Nader
2026-04-17 10:17:29,691 - INFO - AUTH_SUCCESS Nader
2026-04-17 10:17:29.692098 | AUTH_SUCCESS | Nader
2026-04-17 10:17:29,943 - INFO - AUTH_SUCCESS Nader
2026-04-17 10:17:29.943013 | AUTH_SUCCESS | Nader
2026-04-17 10:17:30,206 - INFO - AUTH_SUCCESS Nader
2026-04-17 10:17:30.206784 | AUTH_SUCCESS | Nader
2026-04-17 10:17:30,457 - INFO - AUTH_SUCCESS Nader
2026-04-17 10:17:30.458551 | AUTH_SUCCESS | Nader
2026-04-17 10:17:30,710 - INFO - AUTH_SUCCESS Nader
2026-04-17 10:17:30.711520 | AUTH_SUCCESS | Nader
2026-04-17 10:17:30,987 - INFO - AUTH_SUCCESS Nader
2026-04-17 10:17:30.987066 | AUTH_SUCCESS | Nader
2026-04-17 10:17:31,246 - INFO - AUTH_SUCCESS Nader
2026-04-17 10:17:31.246875 | AUTH_SUCCESS | Nader
2026-04-17 10:17:31,516 - INFO - AUTH_SUCCESS Nader
2026-04-17 10:17:31.516822 | AUTH_SUCCESS | Nader
2026-04-17 10:17:31,767 - INFO - AUTH_SUCCESS Nader
2026-04-17 10:17:31.768838 | AUTH_SUCCESS | Nader
2026-04-17 10:17:32,024 - INFO - AUTH_SUCCESS Nader
2026-04-17 10:17:32.025498 | AUTH_SUCCESS | Nader
2026-04-17 10:17:32,268 - INFO - AUTH_SUCCESS Nader
2026-04-17 10:17:32.268053 | AUTH_SUCCESS | Nader
2026-04-17 10:17:32,523 - INFO - AUTH_SUCCESS Nader
2026-04-17 10:17:32.523376 | AUTH_SUCCESS | Nader
2026-04-17 10:17:32,774 - INFO - AUTH_SUCCESS Nader
2026-04-17 10:17:32.775591 | AUTH_SUCCESS | Nader
2026-04-17 10:17:33,048 - INFO - AUTH_SUCCESS Nader
2026-04-17 10:17:33.049753 | AUTH_SUCCESS | Nader
2026-04-17 10:17:33,298 - INFO - AUTH_SUCCESS Nader
2026-04-17 10:17:33.299674 | AUTH_SUCCESS | Nader
2026-04-17 10:17:33.305663 | EXPORT_PDF | Nader
2026-04-17 10:17:33,611 - INFO - AUTH_SUCCESS Nader
2026-04-17 10:17:33.612856 | AUTH_SUCCESS | Nader
2026-04-17 10:17:33,860 - INFO - AUTH_SUCCESS Nader
2026-04-17 10:17:33.861588 | AUTH_SUCCESS | Nader
2026-04-17 10:17:34,123 - INFO - AUTH_SUCCESS Nader
2026-04-17 10:17:34.123159 | AUTH_SUCCESS | Nader
2026-04-17 10:17:34,383 - INFO - AUTH_SUCCESS Nader
2026-04-17 10:17:34.384470 | AUTH_SUCCESS | Nader
2026-04-17 10:17:34,630 - INFO - AUTH_SUCCESS Nader
2026-04-17 10:17:34.631679 | AUTH_SUCCESS | Nader
2026-04-17 10:17:34,882 - INFO - AUTH_SUCCESS Nader
2026-04-17 10:17:34.884245 | AUTH_SUCCESS | Nader
2026-04-17 10:17:35,148 - INFO - AUTH_SUCCESS Nader
2026-04-17 10:17:35.148207 | AUTH_SUCCESS | Nader
2026-04-17 10:17:35,401 - INFO - AUTH_SUCCESS Nader
2026-04-17 10:17:35.401412 | AUTH_SUCCESS | Nader
2026-04-17 10:17:35,650 - INFO - AUTH_SUCCESS Nader
2026-04-17 10:17:35.655946 | AUTH_SUCCESS | Nader
2026-04-17 10:17:35,907 - INFO - AUTH_SUCCESS Nader
2026-04-17 10:17:35.907164 | AUTH_SUCCESS | Nader
2026-04-17 10:17:36,205 - INFO - AUTH_SUCCESS Nader
2026-04-17 10:17:36.205210 | AUTH_SUCCESS | Nader
2026-04-17 10:17:36,457 - INFO - AUTH_SUCCESS Nader
2026-04-17 10:17:36.458216 | AUTH_SUCCESS | Nader
2026-04-17 10:17:36,708 - INFO - AUTH_SUCCESS Nader
2026-04-17 10:17:36.708363 | AUTH_SUCCESS | Nader
2026-04-17 10:17:36,994 - INFO - AUTH_SUCCESS Nader
2026-04-17 10:17:36.995970 | AUTH_SUCCESS | Nader
2026-04-17 10:17:37,281 - INFO - AUTH_SUCCESS Nader
2026-04-17 10:17:37.282161 | AUTH_SUCCESS | Nader
2026-04-17 10:17:37,532 - INFO - AUTH_SUCCESS Nader
2026-04-17 10:17:37.533948 | AUTH_SUCCESS | Nader
2026-04-17 10:17:37,790 - INFO - AUTH_SUCCESS Nader
2026-04-17 10:17:37.790716 | AUTH_SUCCESS | Nader
2026-04-17 10:17:38,042 - INFO - AUTH_SUCCESS Nader
2026-04-17 10:17:38.042522 | AUTH_SUCCESS | Nader
2026-04-17 10:17:38,320 - INFO - AUTH_SUCCESS Nader
2026-04-17 10:17:38.322131 | AUTH_SUCCESS | Nader
2026-04-17 10:17:38,575 - INFO - AUTH_SUCCESS Nader
2026-04-17 10:17:38.576606 | AUTH_SUCCESS | Nader
2026-04-17 10:17:38,835 - INFO - AUTH_SUCCESS Nader
2026-04-17 10:17:38.836555 | AUTH_SUCCESS | Nader
2026-04-17 10:17:39,095 - INFO - AUTH_SUCCESS Nader
2026-04-17 10:17:39.095737 | AUTH_SUCCESS | Nader
2026-04-17 10:17:39,384 - INFO - AUTH_SUCCESS Nader
2026-04-17 10:17:39.385782 | AUTH_SUCCESS | Nader
2026-04-17 10:17:39,632 - INFO - AUTH_SUCCESS Nader
2026-04-17 10:17:39.632261 | AUTH_SUCCESS | Nader
2026-04-17 10:17:39,884 - INFO - AUTH_SUCCESS Nader
2026-04-17 10:17:39.884562 | AUTH_SUCCESS | Nader
2026-04-17 10:17:40,144 - INFO - AUTH_SUCCESS Nader
2026-04-17 10:17:40.144571 | AUTH_SUCCESS | Nader
2026-04-17 10:17:40,397 - INFO - AUTH_SUCCESS Nader
2026-04-17 10:17:40.397639 | AUTH_SUCCESS | Nader
2026-04-17 10:17:40,648 - INFO - AUTH_SUCCESS Nader
2026-04-17 10:17:40.648242 | AUTH_SUCCESS | Nader
2026-04-17 10:17:40,909 - INFO - AUTH_SUCCESS Nader
2026-04-17 10:17:40.909056 | AUTH_SUCCESS | Nader
2026-04-17 10:17:41,164 - INFO - AUTH_SUCCESS Nader
2026-04-17 10:17:41.164238 | AUTH_SUCCESS | Nader
2026-04-17 10:17:41,444 - INFO - AUTH_SUCCESS Nader
2026-04-17 10:17:41.444269 | AUTH_SUCCESS | Nader
2026-04-17 10:17:41,692 - INFO - AUTH_SUCCESS Nader
2026-04-17 10:17:41.693900 | AUTH_SUCCESS | Nader
2026-04-17 10:17:41,952 - INFO - AUTH_SUCCESS Nader
2026-04-17 10:17:41.952490 | AUTH_SUCCESS | Nader
2026-04-17 10:17:42,218 - INFO - AUTH_SUCCESS Nader
2026-04-17 10:17:42.218500 | AUTH_SUCCESS | Nader
2026-04-17 10:17:42,473 - INFO - AUTH_SUCCESS Nader
2026-04-17 10:17:42.475381 | AUTH_SUCCESS | Nader
2026-04-17 10:17:42,723 - INFO - AUTH_SUCCESS Nader
2026-04-17 10:17:42.723396 | AUTH_SUCCESS | Nader
